aisle_a,aisle_b,pair_orders,support,lift
fresh vegetables,vitamins supplements,20385,0.0061,1.1
cookies cakes,fresh dips tapenades,25412,0.0076,1.31
fresh dips tapenades,yogurt,123453,0.0369,1.43
fresh herbs,frozen breads doughs,5758,0.0017,1.51
canned jarred vegetables,nuts seeds dried fruit,26257,0.0078,1.32
buns rolls,canned fruit applesauce,6143,0.0018,2.32
fruit vegetable snacks,oils vinegars,11487,0.0034,1.1
condiments,frozen vegan vegetarian,9421,0.0028,1.92
breakfast bars pastries,spreads,7771,0.0023,1.61
baking ingredients,candy chocolate,22915,0.0068,1.29
cookies cakes,tofu meat alternatives,6054,0.0018,0.93
frozen appetizers sides,water seltzer sparkling water,36641,0.011,1.1
breakfast bakery,hot dogs bacon sausage,33981,0.0102,1.76
cream,frozen breakfast,23805,0.0071,1.26
crackers,prepared meals,15658,0.0047,1.49
dry pasta,oils vinegars,26995,0.0081,1.68
fresh dips tapenades,frozen vegan vegetarian,14914,0.0045,1.85
honeys syrups nectars,soft drinks,6707,0.002,1.14
dry pasta,packaged vegetables fruits,122433,0.0366,1.41
cream,frozen pizza,14812,0.0044,1.12
doughs gelatins bake mixes,fruit vegetable snacks,7385,0.0022,1.72
canned fruit applesauce,dry pasta,11705,0.0035,2.04
packaged cheese,packaged vegetables fruits,380882,0.1138,1.35
canned meat seafood,pasta sauce,6495,0.0019,1.63
canned jarred vegetables,preserved dips spreads,14532,0.0043,1.84
chips pretzels,dog food care,6673,0.002,1.47
dry pasta,latino foods,9922,0.003,1.97
fresh dips tapenades,nuts seeds dried fruit,38793,0.0116,1.47
crackers,fresh herbs,36077,0.0108,1.0
juice nectars,spices seasonings,19005,0.0057,1.21
baby food formula,missing,5045,0.0015,1.66
cream,granola,11900,0.0036,1.39
fresh fruits,granola,68017,0.0203,1.3
asian foods,soy lactosefree,36647,0.011,1.5
granola,nuts seeds dried fruit,13565,0.0041,1.8
butter,canned jarred vegetables,29910,0.0089,1.62
baby food formula,fresh fruits,113594,0.0339,1.33
poultry counter,tea,6764,0.002,0.93
canned meals beans,pickled goods olives,16285,0.0049,2.18
asian foods,spreads,16466,0.0049,1.47
bulk dried fruits vegetables,fresh vegetables,8939,0.0027,1.12
doughs gelatins bake mixes,refrigerated,17781,0.0053,1.42
granola,oils vinegars,7361,0.0022,1.16
buns rolls,spreads,11387,0.0034,1.34
other,packaged cheese,9527,0.0028,1.13
cookies cakes,trail mix snack mix,5479,0.0016,2.6
coffee,salad dressing toppings,6951,0.0021,1.37
frozen produce,tofu meat alternatives,25812,0.0077,1.9
doughs gelatins bake mixes,yogurt,30937,0.0092,1.26
grains rice dried goods,tortillas flat bread,13802,0.0041,1.79
butter,soft drinks,23011,0.0069,1.06
canned meals beans,popcorn jerky,12229,0.0037,1.15
digestion,milk,6297,0.0019,0.98
canned fruit applesauce,doughs gelatins bake mixes,6320,0.0019,2.78
fresh herbs,packaged meat,5617,0.0017,1.72
bread,preserved dips spreads,24914,0.0074,1.42
buns rolls,preserved dips spreads,6262,0.0019,1.8
prepared soups salads,soy lactosefree,12702,0.0038,1.14
frozen pizza,instant foods,20662,0.0062,2.75
bread,cat food care,7297,0.0022,1.23
asian foods,frozen appetizers sides,11624,0.0035,1.55
frozen breads doughs,soup broth bouillon,5325,0.0016,1.57
chips pretzels,salad dressing toppings,24049,0.0072,1.58
dish detergents,spices seasonings,7050,0.0021,1.47
butter,meat counter,9490,0.0028,1.76
oral hygiene,soft drinks,7441,0.0022,1.47
milk,preserved dips spreads,29627,0.0089,1.14
bread,energy granola bars,64952,0.0194,1.37
soy lactosefree,tortillas flat bread,42513,0.0127,1.33
crackers,yogurt,143418,0.0429,1.42
baking ingredients,packaged produce,11771,0.0035,0.73
frozen breads doughs,packaged vegetables fruits,20736,0.0062,1.39
fresh fruits,hot dogs bacon sausage,182861,0.0546,1.17
asian foods,grains rice dried goods,13336,0.004,2.26
chips pretzels,oils vinegars,40851,0.0122,1.07
packaged produce,refrigerated,18475,0.0055,0.66
meat counter,soup broth bouillon,11119,0.0033,1.85
dish detergents,other creams cheeses,10753,0.0032,1.36
fresh dips tapenades,marinades meat preparation,7437,0.0022,1.24
packaged poultry,spreads,11810,0.0035,1.26
fresh fruits,tortillas flat bread,131445,0.0393,1.25
packaged vegetables fruits,pasta sauce,109484,0.0327,1.43
crackers,pasta sauce,36015,0.0108,1.51
paper goods,water seltzer sparkling water,58267,0.0174,1.44
body lotions soap,chips pretzels,8496,0.0025,1.35
coffee,specialty cheeses,5350,0.0016,1.19
canned meat seafood,frozen meals,7024,0.0021,1.47
buns rolls,frozen meat seafood,5711,0.0017,2.45
fresh fruits,water seltzer sparkling water,368883,0.1102,1.03
breakfast bakery,packaged produce,11939,0.0036,0.83
butter,soy lactosefree,47238,0.0141,1.11
asian foods,soup broth bouillon,24508,0.0073,2.04
lunch meat,water seltzer sparkling water,76178,0.0228,1.14
packaged cheese,tortillas flat bread,82922,0.0248,1.91
other creams cheeses,tea,19844,0.0059,1.21
instant foods,pasta sauce,25566,0.0076,2.37
buns rolls,frozen produce,17057,0.0051,1.27
frozen meat seafood,soft drinks,7679,0.0023,1.24
other,packaged vegetables fruits,14608,0.0044,1.08
packaged cheese,seafood counter,9027,0.0027,1.29
canned meat seafood,fresh fruits,39838,0.0119,1.11
chips pretzels,frozen breakfast,58453,0.0175,1.69
cookies cakes,frozen produce,26280,0.0079,1.08
food storage,laundry,5064,0.0015,3.46
juice nectars,spreads,30660,0.0092,1.31
frozen breakfast,soup broth bouillon,26070,0.0078,1.52
doughs gelatins bake mixes,popcorn jerky,6346,0.0019,1.49
soy lactosefree,trail mix snack mix,5715,0.0017,0.95
candy chocolate,frozen produce,29766,0.0089,1.04
butter,canned fruit applesauce,10547,0.0032,1.73
prepared meals,tea,6510,0.0019,1.26
butter,tea,15899,0.0048,1.13
cream,frozen vegan vegetarian,6733,0.002,0.9
oils vinegars,water seltzer sparkling water,45626,0.0136,1.05
baking ingredients,oils vinegars,37114,0.0111,2.13
frozen vegan vegetarian,soup broth bouillon,11865,0.0035,1.73
energy granola bars,marinades meat preparation,5752,0.0017,1.09
chips pretzels,spreads,61682,0.0184,1.41
packaged vegetables fruits,tofu meat alternatives,60699,0.0181,1.5
prepared soups salads,refrigerated,13320,0.004,1.52
doughs gelatins bake mixes,pasta sauce,12539,0.0037,2.16
doughs gelatins bake mixes,frozen produce,16801,0.005,1.46
breakfast bars pastries,fresh dips tapenades,7482,0.0022,1.23
cereal,packaged produce,19716,0.0059,1.02
fresh herbs,packaged poultry,18163,0.0054,1.62
frozen meat seafood,packaged produce,7518,0.0022,1.68
energy granola bars,spreads,37693,0.0113,1.67
cream,doughs gelatins bake mixes,13277,0.004,1.55
packaged poultry,poultry counter,8239,0.0025,1.78
frozen appetizers sides,tortillas flat bread,16883,0.005,1.72
breakfast bakery,paper goods,20643,0.0062,1.42
doughs gelatins bake mixes,instant foods,14013,0.0042,2.89
marinades meat preparation,soft drinks,7805,0.0023,1.47
cereal,packaged cheese,101576,0.0304,1.42
fresh fruits,spreads,178484,0.0533,1.23
bread,soup broth bouillon,64795,0.0194,1.42
baking ingredients,hot dogs bacon sausage,29837,0.0089,1.38
refrigerated pudding desserts,soy lactosefree,6639,0.002,1.17
breakfast bakery,pickled goods olives,10201,0.003,1.39
cereal,paper goods,30513,0.0091,1.55
juice nectars,packaged vegetables fruits,127721,0.0382,1.16
chips pretzels,ice cream ice,94496,0.0282,1.53
canned fruit applesauce,fruit vegetable snacks,11932,0.0036,3.18
buns rolls,poultry counter,6451,0.0019,1.53
crackers,paper goods,34616,0.0103,1.42
packaged cheese,popcorn jerky,47705,0.0143,1.36
baby food formula,nuts seeds dried fruit,17702,0.0053,1.43
bread,trash bags liners,6780,0.002,1.28
instant foods,paper goods,18103,0.0054,1.65
dry pasta,instant foods,28189,0.0084,2.3
condiments,meat counter,6637,0.002,1.54
butter,cereal,31115,0.0093,1.34
packaged vegetables fruits,seafood counter,17310,0.0052,1.55
soft drinks,tortillas flat bread,17706,0.0053,1.08
candy chocolate,packaged poultry,6900,0.0021,0.83
crackers,frozen produce,61684,0.0184,1.3
cream,hot dogs bacon sausage,34856,0.0104,1.35
canned fruit applesauce,frozen breakfast,13770,0.0041,2.75
food storage,ice cream ice,8583,0.0026,1.33
ice cream ice,tea,25817,0.0077,1.24
canned meat seafood,fresh herbs,9058,0.0027,1.51
fresh fruits,packaged vegetables fruits,906577,0.2709,1.32
juice nectars,preserved dips spreads,12755,0.0038,1.33
fresh dips tapenades,tea,24360,0.0073,1.31
oils vinegars,yogurt,66426,0.0199,1.11
granola,water seltzer sparkling water,22236,0.0066,1.24
grains rice dried goods,juice nectars,15770,0.0047,1.29
fresh fruits,seafood counter,23178,0.0069,1.37
canned meat seafood,frozen produce,12092,0.0036,1.53
baking ingredients,packaged poultry,11652,0.0035,1.26
pasta sauce,soft drinks,19528,0.0058,1.08
preserved dips spreads,soy lactosefree,23026,0.0069,1.27
nuts seeds dried fruit,spreads,35019,0.0105,1.67
canned meat seafood,eggs,14175,0.0042,1.61
cereal,pickled goods olives,12379,0.0037,1.25
breakfast bars pastries,hot dogs bacon sausage,8093,0.0024,1.56
candy chocolate,paper goods,19305,0.0058,1.31
canned meals beans,cleaning products,7577,0.0023,1.17
fresh fruits,grains rice dried goods,96671,0.0289,1.27
soap,soy lactosefree,14653,0.0044,1.51
frozen produce,grains rice dried goods,30681,0.0092,1.82
bread,dish detergents,20804,0.0062,1.39
frozen pizza,hot dogs bacon sausage,23222,0.0069,1.9
fresh dips tapenades,frozen appetizers sides,24776,0.0074,1.45
asian foods,instant foods,12980,0.0039,1.74
cereal,dry pasta,37277,0.0111,1.7
juice nectars,oils vinegars,25347,0.0076,1.24
coffee,condiments,13892,0.0042,1.24
hot dogs bacon sausage,nuts seeds dried fruit,27415,0.0082,1.21
cream,tofu meat alternatives,8967,0.0027,0.89
cereal,specialty cheeses,8791,0.0026,1.17
eggs,paper goods,36234,0.0108,1.24
eggs,ice cream ice,58702,0.0175,1.16
frozen appetizers sides,tea,11071,0.0033,1.13
cleaning products,frozen produce,11748,0.0035,1.03
granola,juice nectars,11287,0.0034,1.34
cereal,frozen pizza,25000,0.0075,1.86
eggs,prepared soups salads,11698,0.0035,1.3
breakfast bars pastries,ice cream ice,10232,0.0031,1.5
prepared soups salads,tea,5174,0.0015,1.39
other creams cheeses,pickled goods olives,16965,0.0051,1.83
frozen breakfast,lunch meat,41704,0.0125,1.94
bread,marinades meat preparation,14374,0.0043,1.43
baking supplies decor,yogurt,5357,0.0016,0.94
crackers,spices seasonings,22656,0.0068,1.13
asian foods,canned fruit applesauce,5426,0.0016,1.55
popcorn jerky,tea,12630,0.0038,1.47
bread,packaged meat,7875,0.0024,1.38
salad dressing toppings,soy lactosefree,17795,0.0053,1.15
bread,diapers wipes,5218,0.0016,1.38
crackers,spreads,51026,0.0152,1.7
butter,preserved dips spreads,10909,0.0033,1.36
grains rice dried goods,paper goods,10150,0.003,1.17
bakery desserts,packaged vegetables fruits,12933,0.0039,1.03
laundry,soup broth bouillon,8483,0.0025,1.21
butter,frozen breakfast,23514,0.007,1.53
soup broth bouillon,tea,19808,0.0059,1.26
baking ingredients,oral hygiene,6014,0.0018,1.34
fruit vegetable snacks,grains rice dried goods,8163,0.0024,1.3
canned meals beans,prepared soups salads,5663,0.0017,1.23
popcorn jerky,spices seasonings,7756,0.0023,0.97
condiments,fresh herbs,32379,0.0097,1.73
cereal,grains rice dried goods,17282,0.0052,1.37
energy sports drinks,refrigerated,16246,0.0049,1.5
frozen breakfast,marinades meat preparation,6287,0.0019,1.67
baking ingredients,missing,7185,0.0021,1.41
fresh herbs,yogurt,98555,0.0295,1.2
butter,cleaning products,8564,0.0026,1.24
dry pasta,energy granola bars,27427,0.0082,1.34
dry pasta,energy sports drinks,5995,0.0018,1.04
frozen produce,lunch meat,57024,0.017,1.33
candy chocolate,juice nectars,26244,0.0078,1.26
buns rolls,other creams cheeses,16050,0.0048,1.7
baby food formula,tea,8496,0.0025,0.98
grains rice dried goods,hot dogs bacon sausage,15866,0.0047,1.38
canned fruit applesauce,fresh herbs,7669,0.0023,1.01
bakery desserts,fresh fruits,18859,0.0056,0.99
fresh fruits,muscles joints pain relief,8237,0.0025,0.79
fruit vegetable snacks,salad dressing toppings,5157,0.0015,1.23
canned jarred vegetables,condiments,26832,0.008,1.82
milk,paper goods,53229,0.0159,1.03
oils vinegars,pickled goods olives,12999,0.0039,1.79
dry pasta,salad dressing toppings,11301,0.0034,1.76
baby food formula,soy lactosefree,34473,0.0103,1.32
canned meat seafood,cereal,8520,0.0025,1.43
body lotions soap,paper goods,11161,0.0033,4.71
frozen vegan vegetarian,other creams cheeses,10109,0.003,1.42
canned meals beans,other creams cheeses,37251,0.0111,1.84
fresh herbs,spices seasonings,43784,0.0131,2.68
honeys syrups nectars,hot cereal pancake mixes,7719,0.0023,2.53
cleaning products,food storage,6245,0.0019,3.86
other creams cheeses,spreads,33134,0.0099,1.47
asian foods,pickled goods olives,9222,0.0028,2.0
condiments,energy sports drinks,5961,0.0018,1.23
frozen breakfast,packaged cheese,76882,0.023,1.62
instant foods,tortillas flat bread,19325,0.0058,1.98
cream,lunch meat,43183,0.0129,1.35
dish detergents,soup broth bouillon,10484,0.0031,1.37
spreads,tea,19771,0.0059,1.34
frozen meals,fruit vegetable snacks,17842,0.0053,1.56
hot cereal pancake mixes,refrigerated,26696,0.008,1.32
cream,prepared meals,9262,0.0028,1.11
hot cereal pancake mixes,popcorn jerky,9504,0.0028,1.38
cereal,pasta sauce,30797,0.0092,1.6
hot dogs bacon sausage,ice cream ice,43690,0.0131,1.41
pickled goods olives,water seltzer sparkling water,23563,0.007,1.15
baking ingredients,frozen breakfast,19250,0.0058,1.22
canned meals beans,canned meat seafood,8582,0.0026,1.92
canned meals beans,juice nectars,26345,0.0079,1.26
frozen appetizers sides,marinades meat preparation,6957,0.0021,2.19
frozen appetizers sides,paper goods,14413,0.0043,1.31
fresh dips tapenades,frozen meat seafood,9039,0.0027,1.29
fresh fruits,yogurt,628911,0.188,1.28
frozen produce,poultry counter,25202,0.0075,1.58
bread,frozen vegan vegetarian,19207,0.0057,1.43
bread,juice nectars,66907,0.02,1.36
cleaning products,ice cream ice,13281,0.004,1.3
breakfast bakery,breakfast bars pastries,9823,0.0029,2.31
canned meat seafood,coffee,5049,0.0015,1.41
butter,packaged produce,13859,0.0041,0.89
canned fruit applesauce,canned jarred vegetables,9687,0.0029,1.62
refrigerated,tofu meat alternatives,17671,0.0053,1.2
canned meals beans,prepared meals,8239,0.0025,1.29
tortillas flat bread,water seltzer sparkling water,37633,0.0112,1.04
bread,packaged poultry,24664,0.0074,1.25
frozen pizza,tea,9981,0.003,1.22
meat counter,spices seasonings,6997,0.0021,1.86
lunch meat,spreads,39740,0.0119,1.46
marinades meat preparation,nuts seeds dried fruit,5839,0.0017,1.19
paper goods,pickled goods olives,9339,0.0028,1.38
trash bags liners,water seltzer sparkling water,8611,0.0026,1.4
baking ingredients,soy lactosefree,59061,0.0177,1.36
frozen produce,soy lactosefree,110757,0.0331,1.58
packaged poultry,pasta sauce,15523,0.0046,2.08
bread,fresh dips tapenades,76740,0.0229,1.43
popcorn jerky,water seltzer sparkling water,40600,0.0121,1.39
asian foods,frozen pizza,8392,0.0025,1.34
digestion,water seltzer sparkling water,6105,0.0018,1.21
breakfast bakery,preserved dips spreads,11033,0.0033,1.5
popcorn jerky,poultry counter,6243,0.0019,1.06
bakery desserts,packaged cheese,8572,0.0026,1.09
fresh fruits,fresh vegetables,1064513,0.3181,1.29
nuts seeds dried fruit,soft drinks,25486,0.0076,1.09
cookies cakes,oils vinegars,13025,0.0039,0.97
cookies cakes,cream,23766,0.0071,1.31
frozen meat seafood,milk,21843,0.0065,1.25
dish detergents,frozen pizza,5880,0.0018,1.48
breakfast bars pastries,chips pretzels,20699,0.0062,2.0
baby food formula,poultry counter,8461,0.0025,1.43
asian foods,candy chocolate,12757,0.0038,1.27
breakfast bars pastries,nuts seeds dried fruit,8336,0.0025,1.67
chips pretzels,popcorn jerky,51668,0.0154,2.02
cleaning products,eggs,14443,0.0043,1.13
cream,frozen meals,24959,0.0075,1.1
canned meat seafood,oils vinegars,7584,0.0023,1.74
baby food formula,popcorn jerky,8670,0.0026,1.24
fresh fruits,mint gum,8050,0.0024,0.75
fresh herbs,oral hygiene,5015,0.0015,0.92
cookies cakes,lunch meat,30315,0.0091,1.47
candy chocolate,oils vinegars,16642,0.005,1.06
protein meal replacements,water seltzer sparkling water,8367,0.0025,1.28
hair care,packaged vegetables fruits,9553,0.0029,0.98
butter,paper goods,20011,0.006,1.26
condiments,nuts seeds dried fruit,22005,0.0066,1.36
grains rice dried goods,oils vinegars,18778,0.0056,2.03
breakfast bakery,frozen appetizers sides,21446,0.0064,1.8
frozen meals,soap,5729,0.0017,1.35
grains rice dried goods,yogurt,49056,0.0147,1.37
coffee,packaged cheese,52332,0.0156,1.22
energy sports drinks,frozen meals,10933,0.0033,1.81
other creams cheeses,soap,5842,0.0017,1.18
granola,paper goods,6751,0.002,1.14
baking ingredients,canned fruit applesauce,9684,0.0029,1.55
milk,packaged meat,10657,0.0032,1.25
canned fruit applesauce,frozen meals,10858,0.0032,1.8
frozen breakfast,popcorn jerky,15763,0.0047,1.68
candy chocolate,doughs gelatins bake mixes,8749,0.0026,1.35
breakfast bakery,tofu meat alternatives,9101,0.0027,1.2
coffee,dry pasta,15092,0.0045,1.14
cookies cakes,pickled goods olives,7436,0.0022,1.18
dish detergents,grains rice dried goods,5751,0.0017,1.54
hot cereal pancake mixes,tortillas flat bread,13921,0.0042,1.63
frozen produce,protein meal replacements,7086,0.0021,1.69
soup broth bouillon,tofu meat alternatives,16030,0.0048,1.74
laundry,milk,21652,0.0065,1.06
fresh vegetables,other,17276,0.0052,1.06
fresh fruits,salad dressing toppings,56233,0.0168,1.11
frozen produce,instant foods,34133,0.0102,1.6
dish detergents,frozen appetizers sides,6984,0.0021,1.47
coffee,other creams cheeses,21246,0.0063,1.31
fresh fruits,nuts seeds dried fruit,183814,0.0549,1.22
food storage,juice nectars,7296,0.0022,1.39
packaged cheese,salad dressing toppings,36541,0.0109,1.75
preserved dips spreads,spreads,13122,0.0039,1.58
bulk dried fruits vegetables,packaged vegetables fruits,8468,0.0025,1.28
asian foods,packaged poultry,7692,0.0023,1.49
doughs gelatins bake mixes,paper goods,8740,0.0026,1.48
cleaning products,cookies cakes,8422,0.0025,1.54
asian foods,fruit vegetable snacks,11737,0.0035,1.77
packaged vegetables fruits,yogurt,428075,0.1279,1.32
butter,latino foods,7886,0.0024,1.48
bread,coffee,42588,0.0127,1.39
eggs,energy sports drinks,11117,0.0033,1.0
chips pretzels,granola,25542,0.0076,1.63
candy chocolate,canned jarred vegetables,16114,0.0048,0.94
bread,refrigerated pudding desserts,8728,0.0026,1.59
fresh dips tapenades,fresh herbs,38862,0.0116,1.26
coffee,hot cereal pancake mixes,11471,0.0034,1.36
packaged cheese,water seltzer sparkling water,159884,0.0478,1.09
cereal,dish detergents,13266,0.004,1.56
chips pretzels,hot cereal pancake mixes,34369,0.0103,1.36
packaged cheese,specialty cheeses,33584,0.01,1.81
honeys syrups nectars,nuts seeds dried fruit,9344,0.0028,1.72
cat food care,soft drinks,6804,0.002,2.16
asian foods,frozen breakfast,12185,0.0036,1.37
bread,nuts seeds dried fruit,54750,0.0164,1.24
buns rolls,tea,6936,0.0021,1.13
fresh herbs,latino foods,14174,0.0042,2.13
baby food formula,chips pretzels,33148,0.0099,1.29
food storage,tortillas flat bread,5009,0.0015,1.52
bread,cereal,84488,0.0252,1.66
fresh fruits,oils vinegars,145978,0.0436,1.15
instant foods,milk,62796,0.0188,1.49
canned jarred vegetables,fresh vegetables,187898,0.0562,1.71
butter,spreads,31001,0.0093,1.59
nuts seeds dried fruit,refrigerated,44637,0.0133,1.24
marinades meat preparation,salad dressing toppings,5297,0.0016,3.19
frozen pizza,paper goods,14842,0.0044,1.62
soy lactosefree,tofu meat alternatives,37055,0.0111,1.98
breakfast bakery,milk,81073,0.0242,1.45
body lotions soap,milk,8742,0.0026,0.96
paper goods,poultry counter,7717,0.0023,0.94
packaged produce,yogurt,42598,0.0127,0.77
canned fruit applesauce,packaged vegetables fruits,40072,0.012,1.34
candy chocolate,prepared meals,8099,0.0024,1.28
dog food care,yogurt,7332,0.0022,1.03
fresh vegetables,prepared soups salads,32910,0.0098,1.13
canned fruit applesauce,refrigerated,17225,0.0051,1.59
soft drinks,tea,24138,0.0072,1.47
fresh vegetables,poultry counter,96519,0.0288,1.68
canned meat seafood,lunch meat,10440,0.0031,1.56
crackers,doughs gelatins bake mixes,18746,0.0056,1.75
energy granola bars,frozen breads doughs,5722,0.0017,1.63
buns rolls,energy granola bars,11807,0.0035,1.25
canned meat seafood,spices seasonings,5789,0.0017,1.73
chips pretzels,milk,161977,0.0484,1.18
ice cream ice,other creams cheeses,44041,0.0132,1.38
fresh fruits,other,20738,0.0062,1.01
cookies cakes,pasta sauce,16752,0.005,1.36
asian foods,fresh fruits,93826,0.028,1.17
food storage,soft drinks,8849,0.0026,1.74
other creams cheeses,prepared meals,10637,0.0032,1.34
chips pretzels,marinades meat preparation,15360,0.0046,1.5
fresh fruits,fruit vegetable snacks,106154,0.0317,1.24
canned fruit applesauce,cereal,16239,0.0049,2.15
asian foods,condiments,19986,0.006,2.31
cream,soy lactosefree,62240,0.0186,1.2
condiments,frozen breakfast,17669,0.0053,1.43
other,water seltzer sparkling water,7775,0.0023,1.1
crackers,preserved dips spreads,20077,0.006,1.63
instant foods,water seltzer sparkling water,37425,0.0112,1.13
frozen meals,packaged cheese,81267,0.0243,1.42
oils vinegars,tortillas flat bread,18106,0.0054,1.41
frozen vegan vegetarian,paper goods,6631,0.002,1.28
granola,instant foods,6518,0.0019,1.34
cat food care,packaged vegetables fruits,10974,0.0033,0.82
chips pretzels,laundry,17333,0.0052,1.23
fresh herbs,soup broth bouillon,52673,0.0157,2.02
canned jarred vegetables,energy granola bars,22979,0.0069,1.08
cookies cakes,grains rice dried goods,8792,0.0026,1.09
fresh dips tapenades,frozen produce,57036,0.017,1.41
latino foods,packaged vegetables fruits,36759,0.011,1.41
other creams cheeses,refrigerated pudding desserts,5575,0.0017,1.93
marinades meat preparation,other creams cheeses,10421,0.0031,1.97
hot dogs bacon sausage,soap,5683,0.0017,1.18
crackers,meat counter,8445,0.0025,1.02
popcorn jerky,soy lactosefree,29894,0.0089,1.16
breakfast bakery,ice cream ice,36588,0.0109,1.45
soup broth bouillon,yogurt,91401,0.0273,1.24
dry pasta,prepared meals,8561,0.0026,1.32
baby food formula,tortillas flat bread,13120,0.0039,1.52
juice nectars,soap,7273,0.0022,1.42
baby food formula,cookies cakes,13236,0.004,1.46
cleaning products,condiments,8166,0.0024,1.47
dog food care,fresh vegetables,11594,0.0035,0.96
crackers,fresh pasta,7123,0.0021,1.74
frozen appetizers sides,preserved dips spreads,10512,0.0031,1.89
instant foods,laundry,6971,0.0021,1.6
oils vinegars,soap,6800,0.002,1.75
frozen appetizers sides,grains rice dried goods,10463,0.0031,1.48
fresh vegetables,prepared meals,47079,0.0141,1.16
fresh herbs,fruit vegetable snacks,14901,0.0045,1.03
candy chocolate,hot dogs bacon sausage,21324,0.0064,1.09
canned meat seafood,cream,7185,0.0021,1.22
fresh fruits,specialty cheeses,54945,0.0164,1.22
cleaning products,crackers,14370,0.0043,1.35
frozen vegan vegetarian,packaged vegetables fruits,40583,0.0121,1.35
fresh vegetables,spreads,136488,0.0408,1.18
frozen breakfast,hot cereal pancake mixes,16725,0.005,1.8
ice cream ice,prepared meals,14677,0.0044,1.46
packaged meat,yogurt,10451,0.0031,1.14
breakfast bakery,eggs,47640,0.0142,1.51
fresh vegetables,spices seasonings,121173,0.0362,1.56
granola,hot cereal pancake mixes,8330,0.0025,1.97
fresh fruits,vitamins supplements,25228,0.0075,1.08
crackers,salad dressing toppings,15670,0.0047,1.5
frozen produce,marinades meat preparation,11687,0.0035,1.55
doughs gelatins bake mixes,fresh fruits,56556,0.0169,1.09
instant foods,refrigerated,33392,0.01,1.44
chips pretzels,food storage,13505,0.004,1.38
fresh dips tapenades,laundry,7437,0.0022,0.9
packaged poultry,soft drinks,10676,0.0032,1.02
dish detergents,soy lactosefree,19267,0.0058,1.24
honeys syrups nectars,refrigerated,12406,0.0037,1.38
cream,nuts seeds dried fruit,30473,0.0091,1.23
mint gum,water seltzer sparkling water,5322,0.0016,1.45
preserved dips spreads,water seltzer sparkling water,23503,0.007,1.15
breakfast bakery,meat counter,5581,0.0017,1.13
ice cream ice,packaged vegetables fruits,147713,0.0441,1.09
breakfast bakery,candy chocolate,22026,0.0066,1.38
frozen appetizers sides,latino foods,7392,0.0022,2.0
condiments,salad dressing toppings,13431,0.004,2.47
bread,canned meat seafood,15741,0.0047,1.5
pickled goods olives,tofu meat alternatives,6760,0.002,1.92
fresh herbs,poultry counter,23928,0.0072,1.98
food storage,frozen breakfast,5201,0.0016,1.45
packaged vegetables fruits,tea,74563,0.0223,1.07
cereal,ice cream ice,49906,0.0149,1.46
grains rice dried goods,packaged produce,6181,0.0018,0.72
laundry,tea,5951,0.0018,1.26
butter,laundry,8220,0.0025,1.31
bread,butter,66672,0.0199,1.63
candy chocolate,frozen breakfast,16945,0.0051,1.19
fresh dips tapenades,poultry counter,17729,0.0053,1.4
nuts seeds dried fruit,soap,6754,0.002,1.46
dry pasta,frozen meals,25086,0.0075,1.43
fresh vegetables,frozen produce,261365,0.0781,1.43
fresh vegetables,trash bags liners,12767,0.0038,0.89
frozen produce,laundry,10841,0.0032,1.05
dry pasta,hot cereal pancake mixes,18586,0.0056,1.74
bread,honeys syrups nectars,15969,0.0048,1.44
nuts seeds dried fruit,paper goods,19947,0.006,1.17
pasta sauce,refrigerated,37087,0.0111,1.33
canned meat seafood,dry pasta,8478,0.0025,1.87
breakfast bakery,canned jarred vegetables,20194,0.006,1.19
baby food formula,hot dogs bacon sausage,19126,0.0057,1.48
cereal,oils vinegars,23361,0.007,1.11
cold flu allergy,fresh vegetables,6719,0.002,0.68
frozen meals,soy lactosefree,50921,0.0152,1.21
coffee,fruit vegetable snacks,11374,0.0034,1.32
food storage,fresh dips tapenades,5884,0.0018,1.03
fresh vegetables,milk,417753,0.1248,1.15
buns rolls,tortillas flat bread,11197,0.0033,1.82
milk,oral hygiene,14573,0.0044,1.02
packaged cheese,packaged produce,41649,0.0124,0.87
fresh herbs,honeys syrups nectars,9019,0.0027,1.43
frozen produce,paper goods,28728,0.0086,1.1
juice nectars,packaged produce,16450,0.0049,0.88
latino foods,soup broth bouillon,12848,0.0038,2.16
specialty cheeses,tortillas flat bread,7549,0.0023,1.66
instant foods,oral hygiene,5173,0.0015,1.71
ice cream ice,poultry counter,15231,0.0046,1.07
butter,food storage,6685,0.002,1.53
cereal,energy sports drinks,11325,0.0034,1.51
butter,oral hygiene,5455,0.0016,1.25
nuts seeds dried fruit,specialty cheeses,8884,0.0027,1.36
butter,prepared meals,8185,0.0024,1.2
packaged vegetables fruits,soy lactosefree,275470,0.0823,1.32
breakfast bars pastries,fresh fruits,35261,0.0105,1.02
frozen produce,latino foods,13869,0.0041,1.58
laundry,lunch meat,10457,0.0031,1.2
energy sports drinks,instant foods,7480,0.0022,1.78
baking supplies decor,fresh fruits,11223,0.0034,0.93
cereal,cleaning products,12949,0.0039,1.51
cleaning products,oral hygiene,6094,0.0018,3.77
granola,packaged vegetables fruits,46546,0.0139,1.35
cookies cakes,packaged poultry,7647,0.0023,1.08
spices seasonings,tea,11921,0.0036,1.21
frozen meals,hot cereal pancake mixes,16010,0.0048,1.43
crackers,fresh dips tapenades,69623,0.0208,1.85
coffee,hot dogs bacon sausage,20558,0.0061,1.31
canned meat seafood,water seltzer sparkling water,13745,0.0041,1.12
baby food formula,cream,14977,0.0045,1.07
frozen meals,marinades meat preparation,6453,0.0019,1.42
cereal,yogurt,123009,0.0368,1.51
frozen meals,laundry,7943,0.0024,1.28
crackers,frozen pizza,29691,0.0089,1.78
buns rolls,soft drinks,15573,0.0047,1.64
breakfast bakery,laundry,7919,0.0024,1.37
deodorants,fresh vegetables,5475,0.0016,0.84
fruit vegetable snacks,tofu meat alternatives,7046,0.0021,1.39
cereal,crackers,65809,0.0197,1.85
canned meat seafood,packaged cheese,20137,0.006,1.36
packaged cheese,pasta sauce,91691,0.0274,1.92
body lotions soap,water seltzer sparkling water,8988,0.0027,1.25
breakfast bakery,coffee,20551,0.0061,1.6
hot dogs bacon sausage,laundry,9809,0.0029,1.39
frozen produce,popcorn jerky,21099,0.0063,1.12
canned jarred vegetables,latino foods,16167,0.0048,3.08
canned meals beans,honeys syrups nectars,6965,0.0021,1.48
frozen breakfast,frozen produce,39758,0.0119,1.56
oils vinegars,other creams cheeses,25592,0.0076,1.3
frozen breakfast,packaged vegetables fruits,99451,0.0297,1.31
baking ingredients,frozen pizza,12132,0.0036,1.09
hot dogs bacon sausage,yogurt,94734,0.0283,1.28
packaged seafood,yogurt,7742,0.0023,1.37
lunch meat,milk,121273,0.0362,1.43
baby food formula,packaged vegetables fruits,76986,0.023,1.36
asian foods,water seltzer sparkling water,29278,0.0087,1.06
fresh herbs,milk,85405,0.0255,1.12
chips pretzels,plates bowls cups flatware,9592,0.0029,1.53
packaged seafood,packaged vegetables fruits,11534,0.0034,1.46
frozen breakfast,tofu meat alternatives,9689,0.0029,1.43
cream,latino foods,8319,0.0025,1.28
breakfast bars pastries,soft drinks,12117,0.0036,2.26
frozen meat seafood,frozen pizza,7664,0.0023,2.48
milk,packaged produce,44672,0.0134,0.88
fresh fruits,hot cereal pancake mixes,105702,0.0316,1.26
baking ingredients,packaged cheese,76075,0.0227,1.29
coffee,soft drinks,23813,0.0071,1.47
dog food care,ice cream ice,5069,0.0015,1.7
chips pretzels,fresh dips tapenades,117708,0.0352,2.14
instant foods,oils vinegars,14193,0.0042,1.21
frozen meals,prepared meals,13984,0.0042,2.06
buns rolls,frozen appetizers sides,15003,0.0045,2.65
bread,energy sports drinks,15175,0.0045,1.14
coffee,energy granola bars,24435,0.0073,1.51
crackers,fresh vegetables,189968,0.0568,1.11
canned meals beans,spreads,27617,0.0083,1.52
paper goods,spreads,21478,0.0064,1.3
chips pretzels,coffee,43772,0.0131,1.4
marinades meat preparation,paper goods,5886,0.0018,1.52
eggs,poultry counter,28840,0.0086,1.62
digestion,fresh fruits,14603,0.0044,1.0
frozen vegan vegetarian,soy lactosefree,26683,0.008,1.92
cookies cakes,eggs,28865,0.0086,1.06
frozen breakfast,meat counter,5966,0.0018,1.34
soft drinks,trash bags liners,5143,0.0015,1.84
oils vinegars,soft drinks,16362,0.0049,0.83
frozen produce,frozen vegan vegetarian,18184,0.0054,1.8
meat counter,packaged vegetables fruits,37574,0.0112,1.42
cream,milk,113912,0.034,1.53
candy chocolate,cookies cakes,29389,0.0088,2.14
hot dogs bacon sausage,instant foods,30282,0.009,2.07
cookies cakes,oral hygiene,5137,0.0015,1.49
specialty cheeses,tea,5180,0.0015,1.14
granola,ice cream ice,12739,0.0038,1.23
baby food formula,oils vinegars,11892,0.0036,1.14
coffee,instant foods,13665,0.0041,1.41
food storage,hot dogs bacon sausage,7527,0.0022,1.53
frozen pizza,other creams cheeses,19454,0.0058,1.55
nuts seeds dried fruit,packaged poultry,10975,0.0033,1.13
paper goods,popcorn jerky,12739,0.0038,1.32
packaged meat,water seltzer sparkling water,6731,0.002,1.01
cleaning products,coffee,8464,0.0025,1.64
asian foods,fresh herbs,27354,0.0082,2.03
baking ingredients,energy sports drinks,5694,0.0017,0.91
fresh fruits,frozen produce,299660,0.0896,1.3
condiments,preserved dips spreads,11863,0.0035,1.85
asian foods,canned meals beans,18510,0.0055,1.84
fresh fruits,more household,7915,0.0024,0.83
energy granola bars,grains rice dried goods,14491,0.0043,1.23
baking ingredients,yogurt,77472,0.0232,1.15
ice cream ice,salad dressing toppings,14717,0.0044,1.47
energy granola bars,food storage,6034,0.0018,1.19
asian foods,buns rolls,6223,0.0019,1.32
chips pretzels,water seltzer sparkling water,135001,0.0403,1.26
buns rolls,water seltzer sparkling water,21789,0.0065,1.04
grains rice dried goods,packaged cheese,45057,0.0135,1.44
candy chocolate,canned meals beans,17171,0.0051,1.06
salad dressing toppings,soft drinks,11556,0.0035,1.46
canned meals beans,milk,68078,0.0203,1.2
frozen vegan vegetarian,lunch meat,7991,0.0024,0.94
candy chocolate,tea,21960,0.0066,1.67
crackers,soup broth bouillon,46606,0.0139,1.45
hot dogs bacon sausage,juice nectars,36973,0.011,1.46
frozen meat seafood,soy lactosefree,14052,0.0042,1.16
trail mix snack mix,water seltzer sparkling water,8547,0.0026,1.25
cream,eggs,55611,0.0166,1.32
fresh herbs,instant foods,16748,0.005,1.03
bread,seafood counter,5770,0.0017,1.16
crackers,fresh fruits,252387,0.0754,1.18
candy chocolate,preserved dips spreads,9491,0.0028,1.28
food storage,milk,15201,0.0045,1.07
tofu meat alternatives,water seltzer sparkling water,20145,0.006,0.95
frozen vegan vegetarian,tea,5973,0.0018,1.29
condiments,paper goods,18194,0.0054,1.43
coffee,frozen breakfast,15615,0.0047,1.36
baking ingredients,fresh vegetables,146000,0.0436,1.28
prepared meals,prepared soups salads,6929,0.0021,3.86
cereal,fresh vegetables,145812,0.0436,1.06
buns rolls,yogurt,35700,0.0107,1.24
milk,prepared meals,28475,0.0085,1.28
canned meals beans,food storage,5564,0.0017,1.36
cream,prepared soups salads,6823,0.002,1.13
salad dressing toppings,spices seasonings,8316,0.0025,1.75
baby food formula,packaged cheese,57710,0.0172,1.64
grains rice dried goods,pasta sauce,16270,0.0049,1.92
chips pretzels,other,7677,0.0023,1.24
canned jarred vegetables,frozen meat seafood,6727,0.002,1.28
frozen meat seafood,frozen produce,14332,0.0043,1.63
paper goods,soup broth bouillon,23484,0.007,1.33
fresh dips tapenades,missing,8677,0.0026,1.33
other creams cheeses,poultry counter,16039,0.0048,1.43
food storage,oils vinegars,7014,0.0021,1.77
other creams cheeses,prepared soups salads,7990,0.0024,1.4
fruit vegetable snacks,packaged cheese,54314,0.0162,1.53
fresh vegetables,oral hygiene,25663,0.0077,0.99
frozen pizza,water seltzer sparkling water,33087,0.0099,1.19
cookies cakes,tea,17036,0.0051,1.52
milk,missing,17727,0.0053,1.1
dry pasta,food storage,6470,0.0019,1.57
chips pretzels,fresh pasta,9468,0.0028,1.58
baby food formula,spices seasonings,8048,0.0024,1.0
frozen vegan vegetarian,hot cereal pancake mixes,5443,0.0016,1.47
condiments,water seltzer sparkling water,41624,0.0124,1.08
baking ingredients,cleaning products,10665,0.0032,1.5
baby food formula,juice nectars,19423,0.0058,1.41
cleaning products,soy lactosefree,14696,0.0044,0.93
cereal,cream,35452,0.0106,1.25
marinades meat preparation,refrigerated,9805,0.0029,1.2
ice cream ice,oral hygiene,8873,0.0027,1.38
breakfast bakery,honeys syrups nectars,6807,0.002,1.47
chips pretzels,condiments,48007,0.0143,1.43
crackers,granola,17995,0.0054,1.67
cream,packaged cheese,97533,0.0291,1.38
frozen meat seafood,lunch meat,13466,0.004,1.81
fresh fruits,laundry,42150,0.0126,0.9
other creams cheeses,packaged cheese,122347,0.0366,1.84
fresh vegetables,tea,82350,0.0246,0.98
fresh dips tapenades,spices seasonings,20414,0.0061,1.19
baking ingredients,granola,8493,0.0025,1.18
canned meals beans,yogurt,83706,0.025,1.36
cereal,soy lactosefree,80583,0.0241,1.53
oils vinegars,popcorn jerky,10450,0.0031,1.01
pasta sauce,water seltzer sparkling water,42997,0.0128,1.08
crackers,vitamins supplements,6120,0.0018,1.28
frozen meat seafood,soup broth bouillon,8619,0.0026,1.44
fruit vegetable snacks,packaged vegetables fruits,73042,0.0218,1.29
crackers,prepared soups salads,11068,0.0033,1.47
packaged vegetables fruits,protein meal replacements,14663,0.0044,1.17
condiments,tortillas flat bread,19286,0.0058,1.71
cookies cakes,instant foods,19561,0.0058,1.91
nuts seeds dried fruit,preserved dips spreads,10949,0.0033,1.27
prepared meals,soft drinks,7976,0.0024,1.0
grains rice dried goods,latino foods,5975,0.0018,2.06
coffee,ice cream ice,25616,0.0077,1.25
cereal,spices seasonings,17757,0.0053,1.1
frozen pizza,frozen produce,25841,0.0077,1.45
cleaning products,lunch meat,10802,0.0032,1.12
hot cereal pancake mixes,soft drinks,12720,0.0038,0.97
butter,energy granola bars,23333,0.007,1.08
eggs,tortillas flat bread,43673,0.0131,1.69
eggs,packaged cheese,151859,0.0454,1.44
cream,packaged poultry,12510,0.0037,1.14
frozen breakfast,frozen meals,37413,0.0112,2.44
bread,condiments,48495,0.0145,1.48
crackers,packaged produce,20530,0.0061,0.85
deodorants,fresh fruits,6836,0.002,0.83
fresh fruits,trail mix snack mix,20048,0.006,1.01
asian foods,cookies cakes,10104,0.003,1.18
poultry counter,tortillas flat bread,12360,0.0037,1.7
cookies cakes,refrigerated,37448,0.0112,1.42
baby food formula,soft drinks,9609,0.0029,0.72
fresh vegetables,ice cream ice,173212,0.0518,1.06
energy sports drinks,fresh dips tapenades,7891,0.0024,0.99
packaged produce,popcorn jerky,11741,0.0035,1.23
dry pasta,soft drinks,21124,0.0063,1.03
ice cream ice,spreads,36412,0.0109,1.27
refrigerated,tea,41799,0.0125,1.66
fresh pasta,milk,12695,0.0038,1.46
fruit vegetable snacks,instant foods,16967,0.0051,2.12
frozen produce,fruit vegetable snacks,25162,0.0075,1.32
canned meals beans,meat counter,8580,0.0026,1.7
breakfast bakery,spices seasonings,12824,0.0038,1.07
body lotions soap,fresh vegetables,11193,0.0033,0.67
fresh herbs,salad dressing toppings,9930,0.003,1.17
fruit vegetable snacks,other creams cheeses,18496,0.0055,1.39
canned fruit applesauce,frozen appetizers sides,10960,0.0033,2.59
other creams cheeses,specialty cheeses,12638,0.0038,1.81
breakfast bakery,packaged vegetables fruits,102190,0.0305,1.21
canned fruit applesauce,soft drinks,9862,0.0029,1.4
condiments,packaged produce,8841,0.0026,0.71
prepared soups salads,soup broth bouillon,8976,0.0027,1.64
breakfast bakery,prepared meals,9761,0.0029,1.56
frozen breakfast,specialty cheeses,6356,0.0019,1.28
asian foods,marinades meat preparation,6254,0.0019,2.37
fresh vegetables,frozen breakfast,108339,0.0324,1.18
condiments,frozen pizza,12784,0.0038,1.47
crackers,lunch meat,68255,0.0204,1.71
fresh pasta,hot dogs bacon sausage,5507,0.0016,1.84
coffee,pasta sauce,13856,0.0041,1.19
baking ingredients,soft drinks,23788,0.0071,1.07
cleaning products,popcorn jerky,5457,0.0016,1.29
spices seasonings,tortillas flat bread,17280,0.0052,1.75
condiments,missing,6230,0.0019,1.57
frozen vegan vegetarian,oils vinegars,7148,0.0021,1.28
chips pretzels,spices seasonings,32832,0.0098,1.12
condiments,fresh vegetables,122064,0.0365,1.37
chips pretzels,other creams cheeses,72751,0.0217,1.5
spices seasonings,water seltzer sparkling water,32628,0.0098,0.97
buns rolls,pickled goods olives,7045,0.0021,2.02
canned jarred vegetables,cream,29151,0.0087,1.29
pickled goods olives,soup broth bouillon,16174,0.0048,1.81
refrigerated,salad dressing toppings,15325,0.0046,1.26
canned meals beans,salad dressing toppings,11651,0.0035,1.83
latino foods,milk,21557,0.0064,1.24
nuts seeds dried fruit,soup broth bouillon,29027,0.0087,1.29
fresh dips tapenades,soup broth bouillon,36542,0.0109,1.33
baking ingredients,tea,17636,0.0053,1.22
cream,missing,7789,0.0023,1.28
candy chocolate,canned fruit applesauce,6530,0.002,1.16
bread,water seltzer sparkling water,110724,0.0331,1.05
chips pretzels,dish detergents,20039,0.006,1.3
bread,spreads,76089,0.0227,1.78
juice nectars,missing,7748,0.0023,1.3
cream,refrigerated,47531,0.0142,1.16
canned jarred vegetables,granola,7624,0.0023,1.1
asian foods,frozen vegan vegetarian,6795,0.002,1.92
canned meals beans,cereal,31258,0.0093,1.44
breakfast bars pastries,crackers,16310,0.0049,2.3
condiments,energy granola bars,20402,0.0061,1.18
cereal,granola,17264,0.0052,1.99
candy chocolate,other creams cheeses,22393,0.0067,1.11
bread,refrigerated,97106,0.029,1.32
cookies cakes,packaged cheese,60715,0.0181,1.34
breakfast bars pastries,cream,8353,0.0025,1.48
frozen meals,tortillas flat bread,20051,0.006,1.43
baking ingredients,milk,77294,0.0231,1.24
fresh herbs,refrigerated,45379,0.0136,1.08
bread,dog food care,5924,0.0018,1.33
refrigerated,refrigerated pudding desserts,7019,0.0021,1.57
condiments,latino foods,8155,0.0024,1.92
frozen breads doughs,ice cream ice,6559,0.002,1.46
cookies cakes,packaged produce,11601,0.0035,0.94
canned fruit applesauce,spices seasonings,5533,0.0017,1.3
canned jarred vegetables,milk,71086,0.0212,1.18
bread,prepared meals,22457,0.0067,1.5
dish detergents,fresh fruits,54009,0.0161,1.06
energy granola bars,latino foods,8281,0.0025,1.35
crackers,frozen meat seafood,12830,0.0038,1.56
juice nectars,prepared soups salads,7912,0.0024,1.34
candy chocolate,soap,5912,0.0018,1.49
fruit vegetable snacks,spreads,19002,0.0057,1.58
coffee,frozen produce,23331,0.007,1.01
packaged cheese,spreads,83868,0.0251,1.4
chips pretzels,preserved dips spreads,45898,0.0137,2.56
canned jarred vegetables,soap,5416,0.0016,1.28
fresh herbs,other creams cheeses,42620,0.0127,1.57
packaged cheese,tofu meat alternatives,37309,0.0112,1.47
bulk grains rice dried goods,soy lactosefree,5761,0.0017,1.95
packaged cheese,spices seasonings,55540,0.0166,1.38
fresh fruits,prepared meals,59932,0.0179,1.18
fresh dips tapenades,tortillas flat bread,36949,0.011,2.0
fruit vegetable snacks,packaged produce,9569,0.0029,0.99
juice nectars,paper goods,27217,0.0081,1.43
breakfast bakery,fresh herbs,20576,0.0061,0.96
other creams cheeses,tofu meat alternatives,13169,0.0039,1.38
candy chocolate,spreads,26236,0.0078,1.45
condiments,yogurt,60682,0.0181,1.15
eggs,prepared meals,17175,0.0051,1.37
buns rolls,paper goods,9791,0.0029,1.42
eggs,pickled goods olives,21875,0.0065,1.49
buns rolls,packaged cheese,41908,0.0125,1.67
fresh herbs,soy lactosefree,71310,0.0213,1.34
frozen meat seafood,packaged vegetables fruits,32966,0.0099,1.26
frozen breakfast,milk,74170,0.0222,1.48
butter,ice cream ice,36010,0.0108,1.31
crackers,eggs,67486,0.0202,1.28
juice nectars,tofu meat alternatives,11168,0.0033,1.13
frozen meals,grains rice dried goods,11950,0.0036,1.18
missing,oils vinegars,6101,0.0018,1.35
fresh vegetables,latino foods,50745,0.0152,1.61
cat food care,refrigerated,5254,0.0016,1.08
laundry,paper goods,20427,0.0061,3.85
butter,frozen vegan vegetarian,5997,0.0018,0.98
granola,lunch meat,14600,0.0044,1.5
energy granola bars,granola,18883,0.0056,2.33
canned meat seafood,pickled goods olives,5407,0.0016,2.64
cleaning products,oils vinegars,9596,0.0029,1.53
cookies cakes,preserved dips spreads,9292,0.0028,1.47
dish detergents,hot cereal pancake mixes,6828,0.002,1.65
frozen breakfast,fruit vegetable snacks,20222,0.006,2.13
milk,soy lactosefree,139589,0.0417,1.01
baby food formula,fresh dips tapenades,21063,0.0063,1.4
milk,vitamins supplements,9928,0.003,0.98
frozen produce,oils vinegars,41300,0.0123,1.48
butter,fresh herbs,37704,0.0113,1.61
refrigerated,spices seasonings,25198,0.0075,1.08
instant foods,spreads,21312,0.0064,1.58
crackers,tortillas flat bread,34977,0.0105,1.61
canned meals beans,laundry,6807,0.002,1.16
grains rice dried goods,meat counter,5091,0.0015,1.73
nuts seeds dried fruit,prepared soups salads,5990,0.0018,1.13
cereal,lunch meat,49585,0.0148,1.54
chips pretzels,frozen pizza,45046,0.0135,1.85
frozen meals,soup broth bouillon,35382,0.0106,1.71
grains rice dried goods,milk,39904,0.0119,1.2
canned jarred vegetables,honeys syrups nectars,7019,0.0021,1.41
packaged produce,packaged vegetables fruits,82067,0.0245,1.07
condiments,cookies cakes,15292,0.0046,1.29
fresh vegetables,hot cereal pancake mixes,83755,0.025,1.25
frozen breakfast,packaged produce,8147,0.0024,0.63
dry pasta,meat counter,10655,0.0032,2.09
diapers wipes,packaged vegetables fruits,7943,0.0024,0.94
buns rolls,packaged vegetables fruits,48495,0.0145,1.21
missing,yogurt,23698,0.0071,1.36
meat counter,refrigerated,10891,0.0033,1.13
canned meals beans,fresh dips tapenades,39902,0.0119,1.74
eggs,tofu meat alternatives,20665,0.0062,1.36
canned meals beans,ice cream ice,30357,0.0091,1.18
cookies cakes,frozen vegan vegetarian,6401,0.0019,1.32
oils vinegars,specialty cheeses,8055,0.0024,1.47
fresh vegetables,meat counter,54797,0.0164,1.71
butter,dish detergents,10806,0.0032,1.58
doughs gelatins bake mixes,dry pasta,12750,0.0038,1.93
eggs,granola,17051,0.0051,1.33
beers coolers,packaged cheese,5374,0.0016,0.76
frozen pizza,packaged vegetables fruits,64239,0.0192,1.21
fresh herbs,oils vinegars,41830,0.0125,1.97
coffee,water seltzer sparkling water,50077,0.015,1.4
frozen pizza,granola,5617,0.0017,1.39
nuts seeds dried fruit,packaged vegetables fruits,129149,0.0386,1.3
canned meals beans,frozen pizza,16158,0.0048,1.6
doughs gelatins bake mixes,hot cereal pancake mixes,7437,0.0022,1.76
fresh vegetables,hot dogs bacon sausage,164917,0.0493,1.32
refrigerated,soy lactosefree,100850,0.0301,1.33
cleaning products,hot dogs bacon sausage,10036,0.003,1.29
eggs,instant foods,34482,0.0103,1.45
fresh herbs,frozen vegan vegetarian,8532,0.0025,1.11
fresh vegetables,protein meal replacements,15705,0.0047,1.04
crackers,honeys syrups nectars,10902,0.0033,1.41
energy granola bars,fruit vegetable snacks,35151,0.0105,2.64
body lotions soap,crackers,6327,0.0019,1.47
bread,breakfast bars pastries,15987,0.0048,1.58
bakery desserts,milk,8872,0.0027,1.06
baking ingredients,chips pretzels,49552,0.0148,1.15
fresh fruits,fresh pasta,23995,0.0072,1.21
frozen meat seafood,instant foods,8968,0.0027,2.42
refrigerated,soap,11239,0.0034,1.47
cleaning products,soft drinks,13832,0.0041,1.72
cookies cakes,packaged vegetables fruits,75194,0.0225,1.03
water seltzer sparkling water,yogurt,186776,0.0558,1.11
poultry counter,soup broth bouillon,19621,0.0059,1.82
butter,packaged poultry,12080,0.0036,1.35
bread,granola,23617,0.0071,1.54
breakfast bakery,frozen meals,27628,0.0083,1.62
canned fruit applesauce,frozen pizza,7639,0.0023,2.17
fresh pasta,frozen produce,6457,0.0019,1.47
canned jarred vegetables,canned meat seafood,9541,0.0029,2.02
soap,water seltzer sparkling water,15678,0.0047,1.43
fresh dips tapenades,milk,94491,0.0282,1.18
asian foods,popcorn jerky,8710,0.0026,1.33
laundry,soy lactosefree,13835,0.0041,0.97
bread,latino foods,17031,0.0051,1.46
cleaning products,milk,22487,0.0067,1.0
candy chocolate,frozen vegan vegetarian,7282,0.0022,1.28
bread,hot dogs bacon sausage,74894,0.0224,1.62
cream,juice nectars,32194,0.0096,1.17
missing,pasta sauce,6026,0.0018,1.46
fresh fruits,popcorn jerky,93510,0.0279,1.1
frozen produce,tortillas flat bread,33802,0.0101,1.45
protein meal replacements,yogurt,11328,0.0034,1.26
breakfast bars pastries,fresh vegetables,20939,0.0063,0.76
other,yogurt,10454,0.0031,1.08
soft drinks,tofu meat alternatives,6151,0.0018,0.64
frozen meals,pickled goods olives,11019,0.0033,1.39
other creams cheeses,pasta sauce,32573,0.0097,1.81
dish detergents,instant foods,8150,0.0024,1.72
preserved dips spreads,spices seasonings,9300,0.0028,1.66
lunch meat,refrigerated pudding desserts,5884,0.0018,1.69
cat food care,packaged cheese,9408,0.0028,1.13
frozen produce,salad dressing toppings,16036,0.0048,1.43
cereal,prepared soups salads,7290,0.0022,1.2
energy sports drinks,ice cream ice,14395,0.0043,1.61
frozen produce,missing,12766,0.0038,1.56
asian foods,pasta sauce,14800,0.0044,1.65
doughs gelatins bake mixes,soy lactosefree,17515,0.0052,1.1
fruit vegetable snacks,preserved dips spreads,6779,0.002,1.38
breakfast bakery,spreads,30812,0.0092,1.72
cereal,frozen produce,50146,0.015,1.31
lunch meat,pickled goods olives,20072,0.006,1.81
crackers,frozen appetizers sides,35556,0.0106,1.78
baking supplies decor,milk,5752,0.0017,1.09
fresh dips tapenades,fresh fruits,232535,0.0695,1.27
hot cereal pancake mixes,pasta sauce,15557,0.0046,1.66
lunch meat,soft drinks,34870,0.0104,1.15
frozen appetizers sides,salad dressing toppings,9592,0.0029,2.03
refrigerated pudding desserts,yogurt,13560,0.0041,1.54
crackers,trail mix snack mix,9957,0.003,2.44
frozen produce,preserved dips spreads,18906,0.0057,1.43
refrigerated,water seltzer sparkling water,106943,0.032,1.25
condiments,other creams cheeses,29302,0.0088,1.69
asian foods,preserved dips spreads,6849,0.002,1.49
fresh vegetables,granola,47696,0.0143,1.15
energy granola bars,milk,85463,0.0255,1.21
breakfast bakery,canned meat seafood,5754,0.0017,1.31
cream,energy sports drinks,7658,0.0023,1.03
baking ingredients,dry pasta,28756,0.0086,1.58
cream,frozen produce,41737,0.0125,1.1
canned jarred vegetables,cookies cakes,14270,0.0043,0.98
bread,paper goods,43313,0.0129,1.25
frozen breakfast,granola,8421,0.0025,1.46
candy chocolate,oral hygiene,5649,0.0017,1.39
refrigerated,tortillas flat bread,32668,0.0098,1.3
canned meals beans,cream,24153,0.0072,1.13
salad dressing toppings,soup broth bouillon,13611,0.0041,1.79
cereal,coffee,25206,0.0075,1.46
coffee,prepared meals,6641,0.002,1.3
eggs,other creams cheeses,60922,0.0182,1.53
instant foods,spices seasonings,12924,0.0039,1.43
frozen meals,meat counter,5832,0.0017,1.09
condiments,milk,53298,0.0159,1.09
packaged vegetables fruits,water seltzer sparkling water,246189,0.0736,1.05
fresh vegetables,popcorn jerky,63701,0.019,0.94
lunch meat,refrigerated,63655,0.019,1.37
canned fruit applesauce,fresh fruits,57922,0.0173,1.28
butter,other creams cheeses,41482,0.0124,1.91
prepared soups salads,tortillas flat bread,5032,0.0015,1.36
packaged vegetables fruits,popcorn jerky,62889,0.0188,1.12
breakfast bakery,oils vinegars,16449,0.0049,1.06
refrigerated,soup broth bouillon,46997,0.014,1.26
frozen pizza,soft drinks,20496,0.0061,1.63
milk,tea,53064,0.0159,1.15
other creams cheeses,salad dressing toppings,15211,0.0045,1.93
popcorn jerky,refrigerated,26865,0.008,1.32
eggs,frozen vegan vegetarian,13536,0.004,1.2
packaged poultry,water seltzer sparkling water,23140,0.0069,1.01
dry pasta,frozen breads doughs,5553,0.0017,1.93
baby food formula,frozen produce,30086,0.009,1.59
grains rice dried goods,tofu meat alternatives,10859,0.0032,2.41
nuts seeds dried fruit,salad dressing toppings,10123,0.003,1.38
butter,canned meals beans,24918,0.0074,1.43
frozen dessert,packaged cheese,6393,0.0019,1.41
breakfast bakery,salad dressing toppings,9963,0.003,1.59
grains rice dried goods,instant foods,14084,0.0042,1.99
dish detergents,lunch meat,12709,0.0038,1.33
latino foods,packaged cheese,31302,0.0094,1.91
chips pretzels,oral hygiene,13020,0.0039,1.33
chips pretzels,poultry counter,25203,0.0075,1.16
instant foods,missing,5260,0.0016,1.53
coffee,energy sports drinks,7920,0.0024,1.75
cookies cakes,fresh fruits,114953,0.0344,1.04
eggs,latino foods,14253,0.0043,1.46
bread,oral hygiene,12647,0.0038,1.32
condiments,tea,14391,0.0043,1.27
fruit vegetable snacks,trail mix snack mix,5276,0.0016,3.22
ice cream ice,tofu meat alternatives,13824,0.0041,1.14
packaged cheese,packaged poultry,42167,0.0126,1.53
energy sports drinks,lunch meat,10667,0.0032,1.26
milk,other creams cheeses,102811,0.0307,1.46
plates bowls cups flatware,soft drinks,7837,0.0023,2.41
more household,packaged vegetables fruits,5487,0.0016,0.87
seafood counter,soy lactosefree,6751,0.002,1.31
refrigerated,yogurt,156687,0.0468,1.33
canned jarred vegetables,spices seasonings,36332,0.0109,2.82
energy granola bars,poultry counter,13732,0.0041,1.23
energy sports drinks,fruit vegetable snacks,5539,0.0017,1.48
chips pretzels,frozen meals,66378,0.0198,1.59
air fresheners candles,packaged vegetables fruits,5236,0.0016,0.82
condiments,oral hygiene,5284,0.0016,1.51
energy granola bars,spices seasonings,14666,0.0044,0.97
baking ingredients,salad dressing toppings,9612,0.0029,1.38
beers coolers,packaged vegetables fruits,5428,0.0016,0.48
cocoa drink mixes,packaged cheese,5515,0.0016,1.25
ice cream ice,soap,8280,0.0025,1.31
hot cereal pancake mixes,hot dogs bacon sausage,19146,0.0057,1.51
cereal,salad dressing toppings,12237,0.0037,1.45
lunch meat,marinades meat preparation,9515,0.0028,1.5
eggs,vitamins supplements,6307,0.0019,1.1
asian foods,poultry counter,8598,0.0026,1.54
cookies cakes,laundry,7322,0.0022,1.48
frozen meals,specialty cheeses,7161,0.0021,1.19
packaged vegetables fruits,trash bags liners,10618,0.0032,0.9
cereal,milk,121093,0.0362,1.6
fruit vegetable snacks,soup broth bouillon,15878,0.0047,1.23
cereal,condiments,25260,0.0075,1.36
chips pretzels,frozen dessert,5197,0.0016,1.58
ice cream ice,water seltzer sparkling water,80583,0.0241,1.14
dry pasta,water seltzer sparkling water,47211,0.0141,1.04
canned meals beans,marinades meat preparation,9111,0.0027,2.14
fresh herbs,missing,9229,0.0028,1.49
candy chocolate,fresh herbs,19071,0.0057,0.88
canned fruit applesauce,ice cream ice,14246,0.0043,1.59
juice nectars,packaged cheese,87752,0.0262,1.27
baby food formula,tofu meat alternatives,7553,0.0023,1.49
pickled goods olives,popcorn jerky,6121,0.0018,1.26
asian foods,doughs gelatins bake mixes,5614,0.0017,1.39
coffee,spreads,19760,0.0059,1.36
breakfast bakery,other creams cheeses,52028,0.0155,2.62
baby food formula,buns rolls,6490,0.0019,1.3
dry pasta,eggs,48742,0.0146,1.5
buns rolls,eggs,20073,0.006,1.34
buns rolls,packaged produce,6864,0.0021,1.01
frozen vegan vegetarian,spreads,9933,0.003,1.56
buns rolls,instant foods,12421,0.0037,2.2
fresh vegetables,nuts seeds dried fruit,141823,0.0424,1.18
fresh vegetables,instant foods,95079,0.0284,1.23
buns rolls,salad dressing toppings,6240,0.0019,2.1
frozen pizza,oils vinegars,10171,0.003,1.03
frozen produce,tea,24862,0.0074,1.07
eggs,fresh vegetables,284161,0.0849,1.39
ice cream ice,yogurt,118644,0.0355,1.22
canned jarred vegetables,fresh fruits,166571,0.0498,1.21
frozen pizza,packaged poultry,7958,0.0024,1.53
fresh dips tapenades,frozen breads doughs,6411,0.0019,1.61
canned jarred vegetables,meat counter,13593,0.0041,2.56
cookies cakes,dish detergents,7716,0.0023,1.42
candy chocolate,pickled goods olives,9137,0.0027,1.23
doughs gelatins bake mixes,hot dogs bacon sausage,18823,0.0056,2.39
asian foods,tofu meat alternatives,15288,0.0046,3.22
asian foods,honeys syrups nectars,5124,0.0015,1.76
fresh vegetables,soup broth bouillon,186530,0.0557,1.5
candy chocolate,crackers,43565,0.013,1.63
cookies cakes,frozen appetizers sides,19660,0.0059,1.91
fresh herbs,soap,7362,0.0022,1.38
fresh vegetables,honeys syrups nectars,35532,0.0106,1.19
breakfast bars pastries,frozen pizza,6054,0.0018,2.26
packaged poultry,refrigerated,17722,0.0053,1.1
canned meat seafood,yogurt,19811,0.0059,1.17
cleaning products,tortillas flat bread,6848,0.002,1.31
granola,milk,31107,0.0093,1.36
cereal,soft drinks,36742,0.011,1.36
butter,lunch meat,39640,0.0118,1.52
frozen appetizers sides,spices seasonings,11059,0.0033,1.22
cookies cakes,nuts seeds dried fruit,23282,0.007,1.46
frozen meals,tea,18257,0.0055,1.3
fruit vegetable snacks,hot cereal pancake mixes,10886,0.0033,1.56
breakfast bakery,grains rice dried goods,11410,0.0034,1.22
salad dressing toppings,tortillas flat bread,9304,0.0028,1.81
breakfast bars pastries,cereal,14455,0.0043,2.52
missing,tortillas flat bread,5128,0.0015,1.37
cream,soft drinks,33223,0.0099,1.25
hot dogs bacon sausage,oral hygiene,6747,0.002,1.37
fresh herbs,spreads,26828,0.008,1.1
frozen produce,nuts seeds dried fruit,49086,0.0147,1.48
frozen breakfast,packaged poultry,11931,0.0036,1.61
canned meals beans,water seltzer sparkling water,45311,0.0135,1.01
baking ingredients,baking supplies decor,6429,0.0019,3.87
body lotions soap,fresh fruits,15221,0.0045,0.73
cookies cakes,frozen meals,25243,0.0075,1.72
lunch meat,prepared soups salads,11731,0.0035,1.71
butter,condiments,23871,0.0071,1.59
fresh vegetables,packaged poultry,80806,0.0241,1.51
cookies cakes,energy granola bars,31899,0.0095,1.87
chips pretzels,fruit vegetable snacks,52413,0.0157,2.03
fresh herbs,prepared soups salads,5423,0.0016,0.88
buns rolls,spices seasonings,7419,0.0022,1.3
prepared soups salads,spreads,5782,0.0017,1.13
other creams cheeses,refrigerated,49775,0.0149,1.29
prepared meals,refrigerated,18289,0.0055,1.5
cookies cakes,dry pasta,19764,0.0059,1.41
fresh vegetables,preserved dips spreads,62980,0.0188,1.33
breakfast bakery,packaged poultry,11117,0.0033,1.35
condiments,dry pasta,22939,0.0069,1.62
crackers,dish detergents,15616,0.0047,1.48
coffee,packaged vegetables fruits,70760,0.0211,1.03
candy chocolate,energy sports drinks,8873,0.0027,1.58
canned meals beans,specialty cheeses,8057,0.0024,1.43
paper goods,soft drinks,33953,0.0101,1.84
butter,cream,42733,0.0128,1.86
packaged poultry,soy lactosefree,23869,0.0071,1.17
chips pretzels,fresh fruits,353007,0.1055,1.13
fresh fruits,pasta sauce,141859,0.0424,1.22
butter,poultry counter,14055,0.0042,1.45
frozen meat seafood,fruit vegetable snacks,5781,0.0017,1.76
energy granola bars,refrigerated,57873,0.0173,1.5
granola,soft drinks,7254,0.0022,0.89
canned fruit applesauce,water seltzer sparkling water,18009,0.0054,1.16
crackers,trash bags liners,5185,0.0015,1.4
fresh dips tapenades,oral hygiene,6245,0.0019,1.09
oral hygiene,soup broth bouillon,6622,0.002,1.36
fresh vegetables,yogurt,482323,0.1441,1.23
asian foods,packaged cheese,43245,0.0129,1.3
granola,yogurt,51217,0.0153,2.08
pickled goods olives,spreads,11901,0.0036,1.43
preserved dips spreads,soft drinks,12752,0.0038,1.37
latino foods,poultry counter,7086,0.0021,2.58
baby food formula,other creams cheeses,18850,0.0056,1.42
fresh herbs,marinades meat preparation,10524,0.0031,1.84
fresh vegetables,refrigerated,221049,0.0661,1.11
fresh fruits,latino foods,49179,0.0147,1.24
cream,instant foods,19729,0.0059,1.24
canned jarred vegetables,laundry,6707,0.002,1.08
hot cereal pancake mixes,juice nectars,18387,0.0055,1.36
food storage,fresh herbs,5674,0.0017,1.04
crackers,milk,121035,0.0362,1.29
bakery desserts,chips pretzels,8797,0.0026,1.53
chips pretzels,honeys syrups nectars,14668,0.0044,1.3
canned jarred vegetables,coffee,13977,0.0042,1.02
dish detergents,dry pasta,10544,0.0032,1.63
marinades meat preparation,yogurt,18538,0.0055,1.15
baby food formula,ice cream ice,19132,0.0057,1.13
butter,pasta sauce,24715,0.0074,1.59
crackers,water seltzer sparkling water,91740,0.0274,1.25
dry pasta,pasta sauce,65410,0.0195,4.44
baking ingredients,coffee,17521,0.0052,1.22
soap,yogurt,19744,0.0059,1.31
fresh herbs,packaged produce,12614,0.0038,0.64
fresh fruits,other creams cheeses,191132,0.0571,1.18
coffee,tortillas flat bread,14089,0.0042,1.34
lunch meat,salad dressing toppings,15719,0.0047,1.66
honeys syrups nectars,oils vinegars,9246,0.0028,2.02
chips pretzels,crackers,118780,0.0355,1.84
dish detergents,packaged vegetables fruits,37600,0.0112,1.12
lunch meat,yogurt,133462,0.0399,1.46
bread,chips pretzels,133620,0.0399,1.45
asian foods,canned jarred vegetables,20120,0.006,1.89
lunch meat,prepared meals,16660,0.005,1.75
packaged poultry,paper goods,9714,0.0029,1.28
butter,marinades meat preparation,7960,0.0024,1.74
hot dogs bacon sausage,refrigerated,52145,0.0156,1.39
frozen breakfast,soft drinks,21704,0.0065,1.21
canned fruit applesauce,oils vinegars,7059,0.0021,1.28
cereal,juice nectars,40275,0.012,1.45
cereal,soap,6825,0.002,1.29
baking ingredients,honeys syrups nectars,12259,0.0037,2.37
eggs,spreads,48585,0.0145,1.36
meat counter,poultry counter,7017,0.0021,2.52
crackers,hot cereal pancake mixes,27857,0.0083,1.61
frozen produce,refrigerated,67025,0.02,1.22
pickled goods olives,salad dressing toppings,7160,0.0021,2.47
fresh fruits,pickled goods olives,69854,0.0209,1.17
buns rolls,oils vinegars,8549,0.0026,1.15
buns rolls,fruit vegetable snacks,7807,0.0023,1.55
frozen meals,spices seasonings,13266,0.004,1.02
baking ingredients,tortillas flat bread,20128,0.006,1.39
frozen vegan vegetarian,water seltzer sparkling water,17487,0.0052,1.11
muscles joints pain relief,packaged vegetables fruits,5532,0.0017,0.81
frozen breakfast,grains rice dried goods,11763,0.0035,1.4
hot cereal pancake mixes,spices seasonings,11954,0.0036,1.51
frozen produce,oral hygiene,8511,0.0025,1.18
cleaning products,yogurt,24298,0.0073,1.0
breakfast bars pastries,soup broth bouillon,6365,0.0019,1.23
fresh herbs,preserved dips spreads,14416,0.0043,1.44
energy granola bars,honeys syrups nectars,7721,0.0023,1.32
fresh herbs,popcorn jerky,11249,0.0034,0.79
energy granola bars,nuts seeds dried fruit,41707,0.0125,1.79
buns rolls,frozen breakfast,13774,0.0041,2.05
packaged poultry,packaged produce,6382,0.0019,0.85
frozen breakfast,latino foods,8033,0.0024,1.83
energy granola bars,pickled goods olives,10947,0.0033,1.19
chips pretzels,instant foods,51956,0.0155,1.79
marinades meat preparation,soy lactosefree,11109,0.0033,1.07
bread,trail mix snack mix,6108,0.0018,1.05
juice nectars,refrigerated,73626,0.022,1.84
canned meals beans,frozen vegan vegetarian,13363,0.004,2.33
buns rolls,cookies cakes,12082,0.0036,1.87
cream,hot cereal pancake mixes,17599,0.0053,1.27
breakfast bars pastries,juice nectars,9214,0.0028,1.66
milk,soap,15572,0.0047,1.12
energy sports drinks,juice nectars,13239,0.004,1.82
bread,cream,66157,0.0198,1.32
hot dogs bacon sausage,salad dressing toppings,13641,0.0041,1.78
chips pretzels,vitamins supplements,8043,0.0024,1.15
fresh pasta,frozen meals,5702,0.0017,2.15
frozen breakfast,pasta sauce,23267,0.007,1.82
frozen pizza,pickled goods olives,6903,0.0021,1.49
missing,water seltzer sparkling water,15777,0.0047,1.24
pasta sauce,popcorn jerky,12701,0.0038,1.34
fresh herbs,grains rice dried goods,28091,0.0084,2.2
honeys syrups nectars,instant foods,5166,0.0015,1.48
crackers,ice cream ice,58882,0.0176,1.39
cookies cakes,soup broth bouillon,19237,0.0057,1.16
fresh fruits,plates bowls cups flatware,16765,0.005,0.81
cookies cakes,frozen pizza,16276,0.0049,1.9
missing,soy lactosefree,16823,0.005,1.49
breakfast bakery,frozen vegan vegetarian,8068,0.0024,1.43
canned fruit applesauce,crackers,21243,0.0063,2.27
nuts seeds dried fruit,vitamins supplements,5494,0.0016,1.63
oils vinegars,spreads,25601,0.0077,1.45
doughs gelatins bake mixes,water seltzer sparkling water,18057,0.0054,1.01
bread,grains rice dried goods,30871,0.0092,1.38
buns rolls,canned jarred vegetables,11154,0.0033,1.39
frozen breakfast,soy lactosefree,47344,0.0141,1.35
packaged cheese,soy lactosefree,153353,0.0458,1.17
canned fruit applesauce,nuts seeds dried fruit,11130,0.0033,1.7
cleaning products,nuts seeds dried fruit,8457,0.0025,1.13
grains rice dried goods,soy lactosefree,35651,0.0107,1.54
condiments,granola,7018,0.0021,1.25
condiments,oils vinegars,27146,0.0081,2.0
instant foods,meat counter,5628,0.0017,1.51
fresh fruits,hair care,13332,0.004,0.9
food storage,instant foods,5426,0.0016,1.79
baby food formula,frozen pizza,11320,0.0034,1.7
canned meals beans,frozen appetizers sides,20464,0.0061,1.69
frozen appetizers sides,tofu meat alternatives,7905,0.0024,1.38
diapers wipes,yogurt,7355,0.0022,1.21
packaged cheese,soft drinks,73361,0.0219,1.1
fresh vegetables,spirits,6045,0.0018,0.57
honeys syrups nectars,soy lactosefree,17148,0.0051,1.5
refrigerated,specialty cheeses,13598,0.0041,1.26
diapers wipes,paper goods,5017,0.0015,3.44
fresh fruits,skin care,6022,0.0018,1.12
lunch meat,other creams cheeses,49452,0.0148,1.64
bread,hot cereal pancake mixes,38632,0.0115,1.56
poultry counter,spices seasonings,12137,0.0036,1.8
hot dogs bacon sausage,water seltzer sparkling water,58574,0.0175,1.09
bread,tea,37432,0.0112,1.21
baking ingredients,nuts seeds dried fruit,34029,0.0102,1.64
butter,frozen appetizers sides,19791,0.0059,1.52
fresh herbs,laundry,6295,0.0019,0.8
frozen pizza,tofu meat alternatives,6713,0.002,1.41
latino foods,tortillas flat bread,15288,0.0046,3.81
dry pasta,missing,5706,0.0017,1.21
hot dogs bacon sausage,pickled goods olives,15774,0.0047,1.76
fruit vegetable snacks,yogurt,62974,0.0188,1.55
candy chocolate,honeys syrups nectars,6271,0.0019,1.34
granola,hot dogs bacon sausage,9193,0.0027,1.17
eggs,fruit vegetable snacks,24979,0.0075,1.18
honeys syrups nectars,tea,7126,0.0021,1.87
cat food care,eggs,5522,0.0017,1.11
packaged vegetables fruits,tortillas flat bread,96552,0.0289,1.39
frozen vegan vegetarian,preserved dips spreads,5008,0.0015,1.91
grains rice dried goods,ice cream ice,17191,0.0051,1.14
frozen meals,granola,9100,0.0027,1.31
candy chocolate,condiments,16213,0.0048,1.17
buns rolls,pasta sauce,11954,0.0036,1.76
dish detergents,milk,27372,0.0082,1.23
fresh fruits,frozen meat seafood,43987,0.0131,1.11
baking ingredients,soap,6129,0.0018,1.4
hot cereal pancake mixes,nuts seeds dried fruit,22984,0.0069,1.89
eggs,soft drinks,36116,0.0108,0.9
frozen appetizers sides,frozen meals,34545,0.0103,2.68
breakfast bakery,canned meals beans,21805,0.0065,1.36
fresh dips tapenades,packaged vegetables fruits,179884,0.0538,1.49
bread,oils vinegars,44526,0.0133,1.2
candy chocolate,frozen pizza,13662,0.0041,1.36
condiments,packaged vegetables fruits,93736,0.028,1.27
canned meals beans,soft drinks,19152,0.0057,0.94
milk,plates bowls cups flatware,8791,0.0026,0.97
energy granola bars,frozen appetizers sides,23653,0.0071,1.57
crackers,other creams cheeses,51755,0.0155,1.56
packaged cheese,protein meal replacements,8561,0.0026,1.09
latino foods,packaged poultry,6573,0.002,2.57
bread,frozen appetizers sides,44682,0.0134,1.57
candy chocolate,poultry counter,7816,0.0023,0.87
other creams cheeses,soy lactosefree,55591,0.0166,1.13
buns rolls,crackers,19780,0.0059,1.58
chips pretzels,energy granola bars,86124,0.0257,1.78
cat food care,milk,8243,0.0025,0.93
laundry,soft drinks,11897,0.0036,1.63
canned fruit applesauce,cookies cakes,10635,0.0032,2.21
ice cream ice,plates bowls cups flatware,5669,0.0017,1.38
fresh dips tapenades,soy lactosefree,81684,0.0244,1.47
frozen vegan vegetarian,grains rice dried goods,6202,0.0019,1.85
cleaning products,water seltzer sparkling water,23037,0.0069,1.3
cookies cakes,missing,5183,0.0015,1.32
dry pasta,milk,80554,0.0241,1.4
fresh fruits,poultry counter,94076,0.0281,1.31
cream,oils vinegars,24015,0.0072,1.16
fresh dips tapenades,soap,8124,0.0024,1.45
breakfast bakery,cookies cakes,25416,0.0076,1.87
frozen appetizers sides,pasta sauce,22381,0.0067,2.07
condiments,fresh dips tapenades,27510,0.0082,1.4
latino foods,nuts seeds dried fruit,6962,0.0021,1.21
missing,tea,5540,0.0017,1.48
fresh vegetables,salad dressing toppings,56150,0.0168,1.39
canned jarred vegetables,salad dressing toppings,11717,0.0035,1.75
breakfast bars pastries,packaged cheese,20042,0.006,1.41
dry pasta,spices seasonings,22523,0.0067,1.82
feminine care,fresh fruits,7557,0.0023,0.77
dry pasta,preserved dips spreads,12118,0.0036,1.6
fresh dips tapenades,fruit vegetable snacks,24027,0.0072,1.59
condiments,fresh fruits,124193,0.0371,1.11
cream,food storage,6605,0.002,1.23
ice cream ice,nuts seeds dried fruit,32187,0.0096,1.08
butter,pickled goods olives,11973,0.0036,1.5
cookies cakes,specialty cheeses,6146,0.0018,1.29
specialty cheeses,spices seasonings,6189,0.0018,1.47
feminine care,fresh vegetables,5996,0.0018,0.77
canned jarred vegetables,frozen appetizers sides,18372,0.0055,1.43
coffee,frozen pizza,11281,0.0034,1.4
butter,instant foods,21789,0.0065,1.68
frozen appetizers sides,soup broth bouillon,23800,0.0071,1.64
fresh vegetables,soy lactosefree,317122,0.0948,1.26
frozen pizza,milk,46510,0.0139,1.32
cleaning products,energy granola bars,8743,0.0026,1.09
frozen meals,milk,70023,0.0209,1.16
juice nectars,specialty cheeses,9147,0.0027,1.26
buns rolls,grains rice dried goods,5556,0.0017,1.25
chips pretzels,frozen produce,81975,0.0245,1.18
fresh vegetables,packaged produce,77644,0.0232,0.84
milk,other,9104,0.0027,1.02
coffee,cookies cakes,15788,0.0047,1.43
cocoa drink mixes,yogurt,5067,0.0015,1.01
canned meals beans,packaged produce,11063,0.0033,0.76
dry pasta,frozen pizza,19134,0.0057,1.87
fresh vegetables,soap,31338,0.0094,1.23
ice cream ice,refrigerated,68612,0.0205,1.39
juice nectars,lunch meat,43534,0.013,1.39
frozen meals,packaged produce,11337,0.0034,0.73
nuts seeds dried fruit,water seltzer sparkling water,60950,0.0182,1.18
meat counter,pasta sauce,10155,0.003,2.26
frozen produce,pasta sauce,42815,0.0128,1.67
chips pretzels,tofu meat alternatives,22947,0.0069,1.24
spices seasonings,spreads,18436,0.0055,1.35
nuts seeds dried fruit,spices seasonings,20948,0.0063,1.49
baking ingredients,breakfast bakery,20926,0.0063,1.19
hot cereal pancake mixes,instant foods,13898,0.0042,1.77
dish detergents,tea,7971,0.0024,1.54
frozen meat seafood,other creams cheeses,8456,0.0025,1.37
milk,seafood counter,9412,0.0028,1.27
canned meat seafood,paper goods,7620,0.0023,1.87
butter,canned meat seafood,7381,0.0022,1.54
butter,eggs,57151,0.0171,1.66
frozen meals,soft drinks,32719,0.0098,1.52
breakfast bakery,soft drinks,27977,0.0084,1.4
dry pasta,nuts seeds dried fruit,24208,0.0072,1.27
milk,packaged poultry,34608,0.0103,1.18
frozen breakfast,frozen pizza,22267,0.0067,2.5
dish detergents,water seltzer sparkling water,23082,0.0069,1.32
fresh dips tapenades,pickled goods olives,17674,0.0053,1.69
body lotions soap,cleaning products,5955,0.0018,5.75
frozen meat seafood,paper goods,5747,0.0017,1.27
fresh fruits,paper goods,108155,0.0323,0.92
baking ingredients,frozen vegan vegetarian,7714,0.0023,1.23
chips pretzels,nuts seeds dried fruit,65773,0.0197,1.45
dry pasta,marinades meat preparation,9394,0.0028,2.17
frozen appetizers sides,frozen vegan vegetarian,10267,0.0031,2.41
butter,soup broth bouillon,34050,0.0102,1.63
energy granola bars,trail mix snack mix,7851,0.0023,2.55
bread,poultry counter,27850,0.0083,1.31
condiments,doughs gelatins bake mixes,9728,0.0029,1.74
coffee,tea,18580,0.0056,1.76
baking ingredients,specialty cheeses,8750,0.0026,1.41
granola,soup broth bouillon,9636,0.0029,1.23
asian foods,crackers,22796,0.0068,1.38
bread,instant foods,49113,0.0147,1.73
juice nectars,meat counter,6975,0.0021,1.08
preserved dips spreads,tofu meat alternatives,5687,0.0017,1.61
packaged meat,soy lactosefree,6448,0.0019,1.09
fresh fruits,refrigerated pudding desserts,20049,0.006,1.08
chips pretzels,frozen meat seafood,18230,0.0054,1.52
fresh vegetables,tortillas flat bread,121511,0.0363,1.45
condiments,frozen appetizers sides,18673,0.0056,1.8
baking ingredients,buns rolls,11285,0.0034,1.35
eggs,packaged meat,7575,0.0023,1.58
preserved dips spreads,yogurt,35846,0.0107,1.27
specialty cheeses,water seltzer sparkling water,17241,0.0052,1.11
candy chocolate,salad dressing toppings,7097,0.0021,1.12
energy sports drinks,pasta sauce,5690,0.0017,1.13
frozen meals,spreads,25526,0.0076,1.32
buns rolls,fresh fruits,67264,0.0201,1.11
cereal,fresh herbs,25576,0.0076,0.88
vitamins supplements,water seltzer sparkling water,9703,0.0029,1.21
dry pasta,frozen meat seafood,8524,0.0025,1.69
packaged produce,water seltzer sparkling water,33184,0.0099,0.83
cream,paper goods,22621,0.0068,1.17
frozen vegan vegetarian,juice nectars,9566,0.0029,1.3
paper goods,pasta sauce,17423,0.0052,1.32
doughs gelatins bake mixes,energy granola bars,11415,0.0034,1.41
paper goods,tea,17294,0.0052,1.44
fresh herbs,seafood counter,6135,0.0018,2.16
fresh dips tapenades,frozen pizza,21351,0.0064,1.5
canned jarred vegetables,fruit vegetable snacks,12538,0.0037,1.1
breakfast bakery,doughs gelatins bake mixes,12087,0.0036,1.88
honeys syrups nectars,tortillas flat bread,5570,0.0017,1.47
soap,tea,5695,0.0017,1.76
doughs gelatins bake mixes,packaged cheese,35502,0.0106,1.65
pasta sauce,spices seasonings,18163,0.0054,1.67
cat food care,frozen meals,5507,0.0016,2.04
fresh vegetables,packaged vegetables fruits,786852,0.2352,1.44
fresh dips tapenades,oils vinegars,26342,0.0079,1.18
cleaning products,instant foods,7885,0.0024,1.64
grains rice dried goods,tea,9215,0.0028,1.19
canned fruit applesauce,other creams cheeses,13139,0.0039,1.87
canned meals beans,fresh herbs,46075,0.0138,2.11
energy granola bars,juice nectars,36289,0.0108,1.4
butter,missing,5951,0.0018,1.2
fresh fruits,protein meal replacements,20697,0.0062,1.09
frozen pizza,latino foods,5388,0.0016,1.75
pickled goods olives,poultry counter,6311,0.0019,1.53
canned meat seafood,soy lactosefree,12871,0.0038,1.18
dish detergents,soft drinks,11208,0.0033,1.41
fresh dips tapenades,honeys syrups nectars,7922,0.0024,1.2
candy chocolate,ice cream ice,38082,0.0114,1.49
dry pasta,soap,6002,0.0018,1.48
candy chocolate,granola,11466,0.0034,1.76
butter,tortillas flat bread,20411,0.0061,1.45
dish detergents,soap,6970,0.0021,4.45
energy granola bars,other creams cheeses,30448,0.0091,1.22
instant foods,packaged poultry,12443,0.0037,2.0
bread,other,7250,0.0022,1.2
fresh vegetables,specialty cheeses,51825,0.0155,1.44
condiments,soup broth bouillon,27856,0.0083,1.67
frozen pizza,refrigerated,28360,0.0085,1.47
soap,spreads,6858,0.002,1.54
coffee,popcorn jerky,12239,0.0037,1.44
hot cereal pancake mixes,soy lactosefree,41966,0.0125,1.64
canned fruit applesauce,instant foods,12344,0.0037,2.93
canned fruit applesauce,hot cereal pancake mixes,7291,0.0022,1.99
packaged vegetables fruits,pickled goods olives,55391,0.0166,1.41
baking ingredients,fresh dips tapenades,26559,0.0079,1.05
hot dogs bacon sausage,packaged meat,5971,0.0018,2.03
packaged cheese,refrigerated pudding desserts,11491,0.0034,1.5
other creams cheeses,paper goods,23041,0.0069,1.26
soft drinks,yogurt,69260,0.0207,0.91
dry pasta,frozen vegan vegetarian,10448,0.0031,1.8
chips pretzels,refrigerated pudding desserts,9340,0.0028,1.67
dry pasta,grains rice dried goods,21428,0.0064,2.22
food storage,spreads,6531,0.002,1.43
frozen breakfast,oral hygiene,5665,0.0017,1.58
cream,spreads,30407,0.0091,1.27
bread,soap,11853,0.0035,1.26
body lotions soap,yogurt,9296,0.0028,0.94
canned fruit applesauce,packaged cheese,32895,0.0098,1.76
canned meat seafood,refrigerated,10529,0.0031,1.23
laundry,nuts seeds dried fruit,7616,0.0023,1.13
breakfast bars pastries,frozen produce,8404,0.0025,1.1
asian foods,coffee,9591,0.0029,1.19
frozen meals,prepared soups salads,9781,0.0029,2.0
hot dogs bacon sausage,popcorn jerky,17868,0.0053,1.39
fruit vegetable snacks,prepared meals,7391,0.0022,1.76
buns rolls,doughs gelatins bake mixes,7814,0.0023,2.56
frozen pizza,hot cereal pancake mixes,9475,0.0028,1.45
breakfast bars pastries,canned meals beans,5211,0.0016,1.21
doughs gelatins bake mixes,spreads,11181,0.0033,1.54
frozen produce,juice nectars,47676,0.0142,1.29
asian foods,juice nectars,17030,0.0051,1.32
latino foods,paper goods,5284,0.0016,1.17
baking ingredients,refrigerated,37663,0.0113,1.1
condiments,packaged cheese,67975,0.0203,1.48
energy granola bars,packaged vegetables fruits,129585,0.0387,1.22
bread,soft drinks,52535,0.0157,1.1
instant foods,lunch meat,33015,0.0099,1.83
canned meals beans,nuts seeds dried fruit,26965,0.0081,1.43
bakery desserts,bread,7385,0.0022,1.31
energy granola bars,packaged cheese,89683,0.0268,1.35
bakery desserts,ice cream ice,7163,0.0021,1.89
energy sports drinks,other creams cheeses,8353,0.0025,1.19
canned fruit applesauce,cream,9716,0.0029,1.3
laundry,packaged vegetables fruits,28808,0.0086,0.93
fresh dips tapenades,fresh pasta,5543,0.0017,1.58
prepared meals,soup broth bouillon,10160,0.003,1.33
breakfast bakery,fresh vegetables,112847,0.0337,1.11
candy chocolate,cleaning products,7954,0.0024,1.24
asian foods,salad dressing toppings,6223,0.0019,1.59
cookies cakes,crackers,49399,0.0148,2.17
energy granola bars,frozen meals,34463,0.0103,1.6
coffee,laundry,7380,0.0022,1.58
bread,digestion,5259,0.0016,1.22
baking ingredients,bread,50950,0.0152,1.21
bread,laundry,17539,0.0052,1.28
pasta sauce,spreads,24988,0.0075,1.54
plates bowls cups flatware,yogurt,8842,0.0026,0.9
milk,refrigerated pudding desserts,10528,0.0031,1.29
cereal,latino foods,9440,0.0028,1.43
cleaning products,trash bags liners,5289,0.0016,5.93
baking ingredients,cereal,31405,0.0094,1.32
bread,pickled goods olives,25594,0.0076,1.46
canned meat seafood,spreads,7509,0.0022,1.5
preserved dips spreads,soup broth bouillon,15154,0.0045,1.7
frozen appetizers sides,milk,59190,0.0177,1.4
cereal,tofu meat alternatives,12899,0.0039,1.26
frozen meals,water seltzer sparkling water,55278,0.0165,1.16
crackers,missing,10190,0.003,1.34
frozen appetizers sides,frozen pizza,23307,0.007,3.1
tofu meat alternatives,yogurt,39317,0.0118,1.36
cookies cakes,tortillas flat bread,14781,0.0044,1.33
energy sports drinks,tea,8795,0.0026,1.92
ice cream ice,paper goods,31805,0.0095,1.36
breakfast bakery,fruit vegetable snacks,17521,0.0052,1.66
energy sports drinks,soy lactosefree,11727,0.0035,0.85
crackers,pickled goods olives,18361,0.0055,1.5
candy chocolate,popcorn jerky,20962,0.0063,1.98
frozen vegan vegetarian,tortillas flat bread,8590,0.0026,1.86
butter,prepared soups salads,5529,0.0017,1.13
chips pretzels,paper goods,46218,0.0138,1.3
other creams cheeses,water seltzer sparkling water,58160,0.0174,1.05
baby food formula,water seltzer sparkling water,33869,0.0101,1.15
milk,pickled goods olives,28143,0.0084,1.08
fresh vegetables,frozen meat seafood,34811,0.0104,1.1
lunch meat,soap,7519,0.0022,1.26
meat counter,packaged poultry,6765,0.002,2.61
fresh herbs,packaged vegetables fruits,176162,0.0526,1.53
nuts seeds dried fruit,trail mix snack mix,7432,0.0022,2.59
cookies cakes,soy lactosefree,37267,0.0111,1.11
pickled goods olives,tortillas flat bread,11806,0.0035,1.96
frozen produce,seafood counter,5619,0.0017,1.5
cleaning products,soup broth bouillon,9413,0.0028,1.22
hot cereal pancake mixes,packaged cheese,48690,0.0146,1.4
hot cereal pancake mixes,tea,12522,0.0037,1.47
canned meals beans,frozen meat seafood,7043,0.0021,1.41
coffee,granola,8727,0.0026,1.67
lunch meat,preserved dips spreads,17819,0.0053,1.6
baby food formula,fresh herbs,14952,0.0045,1.04
food storage,soy lactosefree,9558,0.0029,0.96
canned fruit applesauce,tortillas flat bread,8510,0.0025,1.86
pickled goods olives,refrigerated,18634,0.0056,1.31
hot dogs bacon sausage,packaged cheese,104809,0.0313,1.62
oils vinegars,tea,15303,0.0046,1.19
canned jarred vegetables,crackers,34287,0.0102,1.21
canned meat seafood,chips pretzels,13946,0.0042,1.3
candy chocolate,packaged vegetables fruits,87763,0.0262,1.03
frozen appetizers sides,spreads,19447,0.0058,1.44
energy granola bars,meat counter,6679,0.002,1.07
canned meat seafood,ice cream ice,8780,0.0026,1.24
canned jarred vegetables,prepared meals,6958,0.0021,1.03
baby food formula,cereal,22064,0.0066,1.55
condiments,crackers,31474,0.0094,1.37
asian foods,dry pasta,18612,0.0056,1.82
laundry,spreads,8266,0.0025,1.27
cleaning products,frozen appetizers sides,6324,0.0019,1.31
fresh vegetables,frozen appetizers sides,93359,0.0279,1.21
canned jarred vegetables,soft drinks,19369,0.0058,0.9
butter,fresh vegetables,150170,0.0449,1.35
canned meat seafood,other creams cheeses,8897,0.0027,1.6
butter,yogurt,85533,0.0256,1.3
canned fruit applesauce,eggs,17066,0.0051,1.53
packaged produce,soup broth bouillon,12227,0.0037,0.7
crackers,tofu meat alternatives,16017,0.0048,1.27
eggs,missing,11855,0.0035,1.3
eggs,lunch meat,74962,0.0224,1.57
buns rolls,butter,12713,0.0038,1.56
food storage,packaged cheese,16976,0.0051,1.26
baby food formula,dish detergents,7025,0.0021,1.67
chips pretzels,frozen appetizers sides,53570,0.016,1.84
cream,yogurt,104142,0.0311,1.29
cream,packaged produce,16755,0.005,0.87
fruit vegetable snacks,hot dogs bacon sausage,20140,0.006,1.55
doughs gelatins bake mixes,salad dressing toppings,5780,0.0017,2.27
baking ingredients,popcorn jerky,12744,0.0038,1.09
packaged produce,tea,7081,0.0021,0.6
pasta sauce,tortillas flat bread,22543,0.0067,1.92
breakfast bakery,lunch meat,42567,0.0127,1.78
fresh herbs,nuts seeds dried fruit,34334,0.0103,1.36
prepared soups salads,yogurt,22498,0.0067,1.3
grains rice dried goods,refrigerated,22028,0.0066,1.21
frozen breakfast,frozen vegan vegetarian,11159,0.0033,2.21
canned jarred vegetables,doughs gelatins bake mixes,13031,0.0039,1.89
chips pretzels,cookies cakes,68121,0.0204,2.05
coffee,oils vinegars,14036,0.0042,1.11
breakfast bakery,prepared soups salads,6921,0.0021,1.53
juice nectars,nuts seeds dried fruit,31514,0.0094,1.3
food storage,yogurt,16158,0.0048,1.05
energy granola bars,prepared meals,11626,0.0035,1.47
juice nectars,salad dressing toppings,11125,0.0033,1.36
frozen pizza,spices seasonings,8604,0.0026,1.14
nuts seeds dried fruit,yogurt,94535,0.0283,1.33
hot dogs bacon sausage,marinades meat preparation,10376,0.0031,2.02
eggs,food storage,10427,0.0031,1.3
baby food formula,frozen vegan vegetarian,5972,0.0018,1.59
ice cream ice,spices seasonings,20648,0.0062,1.07
fresh fruits,frozen breads doughs,27918,0.0083,1.23
energy granola bars,preserved dips spreads,12832,0.0038,1.39
juice nectars,water seltzer sparkling water,75436,0.0225,1.31
baby food formula,pasta sauce,15982,0.0048,1.67
canned jarred vegetables,canned meals beans,61239,0.0183,3.56
baking ingredients,energy granola bars,23482,0.007,1.06
coffee,frozen appetizers sides,11551,0.0035,1.19
frozen pizza,packaged produce,5408,0.0016,0.6
chips pretzels,trash bags liners,6761,0.002,1.25
frozen appetizers sides,laundry,5915,0.0018,1.36
canned fruit applesauce,fresh dips tapenades,11370,0.0034,1.42
canned jarred vegetables,food storage,6119,0.0018,1.42
fresh dips tapenades,latino foods,12351,0.0037,1.77
plates bowls cups flatware,soy lactosefree,5171,0.0015,0.81
lunch meat,soup broth bouillon,42069,0.0126,1.45
cookies cakes,poultry counter,7401,0.0022,0.97
other creams cheeses,packaged vegetables fruits,137549,0.0411,1.29
missing,packaged vegetables fruits,33949,0.0101,1.39
baking supplies decor,packaged cheese,6156,0.0018,1.24
popcorn jerky,soft drinks,21976,0.0066,1.66
eggs,pasta sauce,43378,0.013,1.52
cereal,doughs gelatins bake mixes,15642,0.0047,1.81
poultry counter,preserved dips spreads,6506,0.0019,1.57
crackers,oral hygiene,9776,0.0029,1.46
salad dressing toppings,water seltzer sparkling water,19020,0.0057,1.09
breakfast bakery,tea,18623,0.0056,1.44
fresh pasta,ice cream ice,6349,0.0019,1.62
dry pasta,tofu meat alternatives,15080,0.0045,1.93
chips pretzels,lunch meat,93653,0.028,1.6
frozen pizza,preserved dips spreads,8948,0.0027,1.93
seafood counter,yogurt,10983,0.0033,1.37
ice cream ice,meat counter,9718,0.0029,1.22
cream,fruit vegetable snacks,17877,0.0053,1.27
lunch meat,tea,24541,0.0073,1.25
dish detergents,frozen breakfast,8662,0.0026,1.54
cereal,cookies cakes,33858,0.0101,1.85
cereal,prepared meals,10966,0.0033,1.29
coffee,lunch meat,26118,0.0078,1.34
juice nectars,soft drinks,41547,0.0124,1.59
popcorn jerky,tortillas flat bread,10913,0.0033,1.27
fresh herbs,meat counter,13596,0.0041,2.02
baby food formula,canned fruit applesauce,12130,0.0036,3.25
juice nectars,plates bowls cups flatware,5371,0.0016,1.6
energy granola bars,laundry,7865,0.0024,1.08
juice nectars,soy lactosefree,63844,0.0191,1.25
instant foods,preserved dips spreads,10904,0.0033,1.97
pickled goods olives,tea,7808,0.0023,1.29
fruit vegetable snacks,water seltzer sparkling water,39401,0.0118,1.33
buns rolls,juice nectars,15404,0.0046,1.57
cream,preserved dips spreads,12115,0.0036,1.24
grains rice dried goods,packaged vegetables fruits,73348,0.0219,1.46
canned fruit applesauce,fresh vegetables,44001,0.0132,1.22
canned fruit applesauce,energy granola bars,13619,0.0041,1.94
energy granola bars,salad dressing toppings,9891,0.003,1.26
buns rolls,refrigerated,20234,0.006,1.39
honeys syrups nectars,lunch meat,8987,0.0027,1.28
cereal,fresh dips tapenades,42654,0.0127,1.4
lunch meat,nuts seeds dried fruit,35698,0.0107,1.27
candy chocolate,frozen appetizers sides,14775,0.0044,1.23
buns rolls,cereal,16787,0.005,1.66
baby food formula,granola,5833,0.0017,1.36
canned jarred vegetables,packaged poultry,18061,0.0054,2.04
baking ingredients,fresh herbs,40715,0.0122,1.7
laundry,tortillas flat bread,6324,0.0019,1.34
grains rice dried goods,salad dressing toppings,5165,0.0015,1.39
milk,packaged seafood,6052,0.0018,1.16
condiments,fruit vegetable snacks,11579,0.0035,1.26
cream,meat counter,8419,0.0025,1.27
baby bath body care,fresh fruits,5043,0.0015,1.1
eggs,frozen appetizers sides,32897,0.0098,1.38
packaged poultry,preserved dips spreads,6867,0.0021,1.79
hot cereal pancake mixes,milk,50485,0.0151,1.37
packaged vegetables fruits,red wines,6099,0.0018,0.63
instant foods,packaged produce,7474,0.0022,0.69
oral hygiene,packaged cheese,15806,0.0047,1.18
chips pretzels,tortillas flat bread,50569,0.0151,1.6
grains rice dried goods,soft drinks,9066,0.0027,0.76
laundry,spices seasonings,5355,0.0016,1.22
coffee,fresh herbs,14956,0.0045,0.86
canned meals beans,crackers,38556,0.0115,1.44
instant foods,latino foods,8733,0.0026,2.37
dry pasta,pickled goods olives,13815,0.0041,1.83
dry pasta,frozen breakfast,26102,0.0078,1.79
feminine care,packaged vegetables fruits,5290,0.0016,0.82
butter,chips pretzels,52776,0.0158,1.26
other creams cheeses,popcorn jerky,16174,0.0048,1.23
frozen meals,popcorn jerky,17883,0.0053,1.58
butter,spices seasonings,23548,0.007,1.8
frozen meals,other creams cheeses,29777,0.0089,1.38
breakfast bars pastries,water seltzer sparkling water,14755,0.0044,1.25
hot cereal pancake mixes,pickled goods olives,6253,0.0019,1.3
energy sports drinks,nuts seeds dried fruit,7347,0.0022,1.12
bakery desserts,water seltzer sparkling water,6908,0.0021,1.05
canned jarred vegetables,packaged meat,5199,0.0016,2.02
juice nectars,packaged poultry,12572,0.0038,1.17
frozen breads doughs,other creams cheeses,5426,0.0016,1.54
crackers,specialty cheeses,18567,0.0055,2.0
ice cream ice,soft drinks,50422,0.0151,1.57
ice cream ice,vitamins supplements,5133,0.0015,1.12
breakfast bakery,dish detergents,8997,0.0027,1.43
diapers wipes,packaged cheese,6536,0.002,1.23
ice cream ice,instant foods,31324,0.0094,1.64
frozen produce,granola,16287,0.0049,1.41
juice nectars,other creams cheeses,34377,0.0103,1.32
candy chocolate,yogurt,71967,0.0215,1.18
oral hygiene,other creams cheeses,6259,0.0019,1.24
body lotions soap,packaged cheese,9464,0.0028,1.1
doughs gelatins bake mixes,fresh dips tapenades,11342,0.0034,1.24
cream,spices seasonings,20518,0.0061,1.28
buns rolls,ice cream ice,19824,0.0059,1.65
frozen vegan vegetarian,ice cream ice,14198,0.0042,1.57
paper goods,specialty cheeses,5390,0.0016,1.05
dry pasta,juice nectars,29343,0.0088,1.38
nuts seeds dried fruit,packaged produce,20355,0.0061,1.21
spreads,yogurt,96682,0.0289,1.41
oral hygiene,pasta sauce,5088,0.0015,1.4
doughs gelatins bake mixes,spices seasonings,8675,0.0026,1.78
canned meals beans,soap,5750,0.0017,1.44
chips pretzels,hair care,5989,0.0018,1.34
tea,vitamins supplements,5054,0.0015,2.14
butter,soap,6093,0.0018,1.42
baby food formula,soup broth bouillon,17223,0.0051,1.34
chips pretzels,hot dogs bacon sausage,72757,0.0217,1.54
breakfast bars pastries,energy granola bars,15473,0.0046,2.9
baking ingredients,dish detergents,11070,0.0033,1.58
canned meals beans,energy granola bars,26227,0.0078,1.3
baby food formula,grains rice dried goods,9942,0.003,1.59
butter,oils vinegars,30552,0.0091,1.8
body lotions soap,packaged vegetables fruits,10438,0.0031,0.76
cocoa drink mixes,packaged vegetables fruits,6571,0.002,0.94
ice cream ice,soy lactosefree,71187,0.0213,1.14
fruit vegetable snacks,ice cream ice,23759,0.0071,1.4
energy granola bars,instant foods,24519,0.0073,1.64
breakfast bars pastries,packaged vegetables fruits,22273,0.0067,0.98
fresh vegetables,white wines,7589,0.0023,0.65
air fresheners candles,fresh fruits,7485,0.0022,0.78
candy chocolate,soft drinks,32933,0.0098,1.63
soft drinks,spices seasonings,14519,0.0043,0.96
oils vinegars,oral hygiene,5768,0.0017,1.46
nuts seeds dried fruit,oral hygiene,6068,0.0018,1.29
laundry,other creams cheeses,9139,0.0027,1.26
canned jarred vegetables,packaged produce,12579,0.0038,0.82
canned jarred vegetables,grains rice dried goods,24664,0.0074,2.45
crackers,nuts seeds dried fruit,50881,0.0152,1.64
packaged meat,packaged vegetables fruits,17534,0.0052,1.37
canned jarred vegetables,hot cereal pancake mixes,16256,0.0049,1.46
seafood counter,water seltzer sparkling water,5688,0.0017,0.98
milk,tortillas flat bread,60949,0.0182,1.33
lunch meat,oils vinegars,27230,0.0081,1.15
fresh fruits,oral hygiene,31377,0.0094,0.97
food storage,refrigerated,9008,0.0027,1.15
crackers,marinades meat preparation,9735,0.0029,1.39
food storage,packaged vegetables fruits,21956,0.0066,1.02
pickled goods olives,soft drinks,11245,0.0034,1.21
canned meat seafood,hot dogs bacon sausage,9150,0.0027,1.69
fresh vegetables,missing,38096,0.0114,1.29
energy granola bars,lunch meat,45638,0.0136,1.52
soy lactosefree,spices seasonings,38988,0.0117,1.31
packaged poultry,tea,6050,0.0018,0.89
canned meals beans,dish detergents,8904,0.0027,1.39
frozen meals,hot dogs bacon sausage,31102,0.0093,1.49
butter,cookies cakes,19053,0.0057,1.29
honeys syrups nectars,water seltzer sparkling water,13857,0.0041,1.07
fresh herbs,lunch meat,38016,0.0114,1.17
baby food formula,lunch meat,24423,0.0073,1.53
dry pasta,laundry,8021,0.0024,1.35
milk,refrigerated,134393,0.0402,1.23
breakfast bakery,instant foods,22972,0.0069,1.93
hot dogs bacon sausage,poultry counter,18429,0.0055,1.69
packaged vegetables fruits,plates bowls cups flatware,11153,0.0033,0.81
laundry,water seltzer sparkling water,21610,0.0065,1.34
hot dogs bacon sausage,prepared soups salads,7479,0.0022,1.35
candy chocolate,grains rice dried goods,9731,0.0029,1.03
beers coolers,fresh vegetables,6853,0.002,0.5
chips pretzels,packaged vegetables fruits,243377,0.0727,1.18
coffee,preserved dips spreads,7741,0.0023,1.3
doughs gelatins bake mixes,lunch meat,16875,0.005,1.73
buns rolls,fresh herbs,11061,0.0033,1.08
canned meals beans,condiments,25521,0.0076,1.83
frozen produce,meat counter,13191,0.0039,1.48
cleaning products,fresh fruits,44543,0.0133,0.86
baking ingredients,pasta sauce,22458,0.0067,1.41
marinades meat preparation,packaged cheese,23805,0.0071,1.7
cream,frozen meat seafood,7053,0.0021,1.08
packaged vegetables fruits,paper goods,74359,0.0222,0.95
candy chocolate,spices seasonings,12333,0.0037,1.02
eggs,soap,9986,0.003,1.27
paper goods,salad dressing toppings,8849,0.0026,1.54
frozen pizza,tortillas flat bread,14126,0.0042,1.73
asian foods,milk,37707,0.0113,1.07
butter,hot cereal pancake mixes,17171,0.0051,1.52
canned jarred vegetables,tofu meat alternatives,15262,0.0046,1.88
fresh fruits,spices seasonings,110749,0.0331,1.14
latino foods,yogurt,25164,0.0075,1.34
frozen appetizers sides,granola,5969,0.0018,1.23
protein meal replacements,soy lactosefree,10269,0.0031,1.77
fresh fruits,soap,37417,0.0112,1.17
frozen pizza,pasta sauce,18958,0.0057,2.1
frozen pizza,fruit vegetable snacks,12019,0.0036,1.8
cereal,instant foods,31878,0.0095,1.98
baking ingredients,laundry,8930,0.0027,1.39
cream,specialty cheeses,10960,0.0033,1.48
grains rice dried goods,pickled goods olives,7499,0.0022,1.72
missing,refrigerated,12628,0.0038,1.42
canned meat seafood,cookies cakes,5171,0.0015,1.36
milk,spreads,80898,0.0242,1.27
bread,salad dressing toppings,21681,0.0065,1.45
coffee,juice nectars,22179,0.0066,1.32
buns rolls,milk,35762,0.0107,1.34
doughs gelatins bake mixes,packaged vegetables fruits,40078,0.012,1.17
lunch meat,tofu meat alternatives,10222,0.0031,0.89
cookies cakes,refrigerated pudding desserts,5122,0.0015,2.59
fresh vegetables,more household,6398,0.0019,0.84
condiments,tofu meat alternatives,11989,0.0036,1.82
baby food formula,breakfast bakery,15529,0.0046,1.47
lunch meat,paper goods,26333,0.0079,1.19
baking ingredients,prepared meals,6358,0.0019,0.91
canned jarred vegetables,dish detergents,8892,0.0027,1.32
frozen appetizers sides,specialty cheeses,5796,0.0017,1.38
baking ingredients,canned jarred vegetables,33642,0.0101,1.78
soup broth bouillon,tortillas flat bread,25300,0.0076,1.61
cream,oral hygiene,5710,0.0017,1.07
frozen breakfast,tea,14044,0.0042,1.21
cream,honeys syrups nectars,9564,0.0029,1.55
canned fruit applesauce,popcorn jerky,7021,0.0021,1.9
energy granola bars,frozen produce,45617,0.0136,1.28
milk,poultry counter,40310,0.012,1.28
dry pasta,ice cream ice,36269,0.0108,1.39
frozen pizza,prepared meals,7428,0.0022,1.88
cleaning products,juice nectars,11558,0.0035,1.39
dry pasta,soup broth bouillon,39471,0.0118,2.0
condiments,honeys syrups nectars,7821,0.0023,1.94
diapers wipes,milk,7077,0.0021,1.26
coffee,milk,55355,0.0165,1.22
packaged produce,spices seasonings,7751,0.0023,0.71
hot dogs bacon sausage,paper goods,23538,0.007,1.32
eggs,salad dressing toppings,17609,0.0053,1.41
eggs,energy granola bars,46193,0.0138,1.16
refrigerated,vitamins supplements,8738,0.0026,1.57
canned fruit applesauce,pasta sauce,9984,0.003,1.97
frozen produce,soap,9510,0.0028,1.35
coffee,food storage,5148,0.0015,1.58
hot cereal pancake mixes,latino foods,5046,0.0015,1.57
oral hygiene,soy lactosefree,11211,0.0034,1.13
fresh fruits,trash bags liners,16036,0.0048,0.89
grains rice dried goods,other creams cheeses,16663,0.005,1.41
milk,protein meal replacements,8271,0.0025,1.0
fresh fruits,refrigerated,288683,0.0863,1.16
hot dogs bacon sausage,pasta sauce,31948,0.0095,1.82
eggs,refrigerated pudding desserts,6516,0.0019,1.42
candy chocolate,prepared soups salads,5766,0.0017,1.26
butter,doughs gelatins bake mixes,13853,0.0041,1.98
butter,frozen pizza,14639,0.0044,1.35
milk,oils vinegars,58877,0.0176,1.06
oils vinegars,preserved dips spreads,9310,0.0028,1.28
frozen meals,juice nectars,31932,0.0095,1.43
honeys syrups nectars,hot dogs bacon sausage,8618,0.0026,1.52
dry pasta,paper goods,20606,0.0062,1.37
canned jarred vegetables,specialty cheeses,10337,0.0031,1.74
bread,packaged cheese,198894,0.0594,1.58
cat food care,ice cream ice,6533,0.002,1.63
cleaning products,dry pasta,8839,0.0026,1.35
cat food care,fresh vegetables,12655,0.0038,0.78
canned jarred vegetables,water seltzer sparkling water,46479,0.0139,0.98
asian foods,cream,14910,0.0045,1.13
soft drinks,spirits,6237,0.0019,3.03
food storage,soup broth bouillon,6817,0.002,1.4
coffee,eggs,34132,0.0102,1.33
plates bowls cups flatware,water seltzer sparkling water,10398,0.0031,1.45
fruit vegetable snacks,refrigerated,32126,0.0096,1.56
marinades meat preparation,pasta sauce,8571,0.0026,2.26
soft drinks,trail mix snack mix,6175,0.0018,2.0
latino foods,other creams cheeses,15656,0.0047,2.54
eggs,oils vinegars,43658,0.013,1.4
ice cream ice,packaged produce,14647,0.0044,0.64
frozen produce,pickled goods olives,19549,0.0058,1.48
soup broth bouillon,spreads,29304,0.0088,1.35
bakery desserts,refrigerated,6313,0.0019,1.38
energy sports drinks,paper goods,11370,0.0034,2.21
frozen breads doughs,pasta sauce,5033,0.0015,1.99
pasta sauce,yogurt,77033,0.023,1.41
frozen produce,packaged poultry,24694,0.0074,1.67
baking ingredients,instant foods,17458,0.0052,1.31
baby food formula,crackers,31355,0.0094,1.78
breakfast bakery,buns rolls,14632,0.0044,1.95
condiments,soft drinks,22069,0.0066,1.27
hot dogs bacon sausage,tofu meat alternatives,8659,0.0026,0.93
frozen meals,missing,7767,0.0023,1.57
bread,frozen produce,87931,0.0263,1.3
eggs,tea,28409,0.0085,1.09
canned jarred vegetables,pickled goods olives,18015,0.0054,2.29
pickled goods olives,soy lactosefree,23283,0.007,1.28
canned jarred vegetables,tortillas flat bread,25673,0.0077,1.85
missing,soup broth bouillon,8837,0.0026,1.59
asian foods,packaged vegetables fruits,71332,0.0213,1.35
marinades meat preparation,poultry counter,5604,0.0017,2.37
dry pasta,poultry counter,16855,0.005,1.84
breakfast bars pastries,refrigerated,11319,0.0034,1.37
chips pretzels,fresh vegetables,270754,0.0809,1.09
missing,soft drinks,6185,0.0018,1.07
chips pretzels,trail mix snack mix,12186,0.0036,2.04
baby food formula,fresh vegetables,85949,0.0257,1.26
fresh pasta,soup broth bouillon,5138,0.0015,1.73
baking supplies decor,packaged vegetables fruits,8098,0.0024,1.02
cold flu allergy,packaged vegetables fruits,6090,0.0018,0.75
canned fruit applesauce,spreads,11598,0.0035,1.83
frozen vegan vegetarian,refrigerated,14706,0.0044,1.34
pickled goods olives,preserved dips spreads,7424,0.0022,2.18
dry pasta,packaged produce,9441,0.0028,0.64
frozen produce,other,5798,0.0017,1.28
eggs,packaged vegetables fruits,232630,0.0695,1.38
ice cream ice,prepared soups salads,10504,0.0031,1.45
eggs,other,5903,0.0018,1.17
frozen meals,paper goods,23170,0.0069,1.47
fresh herbs,fresh vegetables,264497,0.079,1.9
crackers,popcorn jerky,34965,0.0104,2.0
energy sports drinks,milk,19704,0.0059,1.0
canned jarred vegetables,juice nectars,25868,0.0077,1.17
frozen vegan vegetarian,milk,17563,0.0052,0.88
fresh dips tapenades,granola,17230,0.0051,1.88
fresh herbs,specialty cheeses,15176,0.0045,2.01
canned jarred vegetables,packaged vegetables fruits,129977,0.0388,1.43
bread,lunch meat,113505,0.0339,1.99
packaged vegetables fruits,trail mix snack mix,11652,0.0035,0.89
meat counter,other creams cheeses,9963,0.003,1.6
cookies cakes,latino foods,5334,0.0016,1.27
butter,granola,8225,0.0025,1.17
butter,honeys syrups nectars,9138,0.0027,1.81
canned meals beans,eggs,46549,0.0139,1.45
instant foods,salad dressing toppings,10251,0.0031,2.17
frozen meals,frozen produce,44978,0.0134,1.47
packaged cheese,poultry counter,44497,0.0133,1.5
butter,candy chocolate,19964,0.006,1.15
hot dogs bacon sausage,tortillas flat bread,27921,0.0083,1.76
ice cream ice,missing,11331,0.0034,1.55
paper goods,refrigerated,35790,0.0107,1.26
instant foods,poultry counter,10699,0.0032,1.6
baking ingredients,water seltzer sparkling water,47009,0.014,0.96
canned meat seafood,milk,16472,0.0049,1.05
bulk grains rice dried goods,fresh fruits,13331,0.004,1.37
breakfast bars pastries,paper goods,7180,0.0021,1.83
hot dogs bacon sausage,lunch meat,60524,0.0181,2.06
prepared meals,yogurt,32085,0.0096,1.33
energy granola bars,frozen pizza,20503,0.0061,1.64
frozen meals,instant foods,28063,0.0084,2.18
canned jarred vegetables,marinades meat preparation,10797,0.0032,2.4
meat counter,packaged cheese,25627,0.0077,1.55
instant foods,prepared meals,8440,0.0025,1.78
candy chocolate,cereal,29301,0.0088,1.36
coffee,poultry counter,7055,0.0021,0.98
canned jarred vegetables,popcorn jerky,11197,0.0033,1.0
fresh dips tapenades,packaged poultry,15791,0.0047,1.34
fresh dips tapenades,frozen meals,34956,0.0104,1.43
doughs gelatins bake mixes,ice cream ice,18939,0.0057,1.84
frozen pizza,spreads,16549,0.0049,1.47
condiments,eggs,38012,0.0114,1.38
packaged cheese,trash bags liners,8374,0.0025,1.13
frozen breads doughs,refrigerated,7279,0.0022,1.34
dog food care,milk,6930,0.0021,1.05
fresh pasta,pasta sauce,9784,0.0029,4.41
frozen dessert,milk,5309,0.0016,1.11
cereal,packaged vegetables fruits,133768,0.04,1.17
cereal,meat counter,6956,0.0021,1.04
baby food formula,frozen breakfast,22515,0.0067,2.38
energy sports drinks,soft drinks,19690,0.0059,2.79
condiments,packaged poultry,11539,0.0034,1.61
hot cereal pancake mixes,paper goods,13059,0.0039,1.36
frozen appetizers sides,frozen produce,34836,0.0104,1.63
pasta sauce,poultry counter,15737,0.0047,1.96
frozen breads doughs,packaged cheese,15027,0.0045,1.61
preserved dips spreads,salad dressing toppings,6420,0.0019,2.21
cookies cakes,water seltzer sparkling water,46210,0.0138,1.22
cereal,frozen breakfast,36606,0.0109,1.92
bakery desserts,cookies cakes,5735,0.0017,2.83
latino foods,refrigerated,11569,0.0035,1.22
crackers,laundry,13558,0.0041,1.41
cream,energy granola bars,34988,0.0105,1.32
dish detergents,fresh dips tapenades,10365,0.0031,1.15
fresh dips tapenades,meat counter,8978,0.0027,1.27
eggs,frozen breads doughs,8449,0.0025,1.51
eggs,oral hygiene,9837,0.0029,1.23
canned meals beans,lunch meat,33404,0.01,1.37
breakfast bars pastries,fruit vegetable snacks,7887,0.0024,2.77
chips pretzels,grains rice dried goods,27919,0.0083,1.22
frozen breads doughs,hot dogs bacon sausage,5595,0.0017,1.63
cream,fresh herbs,37480,0.0112,1.31
crackers,poultry counter,17389,0.0052,1.17
fresh dips tapenades,specialty cheeses,13165,0.0039,1.66
milk,water seltzer sparkling water,156555,0.0468,1.0
canned meals beans,missing,6712,0.002,1.45
granola,spreads,13591,0.0041,1.86
packaged poultry,pickled goods olives,5956,0.0018,1.55
bread,fresh fruits,376065,0.1124,1.23
fresh herbs,frozen breakfast,18732,0.0056,0.97
baby food formula,paper goods,10848,0.0032,1.12
baking ingredients,canned meat seafood,7200,0.0022,1.46
tea,yogurt,61014,0.0182,1.23
chips pretzels,juice nectars,73340,0.0219,1.46
bread,eggs,122448,0.0366,1.62
baby food formula,pickled goods olives,5451,0.0016,1.11
breakfast bakery,water seltzer sparkling water,51028,0.0153,1.16
dish detergents,ice cream ice,13254,0.004,1.31
frozen pizza,frozen vegan vegetarian,8472,0.0025,2.39
cream,laundry,8316,0.0025,1.08
baking ingredients,butter,45664,0.0136,2.38
digestion,packaged vegetables fruits,10462,0.0031,1.08
dish detergents,oils vinegars,10823,0.0032,1.74
butter,popcorn jerky,13290,0.004,1.17
breakfast bakery,specialty cheeses,7807,0.0023,1.41
meat counter,tortillas flat bread,5579,0.0017,1.37
packaged cheese,refrigerated,125637,0.0375,1.22
energy granola bars,soy lactosefree,72276,0.0216,1.47
energy granola bars,pasta sauce,24858,0.0074,1.38
baby food formula,frozen meat seafood,6742,0.002,2.06
soup broth bouillon,soy lactosefree,63409,0.019,1.34
cereal,other creams cheeses,39005,0.0117,1.45
baby food formula,doughs gelatins bake mixes,6478,0.0019,1.51
frozen appetizers sides,oils vinegars,13802,0.0041,1.17
energy granola bars,prepared soups salads,7710,0.0023,1.36
doughs gelatins bake mixes,oils vinegars,9004,0.0027,1.42
granola,popcorn jerky,6753,0.002,1.58
asian foods,nuts seeds dried fruit,17947,0.0054,1.54
canned meals beans,frozen breakfast,22654,0.0068,1.58
coffee,spices seasonings,10429,0.0031,1.07
frozen appetizers sides,refrigerated,34117,0.0102,1.47
canned meals beans,chips pretzels,56608,0.0169,1.45
nuts seeds dried fruit,popcorn jerky,21759,0.0065,1.77
beers coolers,red wines,5502,0.0016,22.75
frozen breakfast,preserved dips spreads,10420,0.0031,1.58
ice cream ice,oils vinegars,26143,0.0078,1.05
buns rolls,frozen vegan vegetarian,5515,0.0016,2.06
salad dressing toppings,spreads,10600,0.0032,1.5
breakfast bars pastries,frozen meals,9000,0.0027,1.96
juice nectars,refrigerated pudding desserts,5401,0.0016,1.8
cookies cakes,spreads,22795,0.0068,1.48
body lotions soap,bread,7967,0.0024,1.3
chips pretzels,energy sports drinks,21464,0.0064,1.58
buns rolls,popcorn jerky,7080,0.0021,1.43
paper goods,soy lactosefree,37084,0.0111,1.03
canned meals beans,refrigerated,36299,0.0108,1.16
energy sports drinks,fresh vegetables,24363,0.0073,0.68
frozen vegan vegetarian,soft drinks,7023,0.0021,0.99
digestion,refrigerated,5609,0.0017,1.59
cleaning products,pasta sauce,7036,0.0021,1.22
candy chocolate,specialty cheeses,7147,0.0021,1.28
cereal,chips pretzels,84288,0.0252,1.62
hot dogs bacon sausage,soup broth bouillon,37385,0.0112,1.59
canned jarred vegetables,frozen produce,52912,0.0158,1.74
other creams cheeses,soup broth bouillon,38873,0.0116,1.61
condiments,frozen meat seafood,7000,0.0021,1.64
baking ingredients,eggs,50665,0.0151,1.44
frozen meals,refrigerated pudding desserts,5665,0.0017,2.28
baby food formula,preserved dips spreads,6196,0.0019,1.26
cleaning products,spreads,9050,0.0027,1.25
canned jarred vegetables,yogurt,81752,0.0244,1.26
condiments,marinades meat preparation,10204,0.003,2.79
energy granola bars,energy sports drinks,11240,0.0034,1.6
protein meal replacements,refrigerated,7040,0.0021,1.55
crackers,frozen meals,43854,0.0131,1.54
paper goods,plates bowls cups flatware,8776,0.0026,3.71
butter,fruit vegetable snacks,15048,0.0045,1.31
candy chocolate,dry pasta,17594,0.0053,1.07
granola,other creams cheeses,10677,0.0032,1.32
fresh vegetables,paper goods,87421,0.0261,0.93
condiments,soy lactosefree,46045,0.0138,1.35
fresh pasta,packaged vegetables fruits,18376,0.0055,1.4
granola,tea,9426,0.0028,1.78
digestion,packaged cheese,6456,0.0019,1.07
fresh vegetables,laundry,33497,0.01,0.9
eggs,fresh dips tapenades,61762,0.0185,1.37
cleaning products,spices seasonings,6387,0.0019,1.32
chips pretzels,fresh herbs,52893,0.0158,1.01
fresh dips tapenades,hot dogs bacon sausage,36729,0.011,1.33
buns rolls,frozen pizza,9946,0.003,2.11
eggs,preserved dips spreads,20138,0.006,1.37
frozen breakfast,hot dogs bacon sausage,37949,0.0113,2.19
asian foods,soft drinks,12444,0.0037,0.99
fresh herbs,frozen meals,19713,0.0059,0.85
butter,frozen breads doughs,5026,0.0015,1.65
tea,tortillas flat bread,12290,0.0037,1.15
oils vinegars,paper goods,18657,0.0056,1.3
popcorn jerky,preserved dips spreads,7447,0.0022,1.53
refrigerated,spreads,43951,0.0131,1.26
oils vinegars,packaged produce,14587,0.0044,1.03
bakery desserts,yogurt,9001,0.0027,1.0
frozen breakfast,frozen meat seafood,12149,0.0036,2.76
cereal,plates bowls cups flatware,5163,0.0015,1.49
chips pretzels,packaged poultry,24607,0.0074,1.22
asian foods,tortillas flat bread,13644,0.0041,1.68
energy sports drinks,water seltzer sparkling water,23630,0.0071,1.52
cereal,frozen breads doughs,5290,0.0016,1.4
chips pretzels,digestion,5353,0.0016,1.21
milk,yogurt,318857,0.0953,1.49
buns rolls,hot cereal pancake mixes,6801,0.002,1.38
grains rice dried goods,spreads,15838,0.0047,1.49
eggs,spices seasonings,33660,0.0101,1.4
breakfast bakery,fresh fruits,152775,0.0457,1.19
candy chocolate,canned meat seafood,5352,0.0016,1.2
candy chocolate,pasta sauce,15293,0.0046,1.06
butter,juice nectars,29586,0.0088,1.32
tea,tofu meat alternatives,7421,0.0022,1.19
food storage,pasta sauce,5341,0.0016,1.47
cocoa drink mixes,milk,5523,0.0017,1.19
frozen vegan vegetarian,spices seasonings,5639,0.0017,1.32
hot cereal pancake mixes,packaged vegetables fruits,73130,0.0219,1.32
bread,spices seasonings,34275,0.0102,1.2
milk,nuts seeds dried fruit,73765,0.022,1.12
fresh dips tapenades,tofu meat alternatives,20094,0.006,1.86
fresh herbs,frozen pizza,11630,0.0035,0.86
instant foods,tofu meat alternatives,8491,0.0025,1.49
eggs,yogurt,166905,0.0499,1.38
soy lactosefree,vitamins supplements,10871,0.0032,1.53
specialty cheeses,yogurt,29036,0.0087,1.37
packaged poultry,tortillas flat bread,11978,0.0036,1.77
fresh dips tapenades,other creams cheeses,41383,0.0124,1.46
honeys syrups nectars,soup broth bouillon,8265,0.0025,1.47
candy chocolate,fresh fruits,134831,0.0403,1.04
soy lactosefree,tea,44461,0.0133,1.39
hot dogs bacon sausage,preserved dips spreads,14836,0.0044,1.65
frozen breakfast,ice cream ice,36557,0.0109,1.61
chips pretzels,packaged cheese,187270,0.056,1.45
fresh dips tapenades,packaged cheese,114214,0.0341,1.51
butter,hot dogs bacon sausage,36333,0.0109,1.73
frozen appetizers sides,popcorn jerky,13183,0.0039,1.67
meat counter,oils vinegars,6988,0.0021,1.43
candy chocolate,soup broth bouillon,20812,0.0062,1.07
canned fruit applesauce,coffee,6236,0.0019,1.37
cereal,trail mix snack mix,6197,0.0019,1.88
dry pasta,packaged poultry,15923,0.0048,1.88
breakfast bakery,latino foods,7397,0.0022,1.51
cream,poultry counter,13476,0.004,1.14
doughs gelatins bake mixes,poultry counter,5057,0.0015,1.4
poultry counter,soft drinks,8209,0.0025,0.73
beers coolers,chips pretzels,6259,0.0019,1.21
asian foods,fresh dips tapenades,19665,0.0059,1.39
energy granola bars,tea,26618,0.008,1.63
instant foods,soy lactosefree,33486,0.01,1.14
eggs,seafood counter,5974,0.0018,1.43
bread,hair care,5874,0.0018,1.35
cereal,frozen meals,36648,0.011,1.59
lunch meat,pasta sauce,37897,0.0113,1.75
breakfast bars pastries,dry pasta,6122,0.0018,1.4
condiments,spices seasonings,24160,0.0072,2.31
condiments,food storage,6324,0.0019,1.81
frozen produce,packaged vegetables fruits,226011,0.0675,1.49
canned jarred vegetables,hot dogs bacon sausage,32203,0.0096,1.55
cream,soap,6113,0.0018,1.17
asian foods,baking ingredients,19260,0.0058,1.74
frozen meals,oils vinegars,16150,0.0048,0.96
frozen pizza,popcorn jerky,11206,0.0033,1.7
bulk grains rice dried goods,packaged vegetables fruits,9513,0.0028,1.48
grains rice dried goods,preserved dips spreads,6707,0.002,1.54
fruit vegetable snacks,granola,7551,0.0023,1.75
oils vinegars,packaged cheese,67111,0.0201,1.29
cookies cakes,other creams cheeses,23736,0.0071,1.39
hot cereal pancake mixes,poultry counter,8139,0.0024,1.39
breakfast bakery,frozen breakfast,28952,0.0087,2.05
hot dogs bacon sausage,spices seasonings,20973,0.0063,1.43
cat food care,fresh fruits,14886,0.0044,0.74
bread,packaged produce,27896,0.0083,0.81
canned meals beans,fresh fruits,165416,0.0494,1.27
cookies cakes,popcorn jerky,19022,0.0057,2.11
asian foods,chips pretzels,33236,0.0099,1.37
frozen meat seafood,oils vinegars,5888,0.0018,1.21
fresh dips tapenades,water seltzer sparkling water,75070,0.0224,1.19
bread,pasta sauce,55625,0.0166,1.63
frozen appetizers sides,packaged produce,7041,0.0021,0.65
breakfast bakery,packaged cheese,83202,0.0249,1.58
crackers,soy lactosefree,81596,0.0244,1.25
fresh herbs,tortillas flat bread,31153,0.0093,1.77
hot cereal pancake mixes,tofu meat alternatives,7757,0.0023,1.56
soy lactosefree,spreads,68669,0.0205,1.55
pasta sauce,soup broth bouillon,32731,0.0098,1.88
baking ingredients,meat counter,7358,0.0022,1.33
pasta sauce,salad dressing toppings,11426,0.0034,2.02
fresh pasta,water seltzer sparkling water,7595,0.0023,1.11
juice nectars,soup broth bouillon,34020,0.0102,1.36
food storage,lunch meat,7672,0.0023,1.26
popcorn jerky,prepared meals,5746,0.0017,1.38
canned jarred vegetables,soy lactosefree,55207,0.0165,1.32
lunch meat,packaged poultry,20453,0.0061,1.64
cereal,preserved dips spreads,14395,0.0043,1.45
cereal,tortillas flat bread,27819,0.0083,1.59
frozen pizza,nuts seeds dried fruit,13731,0.0041,1.18
frozen breakfast,missing,6276,0.0019,1.53
dry pasta,tortillas flat bread,25108,0.0075,1.88
canned fruit applesauce,grains rice dried goods,5176,0.0015,1.56
buns rolls,lunch meat,22389,0.0067,1.97
crackers,packaged cheese,143570,0.0429,1.63
breakfast bakery,energy granola bars,31171,0.0093,1.57
baking ingredients,frozen appetizers sides,16764,0.005,1.26
asian foods,eggs,27384,0.0082,1.38
energy granola bars,hot cereal pancake mixes,21815,0.0065,1.67
cereal,energy granola bars,47784,0.0143,1.78
lunch meat,popcorn jerky,22917,0.0068,1.45
frozen appetizers sides,instant foods,24844,0.0074,2.76
frozen meals,lunch meat,39623,0.0118,1.53
lunch meat,packaged meat,6142,0.0018,1.69
canned jarred vegetables,lunch meat,34758,0.0104,1.35
cookies cakes,prepared soups salads,5349,0.0016,1.38
buns rolls,dry pasta,13461,0.004,1.74
dish detergents,spreads,10575,0.0032,1.48
other creams cheeses,yogurt,110018,0.0329,1.44
crackers,soap,9355,0.0028,1.42
body lotions soap,eggs,6114,0.0018,1.19
fresh fruits,marinades meat preparation,36603,0.0109,1.08
dish detergents,oral hygiene,5089,0.0015,3.18
eggs,honeys syrups nectars,12746,0.0038,1.38
instant foods,juice nectars,25298,0.0076,1.63
fruit vegetable snacks,soy lactosefree,35056,0.0105,1.34
canned jarred vegetables,frozen vegan vegetarian,8975,0.0027,1.48
chips pretzels,dry pasta,57890,0.0173,1.46
fresh vegetables,indian foods,9103,0.0027,1.48
cream,popcorn jerky,17606,0.0053,1.26
frozen meat seafood,juice nectars,9103,0.0027,1.42
frozen meals,packaged vegetables fruits,107247,0.0321,1.17
breakfast bakery,yogurt,88868,0.0266,1.47
asian foods,fresh vegetables,94667,0.0283,1.48
frozen meals,frozen meat seafood,11664,0.0035,2.2
milk,prepared soups salads,19062,0.0057,1.19
breakfast bars pastries,cookies cakes,11147,0.0033,3.05
bread,cookies cakes,47765,0.0143,1.47
dish detergents,fresh vegetables,45542,0.0136,1.12
juice nectars,pickled goods olives,12909,0.0039,1.35
doughs gelatins bake mixes,frozen appetizers sides,12972,0.0039,2.67
crackers,fruit vegetable snacks,39587,0.0118,2.24
fresh herbs,prepared meals,8656,0.0026,1.01
chips pretzels,soap,12523,0.0037,1.31
juice nectars,laundry,10727,0.0032,1.43
frozen meals,poultry counter,10527,0.0031,1.1
asian foods,oils vinegars,20141,0.006,2.06
frozen breakfast,nuts seeds dried fruit,21174,0.0063,1.27
crackers,grains rice dried goods,21244,0.0063,1.35
meat counter,nuts seeds dried fruit,6253,0.0019,1.08
canned fruit applesauce,chips pretzels,24142,0.0072,1.77
ice cream ice,ice cream toppings,5272,0.0016,4.51
ice cream ice,popcorn jerky,25003,0.0075,1.49
packaged vegetables fruits,spices seasonings,84108,0.0251,1.31
breakfast bakery,poultry counter,10522,0.0031,1.19
cleaning products,fresh dips tapenades,8086,0.0024,0.89
frozen appetizers sides,soy lactosefree,35282,0.0105,1.2
juice nectars,prepared meals,11638,0.0035,1.42
frozen appetizers sides,poultry counter,10033,0.003,1.49
soup broth bouillon,water seltzer sparkling water,57073,0.0171,1.07
eggs,packaged poultry,24380,0.0073,1.48
cookies cakes,salad dressing toppings,7489,0.0022,1.39
coffee,fresh fruits,107306,0.0321,1.03
energy granola bars,soap,8108,0.0024,1.64
frozen vegan vegetarian,popcorn jerky,5145,0.0015,1.38
breakfast bars pastries,eggs,9070,0.0027,1.07
condiments,instant foods,17088,0.0051,1.65
packaged poultry,salad dressing toppings,6613,0.002,2.03
cereal,honeys syrups nectars,9802,0.0029,1.57
ice cream ice,other,5206,0.0016,1.28
poultry counter,yogurt,45921,0.0137,1.35
canned meals beans,energy sports drinks,5304,0.0016,0.94
canned jarred vegetables,instant foods,21902,0.0065,1.71
poultry counter,soy lactosefree,27240,0.0081,1.24
canned meals beans,granola,9144,0.0027,1.4
fresh fruits,fresh herbs,234572,0.0701,1.35
frozen produce,water seltzer sparkling water,80706,0.0241,1.02
fresh pasta,other creams cheeses,5382,0.0016,1.74
fruit vegetable snacks,pickled goods olives,6341,0.0019,1.29
breakfast bars pastries,butter,5011,0.0015,1.08
nuts seeds dried fruit,packaged cheese,82131,0.0245,1.32
asian foods,prepared meals,5532,0.0017,1.4
baby food formula,prepared meals,6815,0.002,1.63
fresh herbs,pasta sauce,29476,0.0088,1.51
nuts seeds dried fruit,oils vinegars,27732,0.0083,1.51
fruit vegetable snacks,popcorn jerky,17728,0.0053,2.53
frozen produce,spices seasonings,33497,0.01,1.55
canned meat seafood,crackers,11170,0.0033,1.52
candy chocolate,fresh dips tapenades,30752,0.0092,1.35
canned meals beans,oral hygiene,5490,0.0016,1.35
fresh vegetables,packaged cheese,452520,0.1352,1.32
candy chocolate,food storage,5349,0.0016,1.32
energy sports drinks,soup broth bouillon,8421,0.0025,1.24
hair care,packaged cheese,7304,0.0022,1.2
candy chocolate,chips pretzels,66857,0.02,1.72
dry pasta,fresh herbs,40505,0.0121,1.83
crackers,hot dogs bacon sausage,48628,0.0145,1.5
eggs,hot dogs bacon sausage,68021,0.0203,1.76
canned jarred vegetables,ice cream ice,29706,0.0089,1.09
baking ingredients,breakfast bars pastries,5182,0.0015,1.09
other creams cheeses,preserved dips spreads,19204,0.0057,2.07
canned jarred vegetables,refrigerated,35182,0.0105,1.07
frozen appetizers sides,hot dogs bacon sausage,32290,0.0097,2.21
indian foods,yogurt,5320,0.0016,1.46
fresh fruits,kosher foods,6659,0.002,1.07
energy granola bars,yogurt,115412,0.0345,1.52
candy chocolate,tortillas flat bread,14764,0.0044,1.13
energy granola bars,fresh herbs,24261,0.0073,0.9
crackers,other,5521,0.0016,1.31
baby food formula,butter,15239,0.0046,1.33
packaged cheese,prepared meals,29740,0.0089,1.42
buns rolls,frozen meals,13147,0.0039,1.62
canned meat seafood,soup broth bouillon,10152,0.003,1.89
meat counter,spreads,6164,0.0018,1.1
refrigerated pudding desserts,water seltzer sparkling water,7422,0.0022,1.16
cereal,water seltzer sparkling water,67300,0.0201,1.13
fresh herbs,soft drinks,17646,0.0053,0.65
juice nectars,pasta sauce,26149,0.0078,1.4
cookies cakes,food storage,5656,0.0017,1.64
canned jarred vegetables,missing,7609,0.0023,1.55
coffee,cream,33085,0.0099,1.93
baking ingredients,pickled goods olives,12363,0.0037,1.51
frozen breakfast,pickled goods olives,9224,0.0028,1.4
dish detergents,hot dogs bacon sausage,11106,0.0033,1.44
soft drinks,soup broth bouillon,26671,0.008,1.1
beers coolers,soft drinks,5578,0.0017,2.08
frozen meat seafood,pasta sauce,8235,0.0025,1.85
eggs,water seltzer sparkling water,96866,0.0289,1.1
canned meals beans,hot cereal pancake mixes,18007,0.0054,1.71
coffee,grains rice dried goods,7579,0.0023,0.99
frozen appetizers sides,prepared meals,8887,0.0027,1.87
bread,dry pasta,64944,0.0194,1.67
frozen produce,honeys syrups nectars,11751,0.0035,1.41
doughs gelatins bake mixes,packaged poultry,5727,0.0017,1.71
grains rice dried goods,nuts seeds dried fruit,17575,0.0053,1.6
canned jarred vegetables,fresh herbs,59213,0.0177,2.57
cereal,missing,7895,0.0024,1.28
eggs,fresh fruits,320881,0.0959,1.25
cleaning products,dish detergents,13117,0.0039,5.17
juice nectars,popcorn jerky,19458,0.0058,1.42
fresh herbs,packaged cheese,101557,0.0304,1.41
trail mix snack mix,yogurt,10865,0.0032,1.16
fresh pasta,refrigerated,6981,0.0021,1.47
breakfast bakery,dry pasta,26582,0.0079,1.64
cereal,frozen meat seafood,10318,0.0031,1.56
chips pretzels,specialty cheeses,18887,0.0056,1.39
frozen produce,specialty cheeses,12548,0.0038,1.26
cookies cakes,doughs gelatins bake mixes,11713,0.0035,2.12
hot dogs bacon sausage,milk,91505,0.0273,1.33
beers coolers,water seltzer sparkling water,5809,0.0017,0.98
pasta sauce,preserved dips spreads,12875,0.0038,1.94
ice cream ice,specialty cheeses,11754,0.0035,1.32
milk,packaged vegetables fruits,360680,0.1078,1.2
breakfast bars pastries,other creams cheeses,7687,0.0023,1.44
paper goods,tortillas flat bread,15736,0.0047,1.32
digestion,soy lactosefree,6175,0.0018,1.38
lunch meat,poultry counter,21935,0.0066,1.63
crackers,plates bowls cups flatware,6350,0.0019,1.48
buns rolls,soup broth bouillon,12898,0.0039,1.42
coffee,frozen meals,18178,0.0054,1.31
marinades meat preparation,soup broth bouillon,10739,0.0032,2.11
canned jarred vegetables,cereal,27484,0.0082,1.2
condiments,frozen meals,20399,0.0061,1.37
packaged cheese,prepared soups salads,19849,0.0059,1.31
oils vinegars,refrigerated,34043,0.0102,1.12
fresh vegetables,skin care,5153,0.0015,1.2
bread,fresh pasta,10596,0.0032,1.81
breakfast bakery,hot cereal pancake mixes,16396,0.0049,1.58
fresh fruits,white wines,8230,0.0025,0.56
energy sports drinks,frozen appetizers sides,6763,0.002,1.6
candy chocolate,fruit vegetable snacks,19079,0.0057,1.78
buns rolls,marinades meat preparation,5552,0.0017,2.79
eggs,specialty cheeses,15787,0.0047,1.42
cookies cakes,juice nectars,28395,0.0085,1.6
cookies cakes,fruit vegetable snacks,21874,0.0065,2.4
cookies cakes,granola,8389,0.0025,1.52
cookies cakes,frozen breakfast,23285,0.007,1.91
honeys syrups nectars,packaged cheese,19961,0.006,1.29
honeys syrups nectars,packaged vegetables fruits,29375,0.0088,1.19
packaged poultry,yogurt,41476,0.0124,1.31
doughs gelatins bake mixes,tea,6453,0.0019,1.22
chips pretzels,yogurt,188274,0.0563,1.28
canned meals beans,tea,14689,0.0044,1.11
dry pasta,honeys syrups nectars,7124,0.0021,1.49
fresh fruits,frozen vegan vegetarian,52771,0.0158,1.16
frozen produce,milk,120565,0.036,1.2
cleaning products,packaged cheese,23180,0.0069,1.09
eggs,frozen pizza,26563,0.0079,1.33
energy granola bars,frozen breakfast,32349,0.0097,1.82
fresh fruits,frozen appetizers sides,111354,0.0333,1.15
butter,crackers,38906,0.0116,1.35
eggs,frozen breakfast,43141,0.0129,1.52
diapers wipes,water seltzer sparkling water,5659,0.0017,1.28
packaged cheese,soup broth bouillon,94255,0.0282,1.47
bread,breakfast bakery,67846,0.0203,1.8
eggs,soy lactosefree,102252,0.0306,1.31
fresh herbs,granola,9436,0.0028,1.08
baking ingredients,doughs gelatins bake mixes,16804,0.005,2.34
chips pretzels,soft drinks,74483,0.0223,1.53
asian foods,other creams cheeses,17257,0.0052,1.38
hot dogs bacon sausage,other creams cheeses,39876,0.0119,1.64
instant foods,marinades meat preparation,8027,0.0024,2.53
salad dressing toppings,yogurt,28733,0.0086,1.2
frozen produce,soft drinks,29635,0.0089,0.83
cereal,tea,22649,0.0068,1.29
dish detergents,juice nectars,11817,0.0035,1.44
energy sports drinks,frozen produce,8701,0.0026,0.87
frozen produce,refrigerated pudding desserts,5212,0.0016,1.27
frozen breakfast,laundry,7679,0.0023,1.49
fresh herbs,frozen appetizers sides,16892,0.005,1.04
bread,food storage,12411,0.0037,1.3
frozen pizza,soup broth bouillon,19494,0.0058,1.61
cereal,eggs,55052,0.0165,1.29
frozen breakfast,instant foods,26159,0.0078,2.45
canned fruit applesauce,canned meals beans,10092,0.003,1.78
canned meat seafood,soft drinks,7397,0.0022,1.33
fresh herbs,juice nectars,30699,0.0092,1.09
frozen pizza,juice nectars,20774,0.0062,1.6
hot dogs bacon sausage,prepared meals,11129,0.0033,1.45
honeys syrups nectars,juice nectars,9256,0.0028,1.53
buns rolls,candy chocolate,8250,0.0025,1.09
bread,frozen breakfast,58308,0.0174,1.73
lunch meat,packaged cheese,150425,0.045,1.88
fresh vegetables,refrigerated pudding desserts,15517,0.0046,1.05
fresh dips tapenades,popcorn jerky,22546,0.0067,1.51
instant foods,yogurt,68002,0.0203,1.49
asian foods,tea,11654,0.0035,1.43
baby food formula,canned meals beans,16102,0.0048,1.5
canned meat seafood,fresh dips tapenades,7815,0.0023,1.24
cocoa drink mixes,fresh vegetables,7390,0.0022,0.87
frozen meat seafood,water seltzer sparkling water,14038,0.0042,1.03
asian foods,granola,5706,0.0017,1.41
vitamins supplements,yogurt,12651,0.0038,1.15
fresh fruits,frozen meals,148748,0.0445,1.08
candy chocolate,milk,59797,0.0179,1.06
preserved dips spreads,tea,7431,0.0022,1.23
doughs gelatins bake mixes,frozen meals,11970,0.0036,1.72
energy granola bars,packaged produce,12669,0.0038,0.7
frozen meat seafood,refrigerated,11983,0.0036,1.25
hot cereal pancake mixes,packaged produce,6783,0.002,0.72
other creams cheeses,soft drinks,31077,0.0093,1.23
fresh dips tapenades,packaged produce,19607,0.0059,0.96
ice cream ice,milk,103890,0.031,1.16
butter,specialty cheeses,10999,0.0033,1.82
baby food formula,milk,64495,0.0193,1.72
frozen appetizers sides,nuts seeds dried fruit,16473,0.0049,1.18
poultry counter,spreads,12541,0.0037,1.25
cookies cakes,yogurt,64704,0.0193,1.24
fresh fruits,tofu meat alternatives,78781,0.0235,1.28
breakfast bakery,fresh dips tapenades,32748,0.0098,1.45
ice cream ice,tortillas flat bread,27604,0.0082,1.33
baby food formula,yogurt,72953,0.0218,1.81
candy chocolate,instant foods,14329,0.0043,1.19
meat counter,soy lactosefree,13323,0.004,1.09
oils vinegars,salad dressing toppings,8899,0.0027,1.44
frozen appetizers sides,meat counter,6751,0.002,1.8
breakfast bakery,cream,31495,0.0094,1.5
energy sports drinks,popcorn jerky,6650,0.002,1.8
honeys syrups nectars,spreads,10501,0.0031,2.0
energy granola bars,tofu meat alternatives,12603,0.0038,1.32
water seltzer sparkling water,white wines,5051,0.0015,1.01
chips pretzels,seafood counter,5109,0.0015,1.0
marinades meat preparation,packaged vegetables fruits,28977,0.0087,1.29
packaged vegetables fruits,preserved dips spreads,52095,0.0156,1.33
fruit vegetable snacks,paper goods,10739,0.0032,1.1
dish detergents,fruit vegetable snacks,5796,0.0017,1.37
fresh vegetables,oils vinegars,144579,0.0432,1.43
ice cream ice,latino foods,10193,0.003,1.3
fresh pasta,yogurt,14185,0.0042,1.51
doughs gelatins bake mixes,tortillas flat bread,9434,0.0028,1.79
ice cream ice,packaged cheese,108287,0.0324,1.28
dry pasta,packaged cheese,100947,0.0302,1.86
chips pretzels,pickled goods olives,27215,0.0081,1.52
cleaning products,tea,7282,0.0022,1.39
frozen appetizers sides,lunch meat,33390,0.01,1.85
doughs gelatins bake mixes,nuts seeds dried fruit,9026,0.0027,1.2
candy chocolate,frozen meat seafood,5205,0.0016,1.05
frozen produce,spreads,48141,0.0144,1.5
canned jarred vegetables,dry pasta,44663,0.0133,2.56
latino foods,spreads,7582,0.0023,1.37
baby food formula,hot cereal pancake mixes,12347,0.0037,1.78
bread,tortillas flat bread,54609,0.0163,1.77
frozen produce,hot cereal pancake mixes,30234,0.009,1.62
buns rolls,coffee,7862,0.0023,1.29
eggs,nuts seeds dried fruit,44629,0.0133,1.2
baking ingredients,other creams cheeses,36561,0.0109,1.64
frozen pizza,ice cream ice,30262,0.009,1.9
packaged cheese,tea,49247,0.0147,1.13
instant foods,tea,11458,0.0034,1.17
cold flu allergy,fresh fruits,9191,0.0027,0.75
latino foods,soft drinks,6780,0.002,1.1
juice nectars,tea,26284,0.0079,1.55
nuts seeds dried fruit,poultry counter,12183,0.0036,1.17
canned meals beans,grains rice dried goods,25671,0.0077,2.69
canned fruit applesauce,soy lactosefree,16868,0.005,1.22
fresh herbs,frozen meat seafood,5634,0.0017,0.84
packaged vegetables fruits,refrigerated pudding desserts,13589,0.0041,1.11
energy granola bars,fresh vegetables,135505,0.0405,1.05
canned jarred vegetables,frozen pizza,13511,0.004,1.27
fresh herbs,tofu meat alternatives,18240,0.0055,1.77
coffee,crackers,29842,0.0089,1.39
bread,canned fruit applesauce,24446,0.0073,1.83
latino foods,oils vinegars,7203,0.0022,1.49
soap,soup broth bouillon,6570,0.002,1.38
canned fruit applesauce,soup broth bouillon,12196,0.0036,1.8
frozen breakfast,tortillas flat bread,20430,0.0061,1.76
cereal,laundry,12235,0.0037,1.57
coffee,paper goods,20988,0.0063,1.77
candy chocolate,refrigerated,40944,0.0122,1.32
grains rice dried goods,granola,5498,0.0016,1.44
candy chocolate,nuts seeds dried fruit,33889,0.0101,1.81
soft drinks,soy lactosefree,38466,0.0115,0.78
chips pretzels,tea,45036,0.0135,1.42
frozen breads doughs,water seltzer sparkling water,8740,0.0026,1.12
honeys syrups nectars,pasta sauce,5984,0.0018,1.43
asian foods,paper goods,11319,0.0034,1.24
fresh vegetables,soft drinks,93882,0.0281,0.73
cereal,fresh pasta,5809,0.0017,1.76
granola,spices seasonings,5198,0.0016,1.06
baby food formula,eggs,29152,0.0087,1.38
condiments,refrigerated,33107,0.0099,1.24
breakfast bars pastries,candy chocolate,8657,0.0026,2.02
fruit vegetable snacks,spices seasonings,8408,0.0025,1.04
energy granola bars,hot dogs bacon sausage,31665,0.0095,1.3
frozen appetizers sides,hot cereal pancake mixes,11728,0.0035,1.49
frozen meals,preserved dips spreads,13570,0.0041,1.71
frozen vegan vegetarian,packaged cheese,28884,0.0086,1.53
canned meals beans,hot dogs bacon sausage,31415,0.0094,1.6
pasta sauce,prepared soups salads,5803,0.0017,1.42
eggs,hot cereal pancake mixes,30700,0.0092,1.48
dry pasta,hot dogs bacon sausage,35091,0.0105,1.76
canned jarred vegetables,chips pretzels,49065,0.0147,1.19
breakfast bakery,juice nectars,30237,0.009,1.47
pasta sauce,soy lactosefree,46891,0.014,1.33
coffee,yogurt,60030,0.0179,1.22
juice nectars,oral hygiene,7699,0.0023,1.47
cereal,fruit vegetable snacks,25044,0.0075,1.75
packaged cheese,packaged seafood,7009,0.0021,1.42
fresh fruits,soft drinks,131899,0.0394,0.81
coffee,frozen vegan vegetarian,5373,0.0016,1.17
tea,water seltzer sparkling water,51626,0.0154,1.43
condiments,dish detergents,8555,0.0026,1.56
asian foods,cereal,17228,0.0051,1.29
coffee,fresh vegetables,77975,0.0233,0.94
pasta sauce,tea,13170,0.0039,1.12
canned meals beans,paper goods,18889,0.0056,1.28
packaged cheese,plates bowls cups flatware,9282,0.0028,1.08
cookies cakes,energy sports drinks,8710,0.0026,1.82
candy chocolate,laundry,6351,0.0019,1.09
soy lactosefree,water seltzer sparkling water,123497,0.0369,1.13
frozen produce,packaged produce,29201,0.0087,1.13
milk,soft drinks,69697,0.0208,0.98
fruit vegetable snacks,juice nectars,23758,0.0071,1.72
canned jarred vegetables,tea,13919,0.0042,1.0
missing,paper goods,5036,0.0015,1.2
cream,frozen appetizers sides,19364,0.0058,1.22
baby food formula,baking ingredients,13645,0.0041,1.16
fruit vegetable snacks,soft drinks,15965,0.0048,1.19
cereal,soup broth bouillon,34419,0.0103,1.33
cookies cakes,prepared meals,8244,0.0025,1.53
asian foods,energy granola bars,16928,0.0051,1.36
baby food formula,bread,38017,0.0114,1.51
hair care,yogurt,7631,0.0023,1.09
missing,other creams cheeses,7734,0.0023,1.34
packaged produce,preserved dips spreads,5437,0.0016,0.81
fresh vegetables,juice nectars,145153,0.0434,1.09
lunch meat,missing,9071,0.0027,1.31
granola,packaged cheese,30128,0.009,1.4
dish detergents,fresh herbs,9583,0.0029,1.12
packaged produce,poultry counter,6615,0.002,0.82
baking ingredients,marinades meat preparation,9030,0.0027,1.93
candy chocolate,trail mix snack mix,6685,0.002,2.71
frozen pizza,grains rice dried goods,7566,0.0023,1.28
eggs,marinades meat preparation,12375,0.0037,1.47
baby food formula,coffee,9538,0.0029,1.11
hot cereal pancake mixes,ice cream ice,20265,0.0061,1.22
bread,frozen pizza,39656,0.0119,1.67
crackers,latino foods,11890,0.0036,1.46
cleaning products,frozen meals,8954,0.0027,1.3
hot dogs bacon sausage,latino foods,10886,0.0033,1.82
instant foods,packaged vegetables fruits,81836,0.0245,1.28
frozen breakfast,juice nectars,29258,0.0087,1.58
frozen breakfast,poultry counter,11440,0.0034,1.44
baking ingredients,spreads,31569,0.0094,1.58
bread,tofu meat alternatives,26091,0.0078,1.44
cat food care,paper goods,7809,0.0023,3.4
canned meals beans,soy lactosefree,58241,0.0174,1.47
cat food care,crackers,5445,0.0016,1.31
canned fruit applesauce,condiments,7598,0.0023,1.56
dog food care,packaged vegetables fruits,9934,0.003,1.0
chips pretzels,missing,14740,0.0044,1.32
cocoa drink mixes,fresh fruits,9080,0.0027,0.85
frozen produce,packaged meat,5982,0.0018,1.39
milk,popcorn jerky,42063,0.0126,1.13
butter,packaged vegetables fruits,113482,0.0339,1.23
candy chocolate,frozen meals,24157,0.0072,1.4
chips pretzels,doughs gelatins bake mixes,27055,0.0081,1.73
soup broth bouillon,specialty cheeses,9698,0.0029,1.44
breakfast bakery,granola,10979,0.0033,1.71
cleaning products,packaged vegetables fruits,30682,0.0092,0.9
cream,fresh fruits,191408,0.0572,1.12
salad dressing toppings,tea,6639,0.002,1.29
canned meat seafood,juice nectars,8010,0.0024,1.39
fresh vegetables,frozen vegan vegetarian,47914,0.0143,1.32
breakfast bars pastries,pasta sauce,5621,0.0017,1.46
packaged poultry,popcorn jerky,6012,0.0018,1.1
eggs,protein meal replacements,5594,0.0017,1.19
frozen appetizers sides,packaged cheese,66878,0.02,1.67
hot cereal pancake mixes,water seltzer sparkling water,31741,0.0095,1.1
energy granola bars,packaged poultry,12386,0.0037,1.19
fresh vegetables,frozen meals,115815,0.0346,1.05
meat counter,yogurt,24891,0.0074,1.31
bread,canned meals beans,56255,0.0168,1.47
crackers,refrigerated,68515,0.0205,1.33
fresh vegetables,grains rice dried goods,99854,0.0298,1.65
frozen breakfast,oils vinegars,15651,0.0047,1.12
cereal,spreads,41571,0.0124,1.72
coffee,oral hygiene,5158,0.0015,1.58
hot dogs bacon sausage,oils vinegars,25140,0.0075,1.32
poultry counter,water seltzer sparkling water,25848,0.0077,1.04
dog food care,water seltzer sparkling water,7341,0.0022,1.41
juice nectars,vitamins supplements,5555,0.0017,1.48
latino foods,lunch meat,11850,0.0035,1.6
nuts seeds dried fruit,tortillas flat bread,19698,0.0059,1.3
latino foods,pasta sauce,9588,0.0029,2.17
baking ingredients,cream,38125,0.0114,1.62
eggs,fresh herbs,60089,0.018,1.4
bread,fresh herbs,60147,0.018,1.17
fresh dips tapenades,pasta sauce,31909,0.0095,1.56
canned meals beans,spices seasonings,27519,0.0082,2.26
baking ingredients,spices seasonings,32795,0.0098,2.45
frozen meat seafood,popcorn jerky,5138,0.0015,1.58
fresh dips tapenades,frozen breakfast,29789,0.0089,1.47
honeys syrups nectars,other creams cheeses,8721,0.0026,1.49
dish detergents,pasta sauce,8653,0.0026,1.52
dish detergents,energy granola bars,10501,0.0031,1.33
hot dogs bacon sausage,missing,7345,0.0022,1.31
fresh fruits,instant foods,112389,0.0336,1.16
chips pretzels,prepared soups salads,16469,0.0049,1.49
bulk grains rice dried goods,yogurt,6479,0.0019,1.41
coffee,soup broth bouillon,17694,0.0053,1.14
butter,frozen meals,21920,0.0066,1.18
nuts seeds dried fruit,tea,21875,0.0065,1.44
lunch meat,tortillas flat bread,35804,0.0107,1.82
breakfast bakery,frozen produce,35141,0.0105,1.24
canned meals beans,coffee,14938,0.0045,1.15
indian foods,packaged vegetables fruits,7114,0.0021,1.4
eggs,trash bags liners,5450,0.0016,1.23
nuts seeds dried fruit,prepared meals,8622,0.0026,1.17
frozen meals,oral hygiene,6491,0.0019,1.5
frozen appetizers sides,soft drinks,21807,0.0065,1.44
cleaning products,frozen pizza,5984,0.0018,1.49
baking ingredients,paper goods,21123,0.0063,1.3
fresh fruits,lunch meat,241901,0.0723,1.25
fresh fruits,ice cream ice,215568,0.0644,1.05
crackers,frozen breakfast,44562,0.0133,1.88
fresh vegetables,frozen breads doughs,24752,0.0074,1.37
frozen appetizers sides,other creams cheeses,24715,0.0074,1.64
canned meat seafood,energy granola bars,5947,0.0018,1.07
grains rice dried goods,poultry counter,10116,0.003,1.92
packaged vegetables fruits,salad dressing toppings,52942,0.0158,1.58
fresh fruits,prepared soups salads,42690,0.0128,1.17
frozen vegan vegetarian,instant foods,8609,0.0026,2.03
buns rolls,condiments,14688,0.0044,2.25
fruit vegetable snacks,tortillas flat bread,12613,0.0038,1.45
canned meals beans,poultry counter,16952,0.0051,1.88
fresh dips tapenades,soft drinks,27848,0.0083,0.98
energy granola bars,paper goods,21955,0.0066,1.2
digestion,yogurt,8330,0.0025,1.2
honeys syrups nectars,spices seasonings,7527,0.0022,2.14
trash bags liners,yogurt,8687,0.0026,1.03
grains rice dried goods,packaged poultry,9042,0.0027,1.85
crackers,energy sports drinks,14313,0.0043,1.54
condiments,hot dogs bacon sausage,30135,0.009,1.79
hot cereal pancake mixes,lunch meat,22216,0.0066,1.41
butter,tofu meat alternatives,8733,0.0026,1.06
pasta sauce,specialty cheeses,9363,0.0028,1.86
packaged poultry,spices seasonings,11807,0.0035,1.88
frozen appetizers sides,fruit vegetable snacks,16925,0.0051,2.11
fruit vegetable snacks,poultry counter,7088,0.0021,1.19
candy chocolate,coffee,19480,0.0058,1.5
marinades meat preparation,oils vinegars,7894,0.0024,1.9
baking ingredients,fresh fruits,157248,0.047,1.1
frozen vegan vegetarian,pasta sauce,10364,0.0031,2.03
canned meat seafood,condiments,9424,0.0028,2.45
frozen appetizers sides,frozen breakfast,30977,0.0093,2.89
energy granola bars,popcorn jerky,27962,0.0084,2.12
nuts seeds dried fruit,pasta sauce,20455,0.0061,1.22
chips pretzels,meat counter,13659,0.0041,1.13
cream,soup broth bouillon,33913,0.0101,1.33
fresh dips tapenades,spreads,40205,0.012,1.57
chips pretzels,prepared meals,23087,0.0069,1.51
frozen pizza,lunch meat,27015,0.0081,1.79
fresh fruits,packaged produce,135102,0.0404,1.16
pickled goods olives,spices seasonings,11161,0.0033,2.0
chips pretzels,refrigerated,106472,0.0318,1.42
condiments,cream,23596,0.0071,1.29
oils vinegars,pasta sauce,20887,0.0062,1.48
packaged cheese,trail mix snack mix,9501,0.0028,1.16
baking ingredients,hot cereal pancake mixes,21966,0.0066,1.9
bread,meat counter,13401,0.004,1.13
baking ingredients,food storage,8436,0.0025,1.88
breakfast bars pastries,frozen appetizers sides,6877,0.0021,2.14
frozen produce,other creams cheeses,49013,0.0146,1.37
candy chocolate,tofu meat alternatives,8653,0.0026,1.13
frozen breakfast,honeys syrups nectars,8456,0.0025,2.04
coffee,packaged poultry,7053,0.0021,1.05
condiments,prepared meals,6592,0.002,1.21
butter,refrigerated,41226,0.0123,1.23
juice nectars,marinades meat preparation,7526,0.0022,1.37
dish detergents,laundry,12669,0.0038,5.52
eggs,frozen produce,78579,0.0235,1.39
cream,other creams cheeses,44605,0.0133,1.68
frozen vegan vegetarian,tofu meat alternatives,16834,0.005,6.23
ice cream ice,pickled goods olives,15249,0.0046,1.3
cream,salad dressing toppings,11520,0.0034,1.38
asian foods,yogurt,45869,0.0137,1.21
food storage,nuts seeds dried fruit,6229,0.0019,1.32
condiments,pickled goods olives,15677,0.0047,2.45
dish detergents,frozen meals,8772,0.0026,1.29
ice cream ice,soup broth bouillon,38659,0.0116,1.26
dry pasta,specialty cheeses,10769,0.0032,1.89
laundry,pasta sauce,6617,0.002,1.27
cookies cakes,marinades meat preparation,5031,0.0015,1.39
baby food formula,instant foods,17087,0.0051,2.15
buns rolls,cream,12757,0.0038,1.28
packaged vegetables fruits,poultry counter,71561,0.0214,1.51
packaged vegetables fruits,vitamins supplements,17952,0.0054,1.17
cookies cakes,soft drinks,31966,0.0096,1.86
cereal,frozen appetizers sides,27197,0.0081,1.69
hot dogs bacon sausage,packaged poultry,18864,0.0056,1.87
candy chocolate,missing,6283,0.0019,1.36
instant foods,packaged cheese,70809,0.0212,1.78
canned meals beans,pasta sauce,30201,0.009,2.08
doughs gelatins bake mixes,eggs,19189,0.0057,1.49
other creams cheeses,packaged produce,12649,0.0038,0.7
eggs,frozen meals,41309,0.0123,1.21
frozen breakfast,prepared soups salads,6118,0.0018,1.51
marinades meat preparation,water seltzer sparkling water,11428,0.0034,0.98
cream,fresh vegetables,150433,0.045,1.1
canned meals beans,frozen meals,27542,0.0082,1.59
refrigerated,trash bags liners,5149,0.0015,1.2
energy granola bars,protein meal replacements,6953,0.0021,2.36
body lotions soap,cereal,6511,0.0019,1.88
dry pasta,soy lactosefree,52377,0.0157,1.3
breakfast bakery,energy sports drinks,8691,0.0026,1.56
fruit vegetable snacks,pasta sauce,14238,0.0043,1.49
oils vinegars,tofu meat alternatives,12430,0.0037,1.66
packaged vegetables fruits,soup broth bouillon,138544,0.0414,1.35
pasta sauce,prepared meals,9089,0.0027,1.6
dry pasta,prepared soups salads,5386,0.0016,1.16
grains rice dried goods,lunch meat,18337,0.0055,1.29
baking ingredients,tofu meat alternatives,11976,0.0036,1.42
fresh fruits,frozen dessert,11035,0.0033,1.01
fresh fruits,milk,548530,0.1639,1.21
fresh vegetables,red wines,7960,0.0024,0.68
frozen dessert,packaged vegetables fruits,7981,0.0024,1.1
canned meat seafood,frozen breakfast,5033,0.0015,1.27
fresh pasta,soy lactosefree,6873,0.0021,1.14
fresh fruits,packaged meat,22297,0.0067,1.15
butter,frozen produce,42462,0.0127,1.38
eggs,soup broth bouillon,53379,0.016,1.39
frozen produce,vitamins supplements,7060,0.0021,1.37
bread,buns rolls,29391,0.0088,1.64
fruit vegetable snacks,lunch meat,27045,0.0081,1.69
dish detergents,packaged cheese,27195,0.0081,1.29
poultry counter,refrigerated,19100,0.0057,1.11
cereal,poultry counter,13743,0.0041,1.15
frozen meals,honeys syrups nectars,5989,0.0018,1.2
pickled goods olives,yogurt,34131,0.0102,1.21
condiments,poultry counter,11440,0.0034,1.48
baby food formula,packaged produce,5284,0.0016,0.55
juice nectars,poultry counter,12875,0.0038,1.11
baking ingredients,frozen meals,19198,0.0057,1.01
laundry,oils vinegars,8800,0.0026,1.55
dry pasta,spreads,28236,0.0084,1.53
chips pretzels,cream,64819,0.0194,1.26
cream,dry pasta,28754,0.0086,1.33
preserved dips spreads,refrigerated,18454,0.0055,1.29
oils vinegars,poultry counter,13018,0.0039,1.48
frozen produce,prepared meals,14096,0.0042,1.25
fresh pasta,fresh vegetables,21128,0.0063,1.33
doughs gelatins bake mixes,soup broth bouillon,15300,0.0046,1.96
butter,salad dressing toppings,10071,0.003,1.48
fresh herbs,frozen produce,58689,0.0175,1.52
cereal,nuts seeds dried fruit,36062,0.0108,1.44
honeys syrups nectars,paper goods,6218,0.0019,1.46
dry pasta,fresh vegetables,159237,0.0476,1.51
doughs gelatins bake mixes,preserved dips spreads,5837,0.0017,1.95
crackers,packaged vegetables fruits,175359,0.0524,1.24
frozen produce,yogurt,150947,0.0451,1.39
asian foods,ice cream ice,19461,0.0058,1.22
ice cream ice,packaged poultry,16072,0.0048,1.21
fruit vegetable snacks,tea,13392,0.004,1.54
fresh dips tapenades,grains rice dried goods,19189,0.0057,1.43
packaged vegetables fruits,specialty cheeses,40997,0.0123,1.38
fresh dips tapenades,hot cereal pancake mixes,21339,0.0064,1.44
frozen breakfast,refrigerated,41103,0.0123,1.49
energy granola bars,tortillas flat bread,22440,0.0067,1.38
fresh dips tapenades,paper goods,21637,0.0065,1.04
energy granola bars,oils vinegars,20129,0.006,1.03
fresh vegetables,kosher foods,6429,0.0019,1.3
frozen vegan vegetarian,yogurt,27143,0.0081,1.26
doughs gelatins bake mixes,milk,32161,0.0096,1.41
breakfast bakery,cereal,39427,0.0118,1.85
packaged produce,paper goods,6821,0.002,0.51
canned fruit applesauce,frozen produce,16750,0.005,1.67
frozen meals,tofu meat alternatives,13131,0.0039,1.6
butter,water seltzer sparkling water,50708,0.0152,1.06
energy granola bars,fresh dips tapenades,45185,0.0135,1.59
soy lactosefree,specialty cheeses,15158,0.0045,1.11
canned jarred vegetables,frozen meals,21432,0.0064,1.17
breakfast bakery,popcorn jerky,16202,0.0048,1.55
bread,popcorn jerky,31287,0.0094,1.25
honeys syrups nectars,milk,20936,0.0063,1.27
bread,frozen meat seafood,17283,0.0052,1.47
crackers,packaged poultry,16787,0.005,1.22
coffee,nuts seeds dried fruit,19499,0.0058,1.3
oils vinegars,spices seasonings,31355,0.0094,2.64
crackers,protein meal replacements,5000,0.0015,1.28
baby food formula,condiments,10125,0.003,1.1
oils vinegars,soup broth bouillon,30140,0.009,1.59
frozen meat seafood,packaged cheese,25114,0.0075,1.53
bread,fruit vegetable snacks,36362,0.0109,1.44
cereal,fresh fruits,201598,0.0602,1.17
crackers,tea,29640,0.0089,1.37
energy sports drinks,frozen breakfast,7844,0.0023,1.57
breakfast bars pastries,instant foods,7701,0.0023,2.4
food storage,fresh fruits,30511,0.0091,0.94
lunch meat,spices seasonings,21093,0.0063,1.16
fresh herbs,tea,17870,0.0053,1.01
hot cereal pancake mixes,oils vinegars,15466,0.0046,1.51
breakfast bars pastries,coffee,6133,0.0018,1.78
packaged cheese,preserved dips spreads,41699,0.0125,1.7
frozen meals,packaged poultry,11985,0.0036,1.34
breakfast bakery,soy lactosefree,48570,0.0145,1.25
baby food formula,candy chocolate,11682,0.0035,1.1
energy sports drinks,yogurt,22039,0.0066,1.03
breakfast bakery,chips pretzels,63189,0.0189,1.64
juice nectars,yogurt,101570,0.0304,1.29
energy granola bars,oral hygiene,6762,0.002,1.34
frozen dessert,yogurt,5850,0.0017,1.13
canned jarred vegetables,poultry counter,20839,0.0062,2.19
fresh fruits,indian foods,9331,0.0028,1.21
grains rice dried goods,soup broth bouillon,25845,0.0077,2.27
breakfast bakery,food storage,6042,0.0018,1.51
milk,specialty cheeses,25489,0.0076,1.3
fresh fruits,soup broth bouillon,181295,0.0542,1.17
fresh fruits,honeys syrups nectars,43386,0.013,1.16
dish detergents,refrigerated,15877,0.0047,1.3
paper goods,tofu meat alternatives,7025,0.0021,1.01
canned jarred vegetables,frozen breakfast,18994,0.0057,1.25
dry pasta,other creams cheeses,37113,0.0111,1.81
cookies cakes,fresh herbs,14065,0.0042,0.76
prepared meals,tortillas flat bread,8490,0.0025,1.65
bread,milk,199434,0.0596,1.49
popcorn jerky,spreads,17297,0.0052,1.46
fruit vegetable snacks,nuts seeds dried fruit,24845,0.0074,2.0
breakfast bakery,cleaning products,8731,0.0026,1.37
dish detergents,eggs,16857,0.005,1.34
canned meals beans,frozen produce,53925,0.0161,1.87
canned jarred vegetables,other creams cheeses,38359,0.0115,1.8
crackers,juice nectars,50087,0.015,1.45
frozen appetizers sides,packaged poultry,10739,0.0032,1.72
breakfast bakery,missing,5760,0.0017,1.26
frozen appetizers sides,ice cream ice,32982,0.0099,1.72
fresh vegetables,other creams cheeses,173636,0.0519,1.35
canned jarred vegetables,paper goods,17673,0.0053,1.13
latino foods,soy lactosefree,14924,0.0045,1.24
canned fruit applesauce,paper goods,8797,0.0026,1.71
frozen meat seafood,tortillas flat bread,6604,0.002,1.64
breakfast bars pastries,yogurt,23097,0.0069,1.42
dry pasta,fresh fruits,162227,0.0485,1.23
grains rice dried goods,spices seasonings,16638,0.005,2.33
ice cream ice,pasta sauce,32480,0.0097,1.42
packaged cheese,white wines,5602,0.0017,0.93
frozen breads doughs,milk,11504,0.0034,1.16
frozen produce,hot dogs bacon sausage,49483,0.0148,1.43
spreads,water seltzer sparkling water,56060,0.0168,1.12
bread,cleaning products,18062,0.0054,1.19
dish detergents,yogurt,29651,0.0089,1.23
instant foods,specialty cheeses,6112,0.0018,1.46
fresh herbs,ice cream ice,33788,0.0101,0.98
fresh herbs,pickled goods olives,18922,0.0057,1.89
breakfast bakery,frozen meat seafood,7668,0.0023,1.56
fresh fruits,soy lactosefree,393893,0.1177,1.25
bread,packaged vegetables fruits,257901,0.0771,1.28
crackers,frozen breads doughs,7448,0.0022,1.59
condiments,pasta sauce,20636,0.0062,1.66
fresh fruits,frozen pizza,89710,0.0268,1.11
frozen meals,latino foods,7844,0.0023,1.48
packaged cheese,red wines,5465,0.0016,0.91
laundry,oral hygiene,5454,0.0016,3.73
energy granola bars,vitamins supplements,5805,0.0017,1.61
cat food care,water seltzer sparkling water,8476,0.0025,1.22
cleaning products,hot cereal pancake mixes,5536,0.0017,1.32
condiments,laundry,6950,0.0021,1.38
energy sports drinks,hot dogs bacon sausage,9004,0.0027,1.32
paper goods,trash bags liners,9461,0.0028,4.64
dry pasta,popcorn jerky,14027,0.0042,1.3
eggs,fresh pasta,7591,0.0023,1.55
cleaning products,frozen breakfast,7785,0.0023,1.36
hot dogs bacon sausage,soft drinks,31676,0.0095,1.29
canned jarred vegetables,soup broth bouillon,55399,0.0166,2.69
frozen breakfast,salad dressing toppings,8949,0.0027,1.6
candy chocolate,eggs,32152,0.0096,1.01
hot cereal pancake mixes,preserved dips spreads,6844,0.002,1.42
doughs gelatins bake mixes,juice nectars,13667,0.0041,1.63
baking ingredients,poultry counter,12961,0.0039,1.31
baking ingredients,soup broth bouillon,33875,0.0101,1.58
crackers,frozen vegan vegetarian,13936,0.0042,1.48
dry pasta,oral hygiene,5893,0.0018,1.43
bread,specialty cheeses,20303,0.0061,1.53
breakfast bakery,oral hygiene,5564,0.0017,1.39
frozen breakfast,other creams cheeses,28847,0.0086,1.62
dry pasta,tea,15123,0.0045,1.13
frozen meals,yogurt,85991,0.0257,1.32
laundry,yogurt,22977,0.0069,1.04
chips pretzels,mint gum,5090,0.0015,1.58
asian foods,dish detergents,5576,0.0017,1.41
lunch meat,soy lactosefree,72497,0.0217,1.23
coffee,fresh dips tapenades,23780,0.0071,1.3
lunch meat,oral hygiene,7879,0.0024,1.3
condiments,hot cereal pancake mixes,13142,0.0039,1.45
canned meals beans,packaged poultry,16202,0.0048,1.93
candy chocolate,dish detergents,8245,0.0025,1.3
latino foods,water seltzer sparkling water,14362,0.0043,1.05
butter,dry pasta,31944,0.0095,1.81
dish detergents,popcorn jerky,5532,0.0017,1.33
fresh vegetables,packaged meat,22645,0.0068,1.46
baking ingredients,ice cream ice,35629,0.0106,1.26
frozen meat seafood,ice cream ice,11037,0.0033,1.4
frozen breakfast,water seltzer sparkling water,45928,0.0137,1.16
refrigerated pudding desserts,soft drinks,5671,0.0017,1.95
paper goods,preserved dips spreads,8646,0.0026,1.28
lunch meat,specialty cheeses,17095,0.0051,2.03
cleaning products,other creams cheeses,9869,0.0029,1.23
cereal,refrigerated,57103,0.0171,1.38
cookies cakes,hot cereal pancake mixes,12901,0.0039,1.44
cookies cakes,honeys syrups nectars,6012,0.0018,1.51
cream,grains rice dried goods,13375,0.004,1.07
baking ingredients,juice nectars,28176,0.0084,1.22
coffee,refrigerated,35167,0.0105,1.41
nuts seeds dried fruit,soy lactosefree,65360,0.0195,1.43
chips pretzels,eggs,92450,0.0276,1.2
breakfast bakery,refrigerated,45180,0.0135,1.47
breakfast bars pastries,tea,5511,0.0016,1.58
asian foods,hot cereal pancake mixes,9451,0.0028,1.45
frozen produce,ice cream ice,54768,0.0164,1.2
instant foods,soft drinks,22916,0.0068,1.52
food storage,water seltzer sparkling water,13745,0.0041,1.23
canned jarred vegetables,packaged cheese,92819,0.0277,1.64
laundry,packaged cheese,21927,0.0066,1.14
condiments,juice nectars,23827,0.0071,1.33
cereal,hot dogs bacon sausage,38835,0.0116,1.49
butter,frozen meat seafood,7245,0.0022,1.36
beers coolers,fresh fruits,8902,0.0027,0.52
coffee,dish detergents,8265,0.0025,1.62
packaged produce,soy lactosefree,24867,0.0074,0.7
eggs,juice nectars,50928,0.0152,1.23
frozen meat seafood,spreads,7641,0.0023,1.37
canned fruit applesauce,hot dogs bacon sausage,14177,0.0042,2.07
pasta sauce,soap,5275,0.0016,1.48
butter,fresh fruits,163179,0.0488,1.17
bread,yogurt,204135,0.061,1.41
condiments,spreads,25694,0.0077,1.65
chips pretzels,cleaning products,19078,0.0057,1.23
buns rolls,canned meals beans,12507,0.0037,1.64
bread,ice cream ice,79055,0.0236,1.31
crackers,food storage,10139,0.003,1.51
eggs,frozen meat seafood,12660,0.0038,1.29
pasta sauce,pickled goods olives,12327,0.0037,1.86
specialty cheeses,spreads,8375,0.0025,1.33
fresh vegetables,frozen pizza,71533,0.0214,1.11
energy granola bars,soft drinks,29622,0.0089,1.18
milk,pasta sauce,67937,0.0203,1.34
canned meals beans,oils vinegars,26511,0.0079,1.67
condiments,popcorn jerky,10870,0.0032,1.19
soft drinks,specialty cheeses,7208,0.0022,1.03
oils vinegars,prepared meals,5973,0.0018,0.96
fresh dips tapenades,salad dressing toppings,13464,0.004,1.51
juice nectars,latino foods,8236,0.0025,1.29
baking ingredients,crackers,36608,0.0109,1.24
baby food formula,laundry,5079,0.0015,1.32
baby food formula,fruit vegetable snacks,16918,0.0051,2.39
coffee,soy lactosefree,39294,0.0117,1.24
bread,protein meal replacements,6408,0.0019,1.15
frozen pizza,soy lactosefree,28640,0.0086,1.16
dish detergents,food storage,5130,0.0015,3.21
candy chocolate,water seltzer sparkling water,57038,0.017,1.28
baking ingredients,packaged vegetables fruits,109820,0.0328,1.16
chips pretzels,latino foods,20138,0.006,1.69
frozen meals,pasta sauce,26105,0.0078,1.69
fresh vegetables,plates bowls cups flatware,11444,0.0034,0.69
energy sports drinks,tortillas flat bread,5529,0.0017,1.21
missing,packaged cheese,19371,0.0058,1.27
cleaning products,fresh vegetables,35607,0.0106,0.86
fresh fruits,spirits,6962,0.0021,0.53
crackers,refrigerated pudding desserts,7332,0.0022,1.91
asian foods,spices seasonings,16831,0.005,2.23
paper goods,soap,8064,0.0024,2.23
cookies cakes,spices seasonings,9992,0.003,0.97
baking ingredients,frozen meat seafood,6024,0.0018,1.1
dog food care,packaged cheese,7874,0.0024,1.26
fresh fruits,ice cream toppings,5552,0.0017,0.94
chips pretzels,packaged meat,7333,0.0022,1.25
oral hygiene,packaged vegetables fruits,22049,0.0066,1.03
frozen meals,ice cream ice,48143,0.0144,1.76
fresh fruits,red wines,8536,0.0026,0.58
granola,pasta sauce,8512,0.0025,1.46
baby food formula,refrigerated,25965,0.0078,1.27
frozen meals,refrigerated,45779,0.0137,1.38
breakfast bakery,canned fruit applesauce,11320,0.0034,2.03
hot cereal pancake mixes,packaged poultry,7544,0.0023,1.39
energy sports drinks,spreads,6852,0.002,1.08
lunch meat,meat counter,11750,0.0035,1.56
fresh fruits,frozen breakfast,140911,0.0421,1.23
canned fruit applesauce,lunch meat,17266,0.0052,2.04
hot cereal pancake mixes,soup broth bouillon,19488,0.0058,1.55
asian foods,butter,14898,0.0045,1.38
cereal,popcorn jerky,23295,0.007,1.65
doughs gelatins bake mixes,fresh vegetables,49087,0.0147,1.18
frozen pizza,yogurt,52213,0.0156,1.37
marinades meat preparation,spices seasonings,8496,0.0025,2.66
fresh fruits,juice nectars,188224,0.0563,1.13
cream,dish detergents,10829,0.0032,1.29
candy chocolate,fresh vegetables,95572,0.0286,0.93
honeys syrups nectars,yogurt,22636,0.0068,1.28
eggs,popcorn jerky,23307,0.007,1.11
canned fruit applesauce,milk,31317,0.0094,1.58
butter,coffee,17091,0.0051,1.22
chips pretzels,protein meal replacements,6928,0.0021,1.21
baking ingredients,canned meals beans,27955,0.0084,1.56
canned meals beans,tortillas flat bread,34481,0.0103,2.62
candy chocolate,soy lactosefree,47518,0.0142,1.21
eggs,meat counter,12721,0.0038,1.28
juice nectars,milk,92194,0.0276,1.26
baking ingredients,latino foods,8189,0.0024,1.5
dry pasta,refrigerated,40931,0.0122,1.29
marinades meat preparation,tortillas flat bread,7630,0.0023,2.22
bread,candy chocolate,44173,0.0132,1.16
latino foods,preserved dips spreads,8425,0.0025,3.71
hot dogs bacon sausage,soy lactosefree,55978,0.0167,1.17
fresh herbs,paper goods,16100,0.0048,0.81
bread,frozen meals,57811,0.0173,1.42
dry pasta,frozen produce,48814,0.0146,1.67
candy chocolate,cream,28297,0.0085,1.33
doughs gelatins bake mixes,grains rice dried goods,5455,0.0016,1.43
frozen produce,packaged cheese,129800,0.0388,1.37
breakfast bars pastries,frozen breakfast,9083,0.0027,2.39
butter,packaged cheese,89606,0.0268,1.56
coffee,pickled goods olives,7868,0.0024,1.32
milk,packaged cheese,261351,0.0781,1.39
energy granola bars,missing,9999,0.003,1.74
oral hygiene,spreads,6445,0.0019,1.42
honeys syrups nectars,ice cream ice,9759,0.0029,1.31
spreads,tortillas flat bread,22271,0.0067,1.52
canned jarred vegetables,fresh dips tapenades,32285,0.0096,1.33
frozen meat seafood,yogurt,23669,0.0071,1.26
canned meals beans,preserved dips spreads,18523,0.0055,2.48
eggs,plates bowls cups flatware,5539,0.0017,1.08
cream,ice cream ice,40358,0.0121,1.2
cookies cakes,fresh vegetables,79500,0.0238,0.9
canned meat seafood,packaged vegetables fruits,30701,0.0092,1.3
energy granola bars,soup broth bouillon,28968,0.0087,1.2
spices seasonings,tofu meat alternatives,9554,0.0029,1.66
packaged vegetables fruits,refrigerated,195165,0.0583,1.19
energy sports drinks,fresh fruits,36854,0.011,0.82
lunch meat,packaged vegetables fruits,178722,0.0534,1.4
canned meals beans,packaged vegetables fruits,125370,0.0375,1.46
marinades meat preparation,milk,17670,0.0053,1.19
fresh dips tapenades,ice cream ice,44002,0.0132,1.22
energy sports drinks,packaged vegetables fruits,23978,0.0072,0.8
dish detergents,paper goods,20229,0.006,3.49
breakfast bakery,pasta sauce,23385,0.007,1.64
canned meals beans,fruit vegetable snacks,14215,0.0042,1.32
popcorn jerky,soup broth bouillon,15274,0.0046,1.2
tofu meat alternatives,tortillas flat bread,11695,0.0035,1.88
dry pasta,fresh pasta,5763,0.0017,2.29
fresh vegetables,fruit vegetable snacks,74959,0.0224,1.09
fresh pasta,lunch meat,6844,0.002,1.84
fruit vegetable snacks,packaged poultry,6119,0.0018,1.11
buns rolls,packaged poultry,7397,0.0022,1.89
air fresheners candles,fresh vegetables,6032,0.0018,0.78
hot cereal pancake mixes,laundry,5344,0.0016,1.41
chips pretzels,soup broth bouillon,61048,0.0182,1.3
breakfast bakery,crackers,45336,0.0135,1.72
canned meals beans,latino foods,19227,0.0057,3.87
refrigerated,soft drinks,48517,0.0145,1.25
instant foods,nuts seeds dried fruit,17427,0.0052,1.25
meat counter,milk,23091,0.0069,1.31
coffee,honeys syrups nectars,5161,0.0015,1.37
energy granola bars,water seltzer sparkling water,75780,0.0226,1.37
dry pasta,frozen appetizers sides,23845,0.0071,1.94
candy chocolate,packaged cheese,62012,0.0185,1.16
cream,water seltzer sparkling water,67967,0.0203,1.16
cereal,marinades meat preparation,8215,0.0025,1.45
hot dogs bacon sausage,tea,17339,0.0052,1.09
dry pasta,granola,9632,0.0029,1.45
prepared meals,spreads,8742,0.0026,1.23
instant foods,soup broth bouillon,28478,0.0085,1.97
breakfast bakery,tortillas flat bread,23731,0.0071,1.83
nuts seeds dried fruit,tofu meat alternatives,12785,0.0038,1.44
bread,fresh vegetables,304941,0.0911,1.25
candy chocolate,energy granola bars,35433,0.0106,1.77
spices seasonings,yogurt,49961,0.0149,1.09
cleaning products,cream,9762,0.0029,1.15
hair care,water seltzer sparkling water,5876,0.0018,1.15
eggs,laundry,13949,0.0042,1.21
fresh dips tapenades,instant foods,25088,0.0075,1.47
instant foods,popcorn jerky,13651,0.0041,1.73
spreads,tofu meat alternatives,12685,0.0038,1.48
baking ingredients,frozen produce,45204,0.0135,1.43
soy lactosefree,yogurt,193251,0.0578,1.29
bread,canned jarred vegetables,53398,0.016,1.32
hot cereal pancake mixes,salad dressing toppings,5835,0.0017,1.42
butter,energy sports drinks,5544,0.0017,0.91
fresh herbs,hot cereal pancake mixes,16970,0.0051,1.2
condiments,frozen produce,35954,0.0107,1.46
crackers,instant foods,39095,0.0117,1.96
oral hygiene,paper goods,12363,0.0037,3.34
plates bowls cups flatware,refrigerated,6290,0.0019,1.26
canned jarred vegetables,cleaning products,7589,0.0023,1.11
cat food care,yogurt,8329,0.0025,0.87
cookies cakes,ice cream ice,39667,0.0119,1.82
candy chocolate,packaged produce,12972,0.0039,0.89
frozen breads doughs,lunch meat,7821,0.0023,1.85
energy sports drinks,frozen pizza,7211,0.0022,2.05
fresh vegetables,trail mix snack mix,10184,0.003,0.64
grains rice dried goods,hot cereal pancake mixes,11787,0.0035,1.91
fresh pasta,packaged cheese,15271,0.0046,1.86
dry pasta,yogurt,88077,0.0263,1.41
fresh vegetables,seafood counter,23372,0.007,1.73
packaged vegetables fruits,white wines,6091,0.0018,0.63
bread,plates bowls cups flatware,7051,0.0021,1.15
fresh vegetables,frozen dessert,9547,0.0029,1.09
ice cream ice,refrigerated pudding desserts,8432,0.0025,2.29
frozen meals,salad dressing toppings,11414,0.0034,1.69
packaged meat,refrigerated,5313,0.0016,1.14
soup broth bouillon,spices seasonings,32038,0.0096,2.2
canned meat seafood,nuts seeds dried fruit,7652,0.0023,1.48
condiments,specialty cheeses,7233,0.0022,1.5
packaged produce,spreads,14823,0.0044,0.91
canned meals beans,cookies cakes,15398,0.0046,1.12
crackers,oils vinegars,29554,0.0088,1.13
cereal,food storage,8789,0.0026,1.62
cereal,refrigerated pudding desserts,5654,0.0017,1.83
milk,spices seasonings,44018,0.0132,1.03
milk,salad dressing toppings,24354,0.0073,1.1
bread,frozen breads doughs,9745,0.0029,1.46
frozen meals,frozen vegan vegetarian,17680,0.0053,2.9
canned meals beans,doughs gelatins bake mixes,12007,0.0036,1.84
granola,refrigerated,18882,0.0056,1.51
milk,soup broth bouillon,77580,0.0232,1.14
doughs gelatins bake mixes,soft drinks,13354,0.004,1.64
chips pretzels,frozen breads doughs,10599,0.0032,1.55
prepared meals,soy lactosefree,18178,0.0054,1.17
bread,missing,12884,0.0039,1.18
canned meat seafood,instant foods,5811,0.0017,1.75
asian foods,refrigerated,25122,0.0075,1.3
cookies cakes,hot dogs bacon sausage,24172,0.0072,1.45
canned jarred vegetables,pasta sauce,32273,0.0096,2.1
cleaning products,paper goods,24403,0.0073,4.16
food storage,paper goods,12363,0.0037,3.34
canned meals beans,tofu meat alternatives,20905,0.0062,2.72
ice cream ice,juice nectars,47401,0.0142,1.43
diapers wipes,fresh fruits,12018,0.0036,0.94
oils vinegars,packaged vegetables fruits,108563,0.0324,1.3
prepared meals,water seltzer sparkling water,20466,0.0061,1.17
fresh dips tapenades,prepared meals,15387,0.0046,1.72
prepared soups salads,soft drinks,5879,0.0018,1.03
other creams cheeses,spices seasonings,24245,0.0072,1.6
breakfast bars pastries,popcorn jerky,6903,0.0021,2.45
packaged cheese,packaged meat,11639,0.0035,1.45
breakfast bakery,marinades meat preparation,6449,0.0019,1.54
coffee,packaged produce,7942,0.0024,0.68
popcorn jerky,tofu meat alternatives,5019,0.0015,1.0
bulk grains rice dried goods,fresh vegetables,12923,0.0039,1.67
packaged cheese,pickled goods olives,41332,0.0124,1.68
doughs gelatins bake mixes,fresh herbs,10359,0.0031,1.18
fresh vegetables,pickled goods olives,71081,0.0212,1.5
buns rolls,chips pretzels,32509,0.0097,1.78
baby food formula,energy granola bars,21411,0.0064,1.61
marinades meat preparation,packaged poultry,6476,0.0019,2.95
oral hygiene,refrigerated,10160,0.003,1.3
frozen produce,soup broth bouillon,57369,0.0171,1.67
oils vinegars,packaged poultry,11390,0.0034,1.4
cleaning products,fresh herbs,6982,0.0021,0.8
cookies cakes,paper goods,19055,0.0057,1.52
milk,tofu meat alternatives,27739,0.0083,1.03
hot cereal pancake mixes,other creams cheeses,18774,0.0056,1.43
frozen vegan vegetarian,fruit vegetable snacks,6093,0.0018,1.61
packaged produce,trail mix snack mix,5201,0.0016,2.34
frozen appetizers sides,juice nectars,24778,0.0074,1.59
bulk grains rice dried goods,milk,5424,0.0016,1.28
butter,fresh dips tapenades,28544,0.0085,1.16
canned meals beans,packaged cheese,89355,0.0267,1.66
breakfast bars pastries,milk,19373,0.0058,1.29
cleaning products,laundry,14702,0.0044,6.33
cream,pickled goods olives,12534,0.0037,1.28
dish detergents,nuts seeds dried fruit,9736,0.0029,1.32
missing,nuts seeds dried fruit,7990,0.0024,1.49
condiments,lunch meat,33506,0.01,1.61
canned jarred vegetables,spreads,25002,0.0075,1.3
frozen meat seafood,hot dogs bacon sausage,13691,0.0041,2.28
dish detergents,frozen produce,14468,0.0043,1.28
nuts seeds dried fruit,other creams cheeses,28682,0.0086,1.23
frozen meals,frozen pizza,33779,0.0101,3.14
digestion,fresh vegetables,11897,0.0036,1.02
hot dogs bacon sausage,packaged vegetables fruits,134530,0.0402,1.3
lunch meat,packaged produce,15979,0.0048,0.73
food storage,fresh vegetables,26662,0.008,1.03
chips pretzels,packaged produce,30326,0.0091,0.86
asian foods,baby food formula,7786,0.0023,1.18
cleaning products,refrigerated,14623,0.0044,1.18
packaged cheese,soap,16365,0.0049,1.24
hot dogs bacon sausage,packaged produce,15925,0.0048,0.9
laundry,refrigerated,13811,0.0041,1.23
fresh vegetables,muscles joints pain relief,6115,0.0018,0.74
milk,trail mix snack mix,9368,0.0028,1.08
coffee,doughs gelatins bake mixes,6851,0.002,1.31
asian foods,breakfast bakery,12710,0.0038,1.28
frozen breakfast,paper goods,17865,0.0053,1.37
fresh herbs,water seltzer sparkling water,57533,0.0172,0.96
soft drinks,spreads,23374,0.007,1.03
eggs,grains rice dried goods,27025,0.0081,1.44
ice cream ice,lunch meat,51422,0.0154,1.34
crackers,cream,44407,0.0133,1.26
red wines,white wines,8013,0.0024,39.08
cream,fresh dips tapenades,35075,0.0105,1.17
packaged produce,tortillas flat bread,8049,0.0024,0.68
cereal,oral hygiene,8784,0.0026,1.62
crackers,dry pasta,42912,0.0128,1.58
frozen appetizers sides,frozen meat seafood,11933,0.0036,3.21
canned jarred vegetables,oils vinegars,31479,0.0094,1.88
energy sports drinks,packaged cheese,20758,0.0062,1.11
instant foods,pickled goods olives,8925,0.0027,1.61
baking ingredients,grains rice dried goods,17954,0.0054,1.71
pasta sauce,tofu meat alternatives,12947,0.0039,1.89
fresh vegetables,tofu meat alternatives,79952,0.0239,1.63
fresh fruits,packaged seafood,15247,0.0046,1.28
oral hygiene,yogurt,17798,0.0053,1.16
soft drinks,water seltzer sparkling water,80630,0.0241,1.45
frozen appetizers sides,packaged vegetables fruits,82385,0.0246,1.29
frozen appetizers sides,missing,5692,0.0017,1.65
eggs,milk,160632,0.048,1.43
fresh fruits,tea,112465,0.0336,1.07
granola,soy lactosefree,29406,0.0088,1.85
baking ingredients,cookies cakes,19113,0.0057,1.26
juice nectars,tortillas flat bread,22263,0.0067,1.32
fresh vegetables,marinades meat preparation,39860,0.0119,1.47
breakfast bars pastries,lunch meat,10351,0.0031,1.61
breakfast bars pastries,tortillas flat bread,5197,0.0016,1.49
hot dogs bacon sausage,spreads,30720,0.0092,1.4
fresh herbs,hot dogs bacon sausage,32889,0.0098,1.25
popcorn jerky,trail mix snack mix,5273,0.0016,3.25
grains rice dried goods,water seltzer sparkling water,25964,0.0078,0.99
baby food formula,packaged poultry,6922,0.0021,1.26
frozen breakfast,spices seasonings,11804,0.0035,1.1
fresh fruits,preserved dips spreads,69541,0.0208,1.17
baking ingredients,preserved dips spreads,10734,0.0032,1.31
frozen breakfast,spreads,27096,0.0081,1.69
other creams cheeses,packaged poultry,15816,0.0047,1.52
fresh vegetables,packaged seafood,13927,0.0042,1.46
breakfast bakery,frozen pizza,19373,0.0058,1.95
packaged produce,pasta sauce,8968,0.0027,0.69
hair care,milk,6701,0.002,1.04
frozen breads doughs,spreads,5362,0.0016,1.69
fresh dips tapenades,refrigerated,57866,0.0173,1.32
dry pasta,fresh dips tapenades,32744,0.0098,1.41
canned meals beans,fresh vegetables,167415,0.05,1.61
packaged cheese,vitamins supplements,9836,0.0029,1.02
packaged vegetables fruits,soap,26465,0.0079,1.26
frozen pizza,poultry counter,7015,0.0021,1.25
packaged poultry,packaged vegetables fruits,63868,0.0191,1.45
canned jarred vegetables,eggs,49272,0.0147,1.45
breakfast bakery,butter,27121,0.0081,1.58
packaged vegetables fruits,prepared meals,44565,0.0133,1.33
grains rice dried goods,popcorn jerky,6848,0.002,1.1
food storage,spices seasonings,5703,0.0017,1.87
asian foods,latino foods,5621,0.0017,1.83
asian foods,hot dogs bacon sausage,16831,0.005,1.39
frozen meals,nuts seeds dried fruit,23497,0.007,1.17
crackers,energy granola bars,62911,0.0188,1.89
dish detergents,tortillas flat bread,7514,0.0022,1.46
candy chocolate,lunch meat,27978,0.0084,1.16
breakfast bakery,condiments,18859,0.0056,1.37
paper goods,yogurt,59461,0.0178,1.07
latino foods,spices seasonings,9526,0.0028,2.56
packaged produce,soft drinks,17383,0.0052,0.96
popcorn jerky,salad dressing toppings,5739,0.0017,1.39
canned meat seafood,tortillas flat bread,5681,0.0017,1.57
cream,tea,24967,0.0075,1.44
fresh fruits,packaged poultry,80783,0.0241,1.21
baby food formula,spreads,17451,0.0052,1.46
breakfast bars pastries,soy lactosefree,10920,0.0033,1.04
baking ingredients,condiments,26240,0.0078,1.71
cream,marinades meat preparation,7578,0.0023,1.35
cat food care,chips pretzels,7688,0.0023,1.26
oral hygiene,water seltzer sparkling water,14496,0.0043,1.3
fresh vegetables,lunch meat,201178,0.0601,1.3
frozen vegan vegetarian,nuts seeds dried fruit,8668,0.0026,1.31
other,soy lactosefree,7754,0.0023,1.24
milk,trash bags liners,8135,0.0024,1.04
frozen appetizers sides,pickled goods olives,8756,0.0026,1.58
frozen breads doughs,yogurt,14105,0.0042,1.32
ice cream ice,laundry,12375,0.0037,1.34
doughs gelatins bake mixes,frozen breakfast,13668,0.0041,2.37
oils vinegars,soy lactosefree,51434,0.0154,1.33
baby food formula,dry pasta,18176,0.0054,1.67
asian foods,packaged produce,5421,0.0016,0.6
fresh fruits,packaged cheese,519344,0.1552,1.21
frozen breakfast,yogurt,86745,0.0259,1.6
bread,prepared soups salads,15849,0.0047,1.47
hot dogs bacon sausage,meat counter,10906,0.0033,1.8
prepared soups salads,water seltzer sparkling water,15339,0.0046,1.22
preserved dips spreads,tortillas flat bread,16261,0.0049,2.7
fresh vegetables,water seltzer sparkling water,277169,0.0828,0.97
cream,packaged vegetables fruits,126356,0.0378,1.12
chips pretzels,frozen vegan vegetarian,21975,0.0066,1.6
canned meals beans,dry pasta,34103,0.0102,2.06
fresh vegetables,pasta sauce,136259,0.0407,1.47
canned fruit applesauce,tea,5692,0.0017,1.24
energy granola bars,ice cream ice,40440,0.0121,1.27
fresh dips tapenades,juice nectars,36276,0.0108,1.23
frozen pizza,salad dressing toppings,7426,0.0022,1.88
diapers wipes,fresh vegetables,8817,0.0026,0.86
canned fruit applesauce,yogurt,37636,0.0112,1.76
bakery desserts,fresh vegetables,14002,0.0042,0.92
canned fruit applesauce,juice nectars,15069,0.0045,2.06
asian foods,frozen produce,28944,0.0087,1.63
paper goods,spices seasonings,13718,0.0041,1.24
tortillas flat bread,yogurt,69926,0.0209,1.41
coffee,tofu meat alternatives,6610,0.002,1.07
chips pretzels,pasta sauce,51461,0.0154,1.47
marinades meat preparation,spreads,6671,0.002,1.4
breakfast bakery,nuts seeds dried fruit,23563,0.007,1.27
cookies cakes,frozen meat seafood,7071,0.0021,1.67
paper goods,prepared meals,6005,0.0018,1.04
hot cereal pancake mixes,spreads,22176,0.0066,1.88
candy chocolate,hot cereal pancake mixes,13400,0.004,1.28
asian foods,lunch meat,20198,0.006,1.34
other,refrigerated,6164,0.0018,1.25
bakery desserts,soy lactosefree,6221,0.0019,1.07
frozen breads doughs,frozen produce,7745,0.0023,1.54
food storage,frozen produce,8726,0.0026,1.21
poultry counter,salad dressing toppings,5492,0.0016,1.56
baby food formula,frozen meals,16899,0.0051,1.48
dry pasta,fruit vegetable snacks,16451,0.0049,1.51
body lotions soap,refrigerated,5812,0.0017,1.16
crackers,soft drinks,46278,0.0138,1.39
baking ingredients,fruit vegetable snacks,13528,0.004,1.14
soy lactosefree,trash bags liners,5255,0.0016,0.96
packaged cheese,paper goods,56936,0.017,1.17
cereal,packaged poultry,14816,0.0044,1.33
bread,crackers,97390,0.0291,1.55
asian foods,frozen meals,15063,0.0045,1.41
energy granola bars,fresh fruits,197649,0.0591,1.23
bread,soy lactosefree,118314,0.0354,1.27
condiments,ice cream ice,29057,0.0087,1.32
ice cream ice,marinades meat preparation,9531,0.0028,1.42
missing,spices seasonings,5597,0.0017,1.61
body lotions soap,soft drinks,7175,0.0021,2.21
bread,doughs gelatins bake mixes,24554,0.0073,1.6
fresh dips tapenades,lunch meat,56321,0.0168,1.65
latino foods,pickled goods olives,5508,0.0016,2.43
butter,grains rice dried goods,15730,0.0047,1.54
body lotions soap,ice cream ice,5980,0.0018,1.45
fresh fruits,meat counter,50431,0.0151,1.26
frozen pizza,laundry,5394,0.0016,1.49
packaged cheese,yogurt,292525,0.0874,1.45
frozen breads doughs,soy lactosefree,11813,0.0035,1.71
butter,nuts seeds dried fruit,26161,0.0078,1.3
popcorn jerky,yogurt,52051,0.0156,1.3
packaged vegetables fruits,soft drinks,83410,0.0249,0.78
cookies cakes,milk,61395,0.0183,1.27
baking supplies decor,fresh vegetables,10412,0.0031,1.08
instant foods,other creams cheeses,26613,0.008,1.77
energy granola bars,frozen vegan vegetarian,11606,0.0035,1.64
eggs,refrigerated,76598,0.0229,1.25
fresh dips tapenades,preserved dips spreads,23834,0.0071,2.27
frozen produce,prepared soups salads,9586,0.0029,1.18
butter,milk,92893,0.0278,1.52
missing,spreads,7141,0.0021,1.38
baby food formula,frozen appetizers sides,16949,0.0051,2.13
cream,tortillas flat bread,21185,0.0063,1.23
cereal,hot cereal pancake mixes,26857,0.008,1.92
cereal,frozen vegan vegetarian,11314,0.0034,1.49
dog food care,fresh fruits,13694,0.0041,0.91
packaged poultry,soup broth bouillon,17799,0.0053,1.78
buns rolls,hot dogs bacon sausage,30047,0.009,3.27
chips pretzels,soy lactosefree,115888,0.0346,1.22
bread,other creams cheeses,75272,0.0225,1.58
canned meals beans,instant foods,25385,0.0076,2.1
hair care,paper goods,5032,0.0015,2.99
energy granola bars,specialty cheeses,7638,0.0023,1.09
ice cream ice,preserved dips spreads,17126,0.0051,1.45
eggs,packaged produce,19546,0.0058,0.68
fresh fruits,missing,43502,0.013,1.18
canned meals beans,soup broth bouillon,47603,0.0142,2.44
baby food formula,canned jarred vegetables,15085,0.0045,1.33
food storage,other creams cheeses,7278,0.0022,1.44
bread,vitamins supplements,7635,0.0023,1.11
fresh vegetables,hair care,11303,0.0034,0.96
frozen breakfast,prepared meals,10450,0.0031,1.86
frozen dessert,ice cream ice,5183,0.0015,2.39
condiments,grains rice dried goods,13838,0.0041,1.69
buns rolls,fresh vegetables,59499,0.0178,1.23
packaged vegetables fruits,prepared soups salads,32447,0.0097,1.34
buns rolls,soy lactosefree,18146,0.0054,0.98
bulk dried fruits vegetables,yogurt,6062,0.0018,1.28
doughs gelatins bake mixes,frozen pizza,9288,0.0028,2.3
hot dogs bacon sausage,specialty cheeses,10137,0.003,1.49
frozen pizza,packaged cheese,54236,0.0162,1.63
hot cereal pancake mixes,prepared meals,5116,0.0015,1.24
frozen appetizers sides,prepared soups salads,5242,0.0016,1.54
frozen meat seafood,nuts seeds dried fruit,7088,0.0021,1.23
asian foods,bread,30746,0.0092,1.3
canned meat seafood,fresh vegetables,38608,0.0115,1.35
breakfast bakery,soup broth bouillon,25568,0.0076,1.33
bakery desserts,crackers,5219,0.0016,1.32
frozen appetizers sides,yogurt,63800,0.0191,1.4
hot cereal pancake mixes,yogurt,60331,0.018,1.52
energy granola bars,frozen meat seafood,8837,0.0026,1.43
buns rolls,fresh dips tapenades,13815,0.0041,1.29
frozen vegan vegetarian,hot dogs bacon sausage,7250,0.0022,1.05
dry pasta,lunch meat,39727,0.0119,1.61
food storage,frozen meals,5481,0.0016,1.26
meat counter,water seltzer sparkling water,13768,0.0041,1.0
fresh dips tapenades,fresh vegetables,192511,0.0575,1.32
baby accessories,fresh fruits,5629,0.0017,1.21
doughs gelatins bake mixes,other creams cheeses,16632,0.005,2.06
cream,pasta sauce,23096,0.0069,1.21
baking ingredients,lunch meat,31487,0.0094,1.18
packaged vegetables fruits,spreads,121618,0.0363,1.27
bulk dried fruits vegetables,fresh fruits,12788,0.0038,1.28
frozen breads doughs,frozen meals,5013,0.0015,1.66
other creams cheeses,tortillas flat bread,33695,0.0101,2.06
buns rolls,nuts seeds dried fruit,9377,0.0028,1.07
fruit vegetable snacks,milk,52046,0.0156,1.39
nuts seeds dried fruit,pickled goods olives,12487,0.0037,1.45
fresh dips tapenades,prepared soups salads,11499,0.0034,1.78
granola,tortillas flat bread,8382,0.0025,1.59
