product_a_name,product_b_name,pair_orders,support,confidence_a_to_b,confidence_b_to_a,lift
Organic Whole Milk,Total 2% Greek Strained Yogurt with Cherry 5.3 oz,1240,0.00037,0.009,0.066,1.55
Red Vine Tomato,Cucumber Kirby,6879,0.00206,0.121,0.069,4.07
Organic Orange Bell Pepper,Green Bell Pepper,1169,0.00035,0.106,0.02,6.13
Organic Baby Kale,Large Lemon,1945,0.00058,0.102,0.012,2.13
Organic Cilantro,Organic Tomato Cluster,4568,0.00137,0.063,0.068,3.13
Organic Red Onion,Organic Tomato Cluster,4884,0.00146,0.069,0.073,3.45
Organic Red Grapes,Banana,1743,0.00052,0.182,0.004,1.24
Sea Salt Potato Chips,Organic Baby Spinach,1336,0.0004,0.098,0.005,1.31
Organic Strawberries,Sugar Snap Peas,2442,0.00073,0.009,0.165,2.01
Small Hass Avocado,Organic Fuji Apple,3671,0.0011,0.07,0.04,2.54
Organic Large Extra Fancy Fuji Apple,Organic Roasted Turkey Breast,2060,0.00062,0.026,0.07,2.99
Italian Sparkling Mineral Water,Honeycrisp Apple,1262,0.00038,0.039,0.015,1.58
Lime,Jalapeno Peppers,1085,0.00032,0.098,0.024,7.39
Organic Baby Spinach,Non Fat Raspberry Yogurt,1680,0.0005,0.007,0.099,1.32
Chicken & Maple Breakfast Sausage,Large Lemon,1256,0.00038,0.066,0.008,1.36
Green Bell Pepper,Organic Black Beans,2422,0.00072,0.042,0.061,3.53
Shredded Parmesan,Organic D'Anjou Pears,1344,0.0004,0.036,0.026,2.35
Organic Medjool Dates,Organic Strawberries,1745,0.00052,0.162,0.006,1.97
Boneless Skinless Chicken Breasts,Organic Ginger Root,1491,0.00045,0.028,0.028,1.76
Carrots,Organic Half & Half,1787,0.00053,0.024,0.023,1.01
Clementines,Milk Chocolate Almonds,1153,0.00034,0.036,0.218,22.71
Organic Baby Spinach,Apple Cinnamon GoGo Squeez,1354,0.0004,0.005,0.149,1.98
Strawberries,Bartlett Pears,4505,0.00135,0.03,0.123,2.75
Large Brown Eggs,Organic Avocado,1668,0.0005,0.139,0.009,2.53
Organic Strawberries,Pulp Free Orange Juice,1102,0.00033,0.004,0.109,1.32
Pretzel Crisps Original Deli Style Pretzel Crackers,Organic Avocado,1493,0.00045,0.09,0.008,1.64
Fresh Cauliflower,Unsalted Butter,1438,0.00043,0.019,0.039,1.75
Icelandic Style Skyr Blueberry Non-fat Yogurt,Original Hummus,1251,0.00037,0.063,0.017,2.83
Large Lemon,Organic Red Cabbage,1555,0.00046,0.01,0.099,2.07
Bag of Organic Bananas,Soft Pretzel Mini Buns,1322,0.0004,0.003,0.213,1.8
Sparkling Water Berry,Sparkling Water Grapefruit,6243,0.00187,0.344,0.079,14.54
Pure Sparkling Water,Organic Avocado,2283,0.00068,0.076,0.012,1.38
Organic Low Sodium Vegetable Broth,Organic Strawberries,1122,0.00034,0.104,0.004,1.26
Banana,Steel Cut Oats,1244,0.00037,0.003,0.227,1.55
Natural Classic Pork Breakfast Sausage,Bag of Organic Bananas,1768,0.00053,0.208,0.004,1.76
Organic Baby Spinach Salad,Organic Unsweetened Almond Milk,1108,0.00033,0.06,0.018,3.36
Total 0% Greek Yogurt,Limes,1924,0.00058,0.071,0.013,1.61
Small Hass Avocado,Organic Small Bunch Celery,1849,0.00055,0.035,0.026,1.68
Yobaby Organic Plain Yogurt,Organic Whole Milk,1511,0.00045,0.176,0.011,4.12
Total 2% All Natural Greek Strained Yogurt with Honey,Cucumber Kirby,1201,0.00036,0.05,0.012,1.69
Blueberries,Organic Gala Apples,1251,0.00037,0.021,0.017,0.95
Baby Spinach,Carrots,1095,0.00033,0.045,0.015,2.01
Iceberg Lettuce,Cucumber Kirby,1032,0.00031,0.077,0.01,2.58
Organic Zucchini,Unsweetened Original Almond Breeze Almond Milk,1685,0.0005,0.015,0.047,1.43
Banana,Organic Egg Whites,3659,0.00109,0.007,0.181,1.23
Organic Roasted Turkey Breast,Banana,5503,0.00164,0.186,0.011,1.27
Organic Milk,Fresh Cauliflower,1127,0.00034,0.039,0.015,1.76
Organic Ginger Root,Organic Avocado,4945,0.00148,0.091,0.027,1.66
Green Bell Pepper,Red Peppers,7225,0.00216,0.125,0.124,7.16
Banana,Mandarin Oranges,3869,0.00116,0.008,0.33,2.25
Fresh Cauliflower,Total Greek Strained Yogurt,1189,0.00036,0.016,0.043,1.96
Half & Half,Organic Tomato Cluster,1947,0.00058,0.027,0.029,1.36
Organic Bartlett Pear,Organic Small Bunch Celery,2245,0.00067,0.058,0.032,2.75
Orange Bell Pepper,Organic Baby Spinach,5658,0.00169,0.138,0.022,1.83
Organic Lemon,Garlic,1703,0.00051,0.019,0.044,1.62
Banana,Pitted Dates,1225,0.00037,0.002,0.238,1.62
Organic Red Bell Pepper,Boneless Skinless Chicken Breasts,1619,0.00048,0.027,0.031,1.73
Seedless Red Grapes,"Organic Red Radish, Bunch",1056,0.00032,0.012,0.037,1.44
Nonfat Icelandic Style Strawberry Yogurt,Organic Hass Avocado,1319,0.00039,0.12,0.006,1.81
Half & Half,Cucumber Kirby,2875,0.00086,0.04,0.029,1.35
Red Peppers,Honeycrisp Apple,2598,0.00078,0.045,0.031,1.79
Organic Broccoli,Organic Peeled Whole Baby Carrots,1274,0.00038,0.032,0.022,1.83
Organic Strawberries,Organic Low Sodium Chicken Broth,2495,0.00075,0.009,0.137,1.66
Banana,Passionfruit Sparkling Water,1287,0.00038,0.003,0.161,1.1
Organic Carrot Bunch,Organic Baby Broccoli,1456,0.00044,0.039,0.044,3.91
Total 2% Lowfat Greek Strained Yogurt with Peach,Organic Hass Avocado,2006,0.0006,0.098,0.009,1.48
Organic Lemon,Sparkling Water Grapefruit,3356,0.001,0.037,0.042,1.55
Organic Raspberries,Organic  Whole Milk,1199,0.00036,0.008,0.119,2.78
Organic Orange Bell Pepper,Limes,1019,0.0003,0.093,0.007,2.11
Organic Baby Arugula,Organic D'Anjou Pears,2145,0.00064,0.028,0.042,1.86
Organic Baby Broccoli,Cucumber Kirby,1569,0.00047,0.047,0.016,1.59
Organic Yellow Onion,Organic White Onions,1840,0.00055,0.016,0.075,2.14
Organic Unsweetened Almond Milk,Organic Tomato Cluster,2238,0.00067,0.037,0.033,1.87
Chocolate Ice Cream,Banana,2587,0.00077,0.186,0.005,1.27
Organic Butternut Squash,Organic Strawberries,2634,0.00079,0.128,0.01,1.56
Organic Lemon,Organic Yellow Peaches,1683,0.0005,0.018,0.077,2.81
Organic Whole Milk,Marinara Pasta Sauce,1124,0.00034,0.008,0.097,2.27
Organic Garlic,Organic Grape Tomatoes,7470,0.00223,0.066,0.085,2.49
Organic Tomato Paste,Organic Strawberries,2013,0.0006,0.11,0.007,1.33
Organic Celery Hearts,Organic Baby Carrots,1875,0.00056,0.075,0.023,3.13
Michigan Organic Kale,Organic Small Bunch Celery,6268,0.00187,0.089,0.089,4.23
Bag of Organic Bananas,Organic Smoked Turkey Breast,1893,0.00057,0.005,0.25,2.12
Organic Lemon,Organic Yams,1488,0.00044,0.016,0.071,2.61
Organic Red Onion,Organic Peeled Whole Baby Carrots,2027,0.00061,0.029,0.035,1.66
Limes,Organic Small Bunch Celery,7077,0.00212,0.048,0.1,2.28
Organic Bartlett Pear,Large Lemon,2234,0.00067,0.058,0.014,1.2
Organic Blueberries,Organic Hass Avocado,12756,0.00381,0.121,0.058,1.84
Sinfully Sweet Campari Tomatoes,Large Lemon,1178,0.00035,0.072,0.007,1.5
Icelandic Style Skyr Blueberry Non-fat Yogurt,Non Fat Raspberry Yogurt,7444,0.00222,0.373,0.439,73.6
Fresh Cauliflower,Organic Tomato Cluster,3814,0.00114,0.051,0.057,2.57
Bag of Organic Bananas,Organic Bell Pepper,5661,0.00169,0.014,0.233,1.97
Organic Tomato Cluster,Honeycrisp Apple,2214,0.00066,0.033,0.027,1.33
Organic Granny Smith Apple,Organic Garnet Sweet Potato (Yam),2641,0.00079,0.043,0.048,2.65
Strawberries,"Clementines, Bag",4109,0.00123,0.027,0.099,2.23
Organic Whole Kernel Sweet Corn No Salt Added,Bag of Organic Bananas,2410,0.00072,0.181,0.006,1.53
Honeycrisp Apple,Organic Avocado,11609,0.00347,0.139,0.063,2.53
Mango Chunks,Original Hummus,1085,0.00032,0.059,0.015,2.65
Oven Roasted Turkey,Organic Hass Avocado,1723,0.00051,0.142,0.008,2.15
Whole Milk,Organic Garlic,1064,0.00032,0.029,0.009,0.85
Organic Strawberries,Organic Stoneground Wheat Crackers,1186,0.00035,0.004,0.194,2.36
Strawberries,Organic Shredded Carrots,1123,0.00034,0.008,0.053,1.2
100% Raw Coconut Water,Organic Baby Arugula,1300,0.00039,0.033,0.017,1.46
Organic Garlic,Shredded Mild Cheddar Cheese,1768,0.00053,0.016,0.064,1.87
Organic Garlic,Total 0% Nonfat Greek Yogurt,1172,0.00035,0.01,0.042,1.23
Seedless Red Grapes,Unsweetened Original Almond Breeze Almond Milk,1442,0.00043,0.017,0.04,1.54
Garlic Hummus,Organic Hass Avocado,1005,0.0003,0.117,0.005,1.78
Russet Potato,Organic Grape Tomatoes,1181,0.00035,0.038,0.013,1.46
Large Yellow Flesh Nectarine,Organic Avocado,1651,0.00049,0.106,0.009,1.92
Bag of Organic Bananas,Marinara Pasta Sauce,1437,0.00043,0.004,0.124,1.05
Organic Raspberries,Organic Blueberries,14156,0.00423,0.099,0.135,3.16
Organic Lacinato (Dinosaur) Kale,Organic Small Bunch Celery,4684,0.0014,0.104,0.066,4.94
Honey Greek Yogurt,Bag of Organic Bananas,1380,0.00041,0.157,0.003,1.33
Red Peppers,Extra Virgin Olive Oil,1649,0.00049,0.028,0.032,1.81
Ground Turkey Breast,Organic Peeled Whole Baby Carrots,1247,0.00037,0.045,0.022,2.61
Boneless Skinless Chicken Breasts,Organic Whole Milk,3821,0.00114,0.073,0.027,1.71
Organic & Raw Strawberry Serenity Kombucha,Organic Raw Kombucha Gingerade,1284,0.00038,0.177,0.06,27.41
Boneless Skinless Chicken Breast,Organic Large Brown Grade AA Cage Free Eggs,1119,0.00033,0.048,0.034,4.79
Organic Whole String Cheese,Shredded Mozzarella,1201,0.00036,0.019,0.052,2.84
Hass Avocados,Fresh Cauliflower,1160,0.00035,0.022,0.016,1.0
Organic Baby Kale,Organic Blueberries,1298,0.00039,0.068,0.012,2.18
Strawberries,Gourmet Tomato Medley,1162,0.00035,0.008,0.16,3.59
Extra Virgin Olive Oil,Organic Romaine Lettuce,1128,0.00034,0.022,0.031,2.0
Shredded Parmesan,Large Lemon,3793,0.00113,0.101,0.024,2.09
Organic Celery Hearts,Organic Gala Apples,1240,0.00037,0.05,0.016,2.2
"Organic Red Radish, Bunch",Honeycrisp Apple,1224,0.00037,0.043,0.015,1.74
Organic Russet Potato,Organic Raspberries,2811,0.00084,0.083,0.02,1.96
Organic Large Brown Eggs,Organic Baby Spinach,2666,0.0008,0.179,0.011,2.38
Bag of Organic Bananas,Lemon Verbena Dish Soap,1193,0.00036,0.003,0.178,1.5
Lime Sparkling Water,Asparagus,1309,0.00039,0.027,0.018,1.27
Boneless Skinless Chicken Breast,Organic Hass Avocado,2576,0.00077,0.109,0.012,1.66
Bunched Cilantro,Original Hummus,1142,0.00034,0.024,0.015,1.09
Green Bell Pepper,Organic White Onions,1944,0.00058,0.034,0.079,4.58
Organic Lemon,Organic Frozen Peas,1387,0.00041,0.015,0.066,2.42
Organic Red Onion,Organic Heavy Whipping Cream,1260,0.00038,0.018,0.049,2.33
Bag of Organic Bananas,Organic Coconut Water,1090,0.00033,0.003,0.192,1.62
Organic Strawberries,Cucumber & Garlic  Tzatziki,1076,0.00032,0.004,0.144,1.74
Organic Mint,Organic Raspberries,1785,0.00053,0.087,0.013,2.04
Pure Sparkling Water,Organic Garlic,1506,0.00045,0.05,0.013,1.47
Green Beans,Banana,8894,0.00266,0.294,0.018,2.0
Broccoli & Apple Stage 2 Baby Food,Organic Strawberries,1224,0.00037,0.174,0.004,2.11
Shredded Parmesan,Organic Baby Arugula,2520,0.00075,0.067,0.033,2.95
Bag of Organic Bananas,Air Chilled Organic Boneless Skinless Chicken Breasts,3595,0.00107,0.009,0.206,1.74
Roasted Turkey,Organic Hass Avocado,1066,0.00032,0.101,0.005,1.53
Organic Garlic,Shredded Mozzarella,2171,0.00065,0.019,0.095,2.78
Organic Carrot Bunch,Asparagus,1898,0.00057,0.051,0.027,2.38
Stage 1 Apples Sweet Potatoes Pumpkin & Blueberries Organic Pureed Baby Food,"Organic Pears, Peas and Broccoli Puree Stage 1",1967,0.00059,0.343,0.382,223.24
Lightly Salted Baked Snap Pea Crisps,Honeycrisp Apple,1209,0.00036,0.047,0.015,1.87
Uncured Slow Cooked Ham,Organic Strawberries,2430,0.00073,0.173,0.009,2.1
Organic Fuji Apple,Organic Baby Broccoli,1227,0.00037,0.013,0.037,1.33
Original Hummus,Roasted Turkey Breast,1147,0.00034,0.015,0.063,2.83
Apple Honeycrisp Organic,Organic Tomato Cluster,3388,0.00101,0.039,0.051,1.94
Organic Original Almond Milk,Organic Strawberries,1807,0.00054,0.174,0.007,2.11
Organic Green Leaf Lettuce,Cucumber Kirby,1422,0.00042,0.097,0.014,3.26
Grilled Chicken Breast,Banana,1255,0.00038,0.183,0.003,1.24
Seedless Red Grapes,Uncured Genoa Salami,2326,0.0007,0.027,0.054,2.07
Jalapeno Peppers,Ground Turkey Breast,1073,0.00032,0.024,0.039,2.92
Small Hass Avocado,Sharp Cheddar Cheese,1096,0.00033,0.021,0.035,2.24
Organic Fuji Apple,Bartlett Pears,4327,0.00129,0.047,0.118,4.26
Ancient Grain Original Granola,Banana,1359,0.00041,0.201,0.003,1.37
Bag of Organic Bananas,Organic Tahini,1075,0.00032,0.003,0.162,1.38
Bag of Organic Bananas,0% Greek Strained Yogurt,2558,0.00076,0.006,0.187,1.59
Organic Raspberries,Sea Salt Pita Chips,1090,0.00033,0.008,0.063,1.48
Banana,Organic Low Sodium Chicken Broth,4107,0.00123,0.008,0.225,1.53
Bag of Organic Bananas,Panko Bread Crumbs,1196,0.00036,0.003,0.128,1.08
Organic Baby Arugula,Organic Reduced Fat Milk,1251,0.00037,0.017,0.034,1.5
Organic Strawberry Smoothie,Organic Hass Avocado,1512,0.00045,0.125,0.007,1.9
Natural Classic Pork Breakfast Sausage,Banana,1802,0.00054,0.212,0.004,1.44
Organic Unsalted Butter,Banana,2703,0.00081,0.121,0.006,0.83
Organic Frozen Peas,Organic Large Extra Fancy Fuji Apple,1176,0.00035,0.056,0.015,2.4
Unsweetened Almondmilk,Sparkling Natural Mineral Water,1129,0.00034,0.022,0.025,1.63
Small Hass Avocado,Organic Peeled Whole Baby Carrots,1738,0.00052,0.033,0.03,1.93
Strawberries,Red Vine Tomato,4559,0.00136,0.031,0.08,1.8
Fresh Cauliflower,Organic Gala Apples,3560,0.00106,0.048,0.047,2.12
Jalapeno Peppers,Organic Strawberries,4462,0.00133,0.1,0.016,1.22
Organic Raspberries,Bunched Cilantro,1702,0.00051,0.012,0.036,0.84
Organic Grade A Free Range Large Brown Eggs,Boneless Skinless Chicken Breasts,1206,0.00036,0.029,0.023,1.84
Organic White Onions,Organic Zucchini,2642,0.00079,0.108,0.024,3.3
Organic Reduced Fat Milk,Organic Hass Avocado,3424,0.00102,0.093,0.016,1.41
Organic Cottage Cheese,Organic Whole Milk,1127,0.00034,0.138,0.008,3.23
Red Peppers,Organic Roma Tomato,1061,0.00032,0.018,0.035,2.0
Organic Baby Spinach,Organic Large Grade AA Brown Eggs,3362,0.001,0.013,0.127,1.68
Total 2% Lowfat Greek Strained Yogurt with Peach,Organic Half & Half,1204,0.00036,0.059,0.015,2.48
Michigan Organic Kale,Organic Garbanzo Beans,2425,0.00072,0.035,0.078,3.71
Organic Roasted Turkey Breast,Organic Grape Tomatoes,1781,0.00053,0.06,0.02,2.29
Organic Shredded Carrots,Organic Grape Tomatoes,2209,0.00066,0.105,0.025,3.99
Broccoli Crown,Ground Turkey Breast,1299,0.00039,0.029,0.047,3.49
Yotoddler Organic Pear Spinach Mango Yogurt,Bag of Organic Bananas,1218,0.00036,0.195,0.003,1.65
Total 2% All Natural Plain Greek Yogurt,Large Lemon,1590,0.00048,0.092,0.01,1.92
Curate Cherry Lime Sparkling Water,Blackberry Cucumber Sparkling Water,1492,0.00045,0.159,0.127,45.23
Organic Garbanzo Beans,Large Lemon,3699,0.00111,0.119,0.023,2.47
Organic Large Grade A Brown Eggs,Organic Avocado,1294,0.00039,0.088,0.007,1.6
Jalapeno Peppers,"Organic Red Radish, Bunch",1227,0.00037,0.028,0.043,3.27
Granny Smith Apples,"Clementines, Bag",1043,0.00031,0.028,0.025,2.25
Garlic,Organic Gala Apples,1233,0.00037,0.032,0.016,1.42
Banana,Philadelphia Original Cream Cheese,1285,0.00038,0.003,0.171,1.16
Organic Cilantro,Organic Baby Carrots,2699,0.00081,0.037,0.034,1.54
Organic Mixed Vegetables,Organic Hass Avocado,1220,0.00036,0.119,0.006,1.8
White Corn,Asparagus,1223,0.00037,0.063,0.017,2.96
Clementines,Crunchy Oats 'n Honey Granola Bars,1625,0.00049,0.05,0.179,18.6
Organic Strawberries,Organic Half & Half,9495,0.00284,0.034,0.12,1.46
Banana,Sparkling Mineral Water,1624,0.00049,0.003,0.086,0.59
Organic Beef Uncured Hot Dogs,Bag of Organic Bananas,2275,0.00068,0.183,0.006,1.55
Spaghetti,Cucumber Kirby,1313,0.00039,0.08,0.013,2.68
Organic Baby Carrots,Organic Ginger Root,1954,0.00058,0.024,0.036,1.5
Organic Gala Apples,Organic Tomato Cluster,3172,0.00095,0.042,0.047,2.1
Organic Milk,Organic Large Grade AA Brown Eggs,1542,0.00046,0.053,0.058,6.73
Organic Frozen Mango Chunks,Frozen Organic Wild Blueberries,2031,0.00061,0.186,0.066,20.06
Organic Roasted Turkey Breast,Unsweetened Almondmilk,1042,0.00031,0.035,0.02,2.28
"Organic Butterhead (Boston, Butter, Bibb) Lettuce",Organic Zucchini,1114,0.00033,0.089,0.01,2.71
Bag of Organic Bananas,Organic Large Extra Fancy Fuji Apple,24337,0.00727,0.062,0.312,2.64
Mild Salsa,Organic Avocado,1762,0.00053,0.116,0.01,2.11
Seedless Red Grapes,Unsalted Butter,1684,0.0005,0.019,0.045,1.75
Organic Celery Hearts,Banana,4177,0.00125,0.168,0.009,1.14
Sharp Cheddar Cheese,Limes,2987,0.00089,0.095,0.02,2.17
Organic Strawberries,Organic Greek Whole Milk Blended Vanilla Bean Yogurt,2273,0.00068,0.008,0.232,2.81
Organic Navel Orange,Spring Water,1142,0.00034,0.026,0.02,1.47
Organic Red Bell Pepper,Fresh Ginger Root,1250,0.00037,0.021,0.049,2.75
Organic Basil,Asparagus,1492,0.00045,0.053,0.021,2.52
Watermelon Chunks,Bag of Organic Bananas,4899,0.00146,0.193,0.012,1.63
Organic Chicken Broth,Bag of Organic Bananas,1851,0.00055,0.158,0.005,1.34
Organic Chicken Strips,Organic Hass Avocado,1795,0.00054,0.155,0.008,2.35
Organic Romaine Leaf,Organic Grape Tomatoes,1036,0.00031,0.088,0.012,3.33
Organic Baby Spinach,Sour Cream,1615,0.00048,0.006,0.072,0.95
Organic Red Onion,Green Bell Pepper,5175,0.00155,0.073,0.089,4.22
Organic 1% Low Fat Milk,Organic Raspberries,1391,0.00042,0.111,0.01,2.6
Organic Cannellini Beans,Organic Baby Spinach,1617,0.00048,0.198,0.006,2.63
Organic Frozen Mango Chunks,Organic Whole Strawberries,2348,0.0007,0.215,0.072,21.99
No Salt Added Black Beans,Organic Hass Avocado,3149,0.00094,0.108,0.014,1.64
Organic Cucumber,Organic Red Delicious Apple,1031,0.00031,0.012,0.072,2.83
Skim Milk,Strawberries,1156,0.00035,0.078,0.008,1.75
Watermelon Chunks,Organic Gala Apples,1197,0.00036,0.047,0.016,2.09
Raisin Bran Cereal,Organic Baby Spinach,1533,0.00046,0.096,0.006,1.27
Traditional Plain Greek Yogurt,Bag of Organic Bananas,1304,0.00039,0.151,0.003,1.28
Banana,Cage Free Grade A Large Brown Eggs,1654,0.00049,0.003,0.248,1.69
Shallot,Cucumber Kirby,1398,0.00042,0.077,0.014,2.58
Apple Cinnamon GoGo Squeez,Organic Whole Milk,1040,0.00031,0.114,0.007,2.68
Banana,Organic Greek Plain Nonfat Yogurt,1164,0.00035,0.002,0.165,1.12
Organic Carrot Bunch,Organic Romaine Lettuce,1266,0.00038,0.034,0.035,3.13
Applewood Smoked Bacon,Organic Strawberries,1125,0.00034,0.157,0.004,1.9
Organic Blueberries,Asparagus,3700,0.00111,0.035,0.052,1.66
Vanilla Skyr Nonfat Yogurt,"Yogurt, Strained Low-Fat, Coconut",2851,0.00085,0.151,0.227,40.19
Organic Yellow Onion,Organic Cucumber,8347,0.00249,0.071,0.098,2.79
Banana,Organic Fat Free Milk,6754,0.00202,0.014,0.246,1.68
Bag of Organic Bananas,Cucumber Kirby,9938,0.00297,0.025,0.1,0.84
Organic Yellow Onion,Organic Large Brown Grade AA Cage Free Eggs,2641,0.00079,0.022,0.079,2.26
Green Beans,Organic Hass Avocado,2121,0.00063,0.07,0.01,1.06
Organic Whole String Cheese,Organic Fat Free Milk,1277,0.00038,0.021,0.047,2.53
Blueberries,Large Lemon,4063,0.00121,0.07,0.025,1.45
Carrots,Total 0% Greek Yogurt,1049,0.00031,0.014,0.039,1.72
Organic Bread with 21 Whole Grains,Organic Fuji Apple,1421,0.00042,0.059,0.015,2.14
100% Whole Wheat Bread,Uncured Genoa Salami,1905,0.00057,0.03,0.044,2.33
Organic Granny Smith Apple,Organic Grape Tomatoes,3783,0.00113,0.062,0.043,2.35
Original Orange Juice,Organic Avocado,1398,0.00042,0.054,0.008,0.98
Margherita Pizza,Banana,1514,0.00045,0.215,0.003,1.47
Organic Cucumber,Organic Raw Kombucha Gingerade,1087,0.00032,0.013,0.05,1.98
Extra Virgin Olive Oil,Large Lemon,5053,0.00151,0.097,0.031,2.01
Organic Frozen Peas,Organic Cucumber,1482,0.00044,0.071,0.017,2.78
Organic Grade A Large Brown Eggs,Organic Avocado,2115,0.00063,0.128,0.011,2.32
Baby Seedless Cucumbers,Organic Hass Avocado,1362,0.00041,0.135,0.006,2.04
Organic D'Anjou Pears,Grated Parmesan,1583,0.00047,0.031,0.034,2.22
Organic Red Onion,Organic Blueberries,3415,0.00102,0.048,0.033,1.54
Michigan Organic Kale,Organic Red Chard Greens,1228,0.00037,0.018,0.108,5.16
Organic Bartlett Pear,Organic Ginger Root,1446,0.00043,0.037,0.027,2.31
Organic Turkey Bacon,Organic Grape Tomatoes,1007,0.0003,0.063,0.011,2.41
White Onion,Bunched Cilantro,1545,0.00046,0.091,0.033,6.4
Organic Gala Apples,Organic Garnet Sweet Potato (Yam),3281,0.00098,0.043,0.06,2.66
Sonoma Traditional Flour Tortillas 10 Count,Organic Strawberries,1512,0.00045,0.185,0.005,2.25
Bag of Organic Bananas,Uncured Black Forest Ham,1629,0.00049,0.004,0.188,1.59
Organic Garlic,Creamy Almond Butter,1178,0.00035,0.01,0.053,1.55
Organic Braeburn Apple,Banana,2116,0.00063,0.212,0.004,1.45
Organic Red Bell Pepper,Organic Hass Avocado,11641,0.00348,0.194,0.053,2.95
Organic Romaine,Honeycrisp Apple,1339,0.0004,0.054,0.016,2.17
Organic Roasted Turkey Breast,Organic Whole Milk,2596,0.00078,0.088,0.018,2.06
Organic Strawberries,Organic Whole String Cheese,14028,0.00419,0.051,0.227,2.76
Organic Fuji Apple,Cucumber Kirby,7283,0.00218,0.078,0.073,2.63
Organic Sticks Low Moisture Part Skim Mozzarella String Cheese,Large Lemon,2804,0.00084,0.079,0.017,1.64
Uncured Genoa Salami,Organic Raspberries,4231,0.00126,0.098,0.03,2.29
Strawberries,Organic Baby Arugula,3871,0.00116,0.026,0.051,1.14
Broccoli Crown,Bag of Organic Bananas,4712,0.00141,0.105,0.012,0.89
Potato Yukon Gold Organic,Organic Zucchini,1224,0.00037,0.093,0.011,2.86
Apple Honeycrisp Organic,Icelandic Style Skyr Blueberry Non-fat Yogurt,1114,0.00033,0.013,0.056,2.14
Organic Whole Grain Wheat English Muffins,Organic Baby Spinach,2102,0.00063,0.149,0.008,1.98
Honey Nut Cheerios,Cucumber Kirby,1094,0.00033,0.039,0.011,1.31
Banana,Pita Chips Simply Naked,2772,0.00083,0.006,0.237,1.61
Banana,Baby Food Stage 2 Blueberry Pear & Purple Carrot,2208,0.00066,0.004,0.243,1.65
Large Alfresco Eggs,Organic Whole String Cheese,1784,0.00053,0.042,0.029,2.29
Bag of Organic Bananas,Organic Beans & Rice Cheddar Cheese Burrito,1267,0.00038,0.003,0.153,1.29
Red Peppers,White Corn,1420,0.00042,0.024,0.073,4.21
Large Alfresco Eggs,Limes,3288,0.00098,0.078,0.022,1.77
Organic Shredded Mozzarella,Organic Cucumber,1198,0.00036,0.063,0.014,2.48
Spring Water,Michigan Organic Kale,1404,0.00042,0.024,0.02,1.15
Organic Baby Spinach,Organic Chicken Strips,1349,0.0004,0.005,0.117,1.55
Organic Strawberries,Fig Newmans Fruit Filled Cookies,1107,0.00033,0.004,0.188,2.28
Organic Blueberries,Brussels Sprouts,1314,0.00039,0.013,0.056,1.79
Red Raspberries,Original Hummus,1288,0.00038,0.046,0.017,2.1
Organic Strawberries,Organic Rainbow Carrots,2220,0.00066,0.008,0.145,1.76
Organic Red Bell Pepper,Michigan Organic Kale,3400,0.00102,0.057,0.049,2.71
Organic Beef Uncured Hot Dogs,Organic Hass Avocado,1460,0.00044,0.117,0.007,1.78
Organic Whole String Cheese,Organic Small Bunch Celery,2565,0.00077,0.042,0.036,1.97
Organic Italian Parsley Bunch,Ground Turkey Breast,1253,0.00037,0.02,0.045,2.4
Organic Strawberries,Unsalted Cultured Butter,1109,0.00033,0.004,0.157,1.9
Bag of Organic Bananas,Organic Green Beans,1677,0.0005,0.004,0.237,2.01
Organic Rosemary,Organic Hass Avocado,1304,0.00039,0.121,0.006,1.83
Organic Sticks Low Moisture Part Skim Mozzarella String Cheese,Organic Cucumber,1605,0.00048,0.045,0.019,1.78
100% Whole Wheat Bread,Organic Navel Orange,1113,0.00033,0.018,0.025,1.32
Large Grapefruit,Cucumber Kirby,1806,0.00054,0.081,0.018,2.72
Organic Raw Kombucha Gingerade,Organic Zucchini,1067,0.00032,0.049,0.01,1.51
Shredded Parmesan,Organic Unsweetened Almond Milk,1226,0.00037,0.033,0.02,1.81
Organic Strawberries,Organic Unbleached All-Purpose Flour,1522,0.00045,0.006,0.159,1.93
Organic Blueberries,Organic Bartlett Pear,2222,0.00066,0.021,0.057,1.83
Mini Original Babybel Cheese,Organic Strawberries,2772,0.00083,0.174,0.01,2.11
Organic Blueberries,Organic Avocado,9665,0.00289,0.092,0.052,1.67
Organic Large Extra Fancy Fuji Apple,Organic D'Anjou Pears,5119,0.00153,0.066,0.101,4.32
Kiwi,Organic Strawberries,1329,0.0004,0.118,0.005,1.43
Boneless Skinless Chicken Breasts,Limes,5827,0.00174,0.111,0.04,2.54
Organic Lemon,Organic Red Onion,5945,0.00178,0.065,0.084,3.08
Organic Lemon,Fresh Cauliflower,5096,0.00152,0.056,0.069,2.52
Organic Yellow Onion,Garlic,3070,0.00092,0.026,0.08,2.26
Green Bell Pepper,Organic Basil,1091,0.00033,0.019,0.039,2.26
Yellow Onions,Organic Whole String Cheese,1771,0.00053,0.023,0.029,1.25
Organic Baby Spinach,Macaroni & Cheese,1687,0.0005,0.007,0.093,1.24
Organic Creamy Peanut Butter,Organic Avocado,1961,0.00059,0.104,0.011,1.89
Organic Broccoli,Organic Whole String Cheese,1988,0.00059,0.049,0.032,2.67
Organic Italian Parsley Bunch,Organic Baby Carrots,2462,0.00074,0.039,0.031,1.62
Orange Bell Pepper,Organic Yellow Onion,3216,0.00096,0.078,0.027,2.23
Apple Honeycrisp Organic,Whipped Cream Cheese,2090,0.00062,0.024,0.065,2.48
Uncured Genoa Salami,Honeycrisp Apple,2079,0.00062,0.048,0.025,1.93
Bag of Organic Bananas,Raspberry Yoghurt,1485,0.00044,0.004,0.17,1.44
Bag of Organic Bananas,Extra Virgin Olive Oil,7253,0.00217,0.018,0.139,1.17
Organic Baby Kale,Organic Baby Carrots,1252,0.00037,0.066,0.016,2.74
Organic Baby Spinach,Organic Rainbow Carrots,2647,0.00079,0.011,0.173,2.3
Organic Garlic,Organic Green Seedless Grapes,1374,0.00041,0.012,0.062,1.81
Carrots,Honeycrisp Apple,3288,0.00098,0.044,0.039,1.76
Organic Whole Milk,Heavy Whipping Cream,1590,0.00048,0.011,0.074,1.73
Organic Russet Potato,Original Hummus,1225,0.00037,0.036,0.017,1.64
Organic Yellow Onion,Organic Large Green Asparagus,2165,0.00065,0.018,0.108,3.07
Bag of Organic Bananas,Organic Butternut Squash,4416,0.00132,0.011,0.215,1.82
Bag of Organic Bananas,Free & Clear Unscented Baby Wipes,1576,0.00047,0.004,0.241,2.04
Michigan Organic Kale,Bartlett Pears,1314,0.00039,0.019,0.036,1.71
Organic Red Onion,Organic Grade A Free Range Large Brown Eggs,2004,0.0006,0.028,0.048,2.27
Organic Romaine Leaf,Organic Raspberries,1252,0.00037,0.106,0.009,2.49
Sliced Black Olives,Organic Hass Avocado,1744,0.00052,0.155,0.008,2.35
Banana,Grade AA Large White Eggs,1819,0.00054,0.004,0.268,1.82
Organic Whole Milk,Organic Spring Mix,1965,0.00059,0.014,0.059,1.39
Carrots,Ground Turkey Breast,1281,0.00038,0.017,0.046,2.06
Organic Sticks Low Moisture Part Skim Mozzarella String Cheese,Organic AppleApple,1059,0.00032,0.03,0.063,5.94
Organic Whole Milk,Asparagus,4795,0.00143,0.034,0.067,1.58
Bag of Organic Bananas,Organic Whole Milk,27599,0.00825,0.07,0.193,1.64
Banana,"Milk, Organic, Vitamin D",3068,0.00092,0.006,0.148,1.01
Organic American Cheese Singles,Organic Blueberries,1083,0.00032,0.058,0.01,1.84
Vanilla Almond Breeze,Banana,2054,0.00061,0.25,0.004,1.7
Vine Ripe Tomatoes,Organic Avocado,1799,0.00054,0.112,0.01,2.03
Fresh Cauliflower,Red Vine Tomato,2429,0.00073,0.033,0.043,1.93
Organic Lacinato (Dinosaur) Kale,Organic Ginger Root,3568,0.00107,0.08,0.066,4.92
Organic Cilantro,Raspberries,1104,0.00033,0.015,0.018,0.83
Organic Garlic,Organic Zucchini,11106,0.00332,0.097,0.102,2.98
Organic Smoked Turkey Breast,Organic Hass Avocado,1382,0.00041,0.183,0.006,2.77
Wild Berry Smoothie,Bag of Organic Bananas,1981,0.00059,0.239,0.005,2.02
Yellow Bell Pepper,Organic Whole Milk,1716,0.00051,0.064,0.012,1.51
Bag of Organic Bananas,Organic Whipping Cream,2084,0.00062,0.005,0.189,1.6
Organic Ginger Root,Sweet Onion,1033,0.00031,0.019,0.051,3.13
Organic Baby Spinach,Uncured Genoa Salami,5055,0.00151,0.02,0.117,1.55
Organic Blueberries,Organic Extra Firm Tofu,1446,0.00043,0.014,0.048,1.52
Yellow Onions,Cucumber Kirby,5298,0.00158,0.069,0.053,2.31
Organic Italian Parsley Bunch,Organic Kiwi,2190,0.00065,0.035,0.042,2.24
Organic Hass Avocado,Sweet Onion,1853,0.00055,0.008,0.091,1.37
Spring Water,Organic Grape Tomatoes,1681,0.0005,0.029,0.019,1.1
White Corn,Cucumber Kirby,1252,0.00037,0.065,0.013,2.17
Naturals Chicken Nuggets,Organic Whole Milk,1286,0.00038,0.118,0.009,2.76
Organic Lemon,Organic Roma Tomato,1849,0.00055,0.02,0.061,2.22
Original Hummus,Organic Bell Pepper,1207,0.00036,0.016,0.05,2.24
Cantaloupe,Limes,2096,0.00063,0.083,0.014,1.9
100% Whole Wheat Bread,Organic Lemon,2042,0.00061,0.032,0.022,1.19
Organic Lemon,Organic Russet Potato,2788,0.00083,0.031,0.083,3.03
Pink Lady Apple Kombucha,Bag of Organic Bananas,1060,0.00032,0.204,0.003,1.73
Vanilla Skyr Nonfat Yogurt,Large Lemon,1457,0.00044,0.077,0.009,1.6
Yellow Onions,Unsweetened Almondmilk,1504,0.00045,0.02,0.029,1.26
Organic Baby Broccoli,Large Lemon,2788,0.00083,0.084,0.017,1.75
Organic Reduced Fat 2% Milk,Organic Baby Spinach,4817,0.00144,0.098,0.019,1.3
Organic Grape Tomatoes,Sparkling Water Grapefruit,2690,0.0008,0.031,0.034,1.29
Organic Baby Spinach,White Sliced Mushrooms,1011,0.0003,0.004,0.139,1.85
Fresh Ginger Root,Red Vine Tomato,1121,0.00034,0.044,0.02,2.61
Bag of Organic Bananas,Strawberry Preserves,2572,0.00077,0.007,0.162,1.37
Low Fat Plain Yogurt,Organic Baby Spinach,1016,0.0003,0.166,0.004,2.2
Original Hummus,Organic Fat Free Milk,1354,0.0004,0.018,0.049,2.23
Organic Green Leaf Lettuce,Organic Tomato Cluster,1021,0.00031,0.07,0.015,3.5
Organic Yams,Original Hummus,1006,0.0003,0.048,0.014,2.17
Organic Yellow Onion,"Super Spinach! Baby Spinach, Baby Bok Choy, Sweet Baby Kale",1050,0.00031,0.009,0.069,1.95
White Onion,Organic Garlic,1033,0.00031,0.061,0.009,1.78
Organic Strawberries,Mixed Berries Whole Milk Icelandic Style Skyr Yogurt,1059,0.00032,0.004,0.141,1.71
Red Peppers,Boneless Skinless Chicken Breasts,2400,0.00072,0.041,0.046,2.64
Yellow Onions,Banana,22239,0.00665,0.289,0.045,1.97
Organic Strawberries,Sweet Onion,2645,0.00079,0.01,0.13,1.57
Organic Baby Arugula,Lime Sparkling Water,1516,0.00045,0.02,0.031,1.38
Bag of Organic Bananas,Jalapeno Peppers,5177,0.00155,0.013,0.116,0.99
Red Peppers,Asparagus,3550,0.00106,0.061,0.05,2.87
Half & Half,"Milk, Organic, Vitamin D",1134,0.00034,0.016,0.055,2.55
Organic Baby Spinach,Organic Crushed Fire Roasted Tomatoes,1197,0.00036,0.005,0.164,2.18
Gluten Free Whole Grain Bread,Organic Baby Spinach,1805,0.00054,0.127,0.007,1.69
Organic Whole Milk,Whipped Cream Cheese,3690,0.0011,0.026,0.114,2.68
Organic Carrot Bunch,Organic Blueberries,1969,0.00059,0.052,0.019,1.67
Blueberries,Organic Raspberries,3509,0.00105,0.06,0.025,1.41
Broccoli Crown,Carrots,2221,0.00066,0.049,0.03,2.2
Green Bell Pepper,Organic Raspberries,3811,0.00114,0.066,0.027,1.54
Banana,Ice Cream Sandwiches Vanilla,1487,0.00044,0.003,0.224,1.52
Seedless Red Grapes,Sparkling Natural Mineral Water,1195,0.00036,0.014,0.027,1.03
Organic Cilantro,Organic White Onions,2258,0.00067,0.031,0.092,4.22
Organic Carrot Bunch,Strawberries,1519,0.00045,0.04,0.01,0.91
Banana,Cane Sugar,1459,0.00044,0.003,0.165,1.12
Seedless Red Grapes,Organic Lacinato (Dinosaur) Kale,1309,0.00039,0.015,0.029,1.13
Unsweetened Almondmilk,Organic Grape Tomatoes,2132,0.00064,0.041,0.024,1.57
Organic Cilantro,Organic Low Sodium Chicken Broth,1324,0.0004,0.018,0.073,3.32
Limes,Organic Green Seedless Grapes,1402,0.00042,0.01,0.063,1.43
Fresh Cauliflower,Organic Egg Whites,1013,0.0003,0.014,0.05,2.26
Cantaloupe,Organic Red Bell Pepper,1074,0.00032,0.043,0.018,2.39
Spring Water,Organic Fuji Apple,1355,0.0004,0.023,0.015,0.84
Basil Pesto,Grated Parmesan,1031,0.00031,0.063,0.022,4.5
Organic Strawberries,Organic Shredded Carrots,3350,0.001,0.012,0.159,1.93
Banana,Sugar Snap Peas,2920,0.00087,0.006,0.198,1.35
Raspberry Preserves,Organic Strawberries,1539,0.00046,0.148,0.006,1.79
Organic Fuji Apple,Organic Ginger Root,1786,0.00053,0.019,0.033,1.19
Sparkling Water Berry,Organic Strawberries,1540,0.00046,0.085,0.006,1.03
Bag of Organic Bananas,Firm Tofu,2041,0.00061,0.005,0.185,1.57
Yellow Onions,Half & Half,2314,0.00069,0.03,0.032,1.4
Organic Large Green Asparagus,Organic Hass Avocado,4918,0.00147,0.246,0.022,3.72
Organic Kiwi,Organic Avocado,5999,0.00179,0.115,0.033,2.09
Organic Navel Orange,Limes,3948,0.00118,0.088,0.027,2.02
Organic Garlic,Organic Chicken Thighs,1073,0.00032,0.009,0.131,3.84
Strawberries,Organic Roma Tomato,1478,0.00044,0.01,0.048,1.08
Organic Beef Hot Dogs,Large Lemon,1024,0.00031,0.059,0.006,1.23
100% Raw Coconut Water,Organic Zucchini,2030,0.00061,0.052,0.019,1.58
Organic Large Brown Grade AA Cage Free Eggs,Organic Grape Tomatoes,1698,0.00051,0.051,0.019,1.94
Hass Avocados,Spring Water,1031,0.00031,0.02,0.018,1.13
Organic Cottage Cheese,Organic Strawberries,1619,0.00048,0.198,0.006,2.4
Organic Broccoli,Organic Garlic,3790,0.00113,0.094,0.033,2.76
Banana,Cherubs Heavenly Salad Tomatoes,5479,0.00164,0.011,0.243,1.65
Fresh Ginger Root,Organic Grape Tomatoes,1002,0.0003,0.039,0.011,1.5
Organic Rainbow Carrots,Organic Small Bunch Celery,1765,0.00053,0.115,0.025,5.46
Gluten Free Dark Chocolate Chunk Chewy with a Crunch Granola Bars,Banana,2816,0.00084,0.255,0.006,1.73
Strawberries,Total 2% Lowfat Greek Strained Yogurt with Peach,1317,0.00039,0.009,0.064,1.43
Seedless Cucumbers,Raspberries,2244,0.00067,0.157,0.037,8.64
Organic Baby Spinach,Original Orange Juice,1549,0.00046,0.006,0.06,0.79
Organic Large Grade AA Brown Eggs,Organic Gala Apples,1363,0.00041,0.051,0.018,2.27
Organic Broccoli Florets,Organic Black Beans,1240,0.00037,0.036,0.031,3.06
Natural Classic Pork Breakfast Sausage,Organic Hass Avocado,1088,0.00033,0.128,0.005,1.94
Organic Celery Hearts,Organic Garnet Sweet Potato (Yam),1292,0.00039,0.052,0.024,3.19
Organic Whipped Naturally Buttery Spread,Organic Avocado,1181,0.00035,0.089,0.006,1.62
Orange Bell Pepper,Organic Kiwi,1175,0.00035,0.029,0.023,1.84
Organic Blackberries,Lime Sparkling Water,1069,0.00032,0.017,0.022,1.14
Celery Hearts,Organic Zucchini,1293,0.00039,0.094,0.012,2.88
Organic Celery Hearts,Original Hummus,1037,0.00031,0.042,0.014,1.88
Michigan Organic Kale,Organic Reduced Fat Milk,1075,0.00032,0.015,0.029,1.39
Organic Strawberries,Organic D'Anjou Pears,10928,0.00327,0.04,0.215,2.61
Jalapeno Peppers,Red Onion,3526,0.00105,0.079,0.079,5.97
Green Bell Pepper,Organic Zucchini,5859,0.00175,0.101,0.054,3.09
Blueberries,Red Onion,1368,0.00041,0.023,0.031,1.77
Organic Milk,Organic Gala Apples,1642,0.00049,0.057,0.022,2.52
Vanilla Almond Breeze Almond Milk,Organic Baby Spinach,4458,0.00133,0.138,0.018,1.84
Organic Cilantro,Sweet Onion,1670,0.0005,0.023,0.082,3.75
Total 2% All Natural Greek Strained Yogurt with Honey,Organic Whole String Cheese,1246,0.00037,0.052,0.02,2.84
Organic Red Bell Pepper,Original Hummus,2945,0.00088,0.049,0.04,2.22
Spring Water,Organic Kiwi,1383,0.00041,0.024,0.027,1.53
Red Peppers,Bunched Cilantro,2468,0.00074,0.042,0.052,2.99
Bag of Organic Bananas,Pure Irish Butter,6124,0.00183,0.016,0.173,1.47
Strawberries,Original Orange Juice,1849,0.00055,0.012,0.071,1.59
"Tortillas, Corn, Organic",Bag of Organic Bananas,1723,0.00051,0.273,0.004,2.32
Grape White/Green Seedless,Organic Garnet Sweet Potato (Yam),1181,0.00035,0.029,0.022,1.79
Green Beans,Orange Bell Pepper,1149,0.00034,0.038,0.028,3.1
Frozen Organic Wild Blueberries,Organic Grape Tomatoes,1710,0.00051,0.055,0.019,2.1
Organic YoKids Very Berry Smoothies,Banana,1817,0.00054,0.239,0.004,1.63
Banana,Pesto Tortellini  Bowls,1655,0.00049,0.003,0.188,1.28
Organic Red Onion,Sharp Cheddar Cheese,1333,0.0004,0.019,0.042,2.0
Berry Medley,Organic Hass Avocado,1598,0.00048,0.107,0.007,1.63
"YoKids Squeezers Organic Low-Fat Yogurt, Strawberry",Organic Cucumber,1029,0.00031,0.051,0.012,1.99
Pineapple Chunks,Cucumber Kirby,1722,0.00051,0.066,0.017,2.22
Organic Sticks Low Moisture Part Skim Mozzarella String Cheese,Organic Tomato Cluster,1154,0.00034,0.032,0.017,1.63
Sourdough Bread,Organic Raspberries,1027,0.00031,0.06,0.007,1.41
Baby Cucumbers,Blackberries,1143,0.00034,0.076,0.048,10.63
Organic Strawberries,Organic Italian Parsley Bunch,8594,0.00257,0.031,0.136,1.66
Total 2% with Strawberry Lowfat Greek Strained Yogurt,Organic Granny Smith Apple,1027,0.00031,0.033,0.017,1.82
Banana,Organic Whole Milk,32685,0.00977,0.067,0.229,1.56
Organic Cucumber,Organic Green Cabbage,1730,0.00052,0.02,0.078,3.08
Half & Half,Organic Sour Cream,1419,0.00042,0.02,0.051,2.39
Organic Yellow Onion,Organic Baby Broccoli,3396,0.00101,0.029,0.102,2.91
European Cucumber,Organic Garlic,1039,0.00031,0.055,0.009,1.6
Limes,Grated Parmesan,4032,0.0012,0.027,0.086,1.96
Bag of Organic Bananas,Organic Chicken Noodle Soup,1044,0.00031,0.003,0.155,1.31
Organic Strawberries,Organic White Onions,3400,0.00102,0.012,0.139,1.69
Low Fat Plain Yogurt,Banana,1658,0.0005,0.27,0.003,1.84
Organic Reduced Fat 2% Milk,Organic Avocado,2725,0.00081,0.055,0.015,1.0
Organic Chicken Broth,Organic Whole Milk,1053,0.00031,0.09,0.007,2.1
Whole Milk Plain Yogurt,Limes,1199,0.00036,0.076,0.008,1.73
Mild Diced Green Chiles,Organic Baby Spinach,1018,0.0003,0.158,0.004,2.1
Organic Carrot Bunch,Organic Bartlett Pear,1115,0.00033,0.03,0.029,2.57
Organic Whole String Cheese,Ground Turkey Breast,1089,0.00033,0.018,0.039,2.13
Organic AppleApple,Organic Raspberries,2104,0.00063,0.125,0.015,2.94
Ezekiel 4:9 Bread Organic Sprouted Whole Grain,Organic Garlic,1376,0.00041,0.074,0.012,2.19
Organic Baby Arugula,Cherubs Heavenly Salad Tomatoes,1087,0.00032,0.014,0.048,2.13
Organic Rainbow Carrots,Organic Italian Parsley Bunch,1117,0.00033,0.073,0.018,3.88
Organic Sour Cream,Cucumber Kirby,1103,0.00033,0.04,0.011,1.33
Organic Gala Apples,Whipped Cream Cheese,1482,0.00044,0.02,0.046,2.03
Organic Diced Tomatoes,Organic Coconut Milk,1033,0.00031,0.045,0.037,5.35
Bag of Organic Bananas,Gluten Free Blueberry Waffles,1325,0.0004,0.003,0.185,1.56
Organic Blackberries,Organic Black Beans,1047,0.00031,0.016,0.026,1.37
Organic Lemon,Organic Black Beans,2339,0.0007,0.026,0.059,2.17
Total 2% Lowfat Greek Strained Yogurt With Blueberry,Honeycrisp Apple,1347,0.0004,0.063,0.016,2.53
Organic Cucumber,Globe Eggplant,1415,0.00042,0.017,0.079,3.11
Organic Thyme,Organic Avocado,1272,0.00038,0.063,0.007,1.14
Tommy/Kent/Keitt/Haden Mango,Strawberries,1031,0.00031,0.119,0.007,2.66
Organic Tomato Paste,Organic Italian Parsley Bunch,1619,0.00048,0.088,0.026,4.69
100% Raw Coconut Water,Organic Baby Spinach,4728,0.00141,0.12,0.019,1.6
Organic Zucchini,Organic Bunch Beets,1936,0.00058,0.018,0.128,3.93
Whole Milk,Banana,8998,0.00269,0.243,0.018,1.66
Organic Baby Spinach,Large Lemon,24046,0.00719,0.096,0.15,1.99
Bag of Organic Bananas,No Salt Added Black Beans,3356,0.001,0.008,0.115,0.97
Red Vine Tomato,Organic Garbanzo Beans,1101,0.00033,0.019,0.035,2.08
Organic Grape Tomatoes,Organic Zucchini,8249,0.00247,0.094,0.075,2.86
Fat Free Milk,2% Reduced Fat Milk,1021,0.00031,0.033,0.026,2.89
Organic Whole Milk,Organic Gala Apples,6503,0.00194,0.046,0.086,2.01
Seedless Red Grapes,Grated Parmesan,2112,0.00063,0.024,0.045,1.74
Cherry Pomegranate Greek Yogurt,Total 0% Blueberry Acai Greek Yogurt,1320,0.00039,0.187,0.214,101.44
Organic Whole Kernel Sweet Corn No Salt Added,Organic Black Beans,1914,0.00057,0.144,0.048,12.14
Unsweetened Almondmilk,Limes,3614,0.00108,0.07,0.025,1.59
Cantaloupe,Organic Fuji Apple,1392,0.00042,0.055,0.015,2.0
Organic Bread with 21 Whole Grains,Organic Raspberries,2521,0.00075,0.105,0.018,2.47
Organic Red Bell Pepper,Organic Small Bunch Celery,4383,0.00131,0.073,0.062,3.46
Organic Lemon,Bunched Cilantro,1641,0.00049,0.018,0.035,1.27
Seedless Small Watermelon,Limes,1114,0.00033,0.077,0.008,1.77
Apple Honeycrisp Organic,Honey Nut Cheerios,1145,0.00034,0.013,0.041,1.57
Organic Raspberries,Organic White Onions,1617,0.00048,0.011,0.066,1.55
Boneless Skinless Chicken Breasts,Organic Garnet Sweet Potato (Yam),2184,0.00065,0.042,0.04,2.56
Organic Baby Spinach,Seedless Small Watermelon,1529,0.00046,0.006,0.106,1.41
Seedless Red Grapes,Organic Carrot Bunch,1280,0.00038,0.015,0.034,1.31
Organic Russet Potato,Organic Ginger Root,1610,0.00048,0.048,0.03,2.95
2% Reduced Fat DHA Omega-3 Reduced Fat Milk,Honeycrisp Apple,1098,0.00033,0.079,0.013,3.16
Organic Large Extra Fancy Fuji Apple,"Organic Red Radish, Bunch",1440,0.00043,0.018,0.051,2.18
Unsweetened Coconut Milk Beverage,Organic Strawberries,1234,0.00037,0.149,0.004,1.81
Organic Hothouse Cucumbers,Organic Blueberries,1719,0.00051,0.069,0.016,2.21
Bag of Organic Bananas,Crackers Harvest Whole Wheat,1554,0.00046,0.004,0.215,1.82
Gluten Free Whole Grain Bread,Organic Hass Avocado,2120,0.00063,0.149,0.01,2.26
100% Whole Wheat Bread,Carrots,1609,0.00048,0.025,0.021,1.13
Large Greenhouse Tomato,Organic Baby Spinach,1169,0.00035,0.109,0.005,1.45
Organic Milk,Organic Garlic,1767,0.00053,0.061,0.016,1.8
Red Peppers,Organic Hass Avocado,6637,0.00198,0.114,0.03,1.73
Organic Baby Arugula,Organic Zucchini,5753,0.00172,0.076,0.053,2.32
Organic Unsweetened Almond Milk,Pineapple Chunks,1439,0.00043,0.024,0.055,3.08
Total 0% Raspberry Yogurt,Total 2% with Strawberry Lowfat Greek Strained Yogurt,2629,0.00079,0.209,0.085,22.63
Jalapeno Peppers,Michigan Organic Kale,2565,0.00077,0.058,0.037,2.75
Apple Honeycrisp Organic,Pure Irish Butter,1451,0.00043,0.017,0.041,1.57
Apple Honeycrisp Organic,Total 2% All Natural Greek Strained Yogurt with Honey,1160,0.00035,0.013,0.049,1.87
Granny Smith Apples,Organic Strawberries,2579,0.00077,0.069,0.009,0.83
Organic Baby Arugula,Pure Irish Butter,1158,0.00035,0.015,0.033,1.45
Shredded Parmesan,Half & Half,1640,0.00049,0.044,0.023,2.03
Hass Avocados,Pure Irish Butter,1129,0.00034,0.022,0.032,2.03
Blueberries,Organic Baby Carrots,1920,0.00057,0.033,0.024,1.37
Boneless Skinless Chicken Breasts,Michigan Organic Kale,2380,0.00071,0.045,0.034,2.17
Spaghetti,Large Lemon,1752,0.00052,0.106,0.011,2.22
Organic Carrot Bunch,Organic Ginger Root,2259,0.00068,0.06,0.042,3.72
Organic Whole Milk,Organic Bartlett Pear,3898,0.00116,0.027,0.101,2.36
Broccoli Crown,Half & Half,1423,0.00043,0.032,0.02,1.48
Organic Cucumber,Organic Fat Free Milk,1159,0.00035,0.014,0.042,1.66
Organic Distilled White Vinegar,Organic Garlic,1005,0.0003,0.106,0.009,3.11
Bag of Organic Bananas,Fresh Asparagus,1063,0.00032,0.003,0.173,1.46
Organic Red Bell Pepper,Bunched Cilantro,1544,0.00046,0.026,0.033,1.82
Black Plum,Organic Strawberries,1683,0.0005,0.174,0.006,2.12
Organic Lemon,Organic Mint,2535,0.00076,0.028,0.124,4.54
Organic Lacinato (Dinosaur) Kale,Organic Red Chard Greens,1267,0.00038,0.028,0.111,8.32
Yellow Onions,Shallot,1772,0.00053,0.023,0.097,4.24
Organic Avocado,Organic Brown Rice,1870,0.00056,0.01,0.126,2.29
Organic Salted Butter,Organic Yellow Onion,1158,0.00035,0.074,0.01,2.11
Organic Marinara Pasta Sauce,Organic Baby Spinach,1209,0.00036,0.18,0.005,2.4
Bag of Organic Bananas,Original Whipped Cream Cheese,1153,0.00034,0.003,0.099,0.84
100% Whole Wheat Bread,Bartlett Pears,1018,0.0003,0.016,0.028,1.47
Cantaloupe,Organic Baby Spinach,3436,0.00103,0.137,0.014,1.82
Diced Tomatoes,Limes,1564,0.00047,0.108,0.011,2.46
Pure Irish Butter,Asparagus,1107,0.00033,0.031,0.016,1.47
Total 2% All Natural Greek Strained Yogurt with Honey,Organic Fuji Apple,1756,0.00052,0.074,0.019,2.65
Fresh Ginger Root,Honeycrisp Apple,1138,0.00034,0.045,0.014,1.8
Organic Strawberries,Aged White Cheddar Baked Rice & Corn Puffs Gluten Free Lunch Packs,3020,0.0009,0.011,0.266,3.23
Total 2% All Natural Greek Strained Yogurt with Honey,Half & Half,1374,0.00041,0.058,0.019,2.69
Limes,Organic Garbanzo Beans,3420,0.00102,0.023,0.11,2.5
Organic Mint,Organic Cilantro,2520,0.00075,0.123,0.034,5.63
Bag of Organic Bananas,Honeycrisp Apple,11730,0.00351,0.03,0.141,1.19
Shredded Parmesan,Organic Strawberries,6290,0.00188,0.167,0.023,2.03
Red Onion,Organic Hass Avocado,2925,0.00087,0.066,0.013,1.0
Green Onions,Russet Potato,1237,0.00037,0.044,0.04,4.81
Organic Garlic,Organic Cucumber,7754,0.00232,0.068,0.091,2.68
Organic D'Anjou Pears,Half & Half,1879,0.00056,0.037,0.026,1.73
100% Whole Wheat Bread,Red Vine Tomato,1702,0.00051,0.027,0.03,1.59
Banana,Organic Zucchini,20257,0.00605,0.041,0.185,1.26
Organic Milk,Organic Hass Avocado,4441,0.00133,0.154,0.02,2.33
Broccoli Crown,Organic Peeled Whole Baby Carrots,1875,0.00056,0.042,0.032,2.41
Whole Milk,Organic Avocado,1633,0.00049,0.044,0.009,0.8
Organic Baby Arugula,Organic Peeled Whole Baby Carrots,2482,0.00074,0.033,0.043,1.9
Organic Baby Spinach,Unsweetened Original Almond Breeze Almond Milk,4555,0.00136,0.018,0.126,1.68
Bag of Organic Bananas,Organic Sliced Peaches,2711,0.00081,0.007,0.263,2.23
Unsweetened Almondmilk,Honeycrisp Apple,1946,0.00058,0.038,0.023,1.51
Lime,Large Lemon,2322,0.00069,0.21,0.014,4.37
Green Onions,Organic Hass Avocado,1523,0.00046,0.054,0.007,0.82
Spaghetti  No 12,Bag of Organic Bananas,1452,0.00043,0.172,0.004,1.46
Organic Super Fruit Punch Juice Drink,Banana,1115,0.00033,0.187,0.002,1.27
Sparkling Lemon Water,Organic Garlic,1287,0.00038,0.038,0.011,1.1
Fresh Cauliflower,Sweet Onion,1517,0.00045,0.02,0.074,3.35
Bag of Organic Bananas,Vanilla Almond Milk Yogurt,1272,0.00038,0.003,0.226,1.91
Yellow Onions,Organic Coconut Milk,1874,0.00056,0.024,0.066,2.88
Seedless Red Grapes,Spring Water,1340,0.0004,0.015,0.023,0.89
Organic Granny Smith Apple,Feta Cheese Crumbles,1209,0.00036,0.02,0.036,1.96
Organic Red Chard Greens,Organic Small Bunch Celery,1239,0.00037,0.109,0.018,5.16
Bag of Organic Bananas,"Juice Beverage, Cold Pressed, Kale Apple Ginger Romaine Spinach Cucumber Celery Parsley Lemon",1371,0.00041,0.003,0.165,1.4
Organic Blue Corn Tortilla Chips,Organic Avocado,1136,0.00034,0.084,0.006,1.53
Broccoli Crown,Asparagus,3561,0.00106,0.079,0.05,3.72
Shredded Parmesan,Organic Lacinato (Dinosaur) Kale,1151,0.00034,0.031,0.026,2.28
Corn Tortillas,Banana,3377,0.00101,0.218,0.007,1.48
Romaine Hearts,Large Lemon,1486,0.00044,0.055,0.009,1.15
"Organic Milk Reduced Fat, 2% Milkfat",Banana,2274,0.00068,0.173,0.005,1.18
Half & Half,Organic Fat Free Milk,1822,0.00054,0.025,0.066,3.11
Organic Romaine,Michigan Organic Kale,1369,0.00041,0.055,0.02,2.64
Air Chilled Organic Boneless Skinless Chicken Breasts,Organic Avocado,2966,0.00089,0.17,0.016,3.09
Toasted Coconut Almondmilk Blend,Bag of Organic Bananas,2576,0.00077,0.193,0.007,1.63
Kidz All Natural Baked Chicken Nuggets,Banana,1953,0.00058,0.263,0.004,1.79
Yellow Bell Pepper,Broccoli Crown,1486,0.00044,0.056,0.033,4.15
Organic Red Bell Pepper,Jalapeno Peppers,2516,0.00075,0.042,0.057,3.16
Banana,Sweet Potato Fries with Sea Salt,1422,0.00042,0.003,0.241,1.64
Organic Baby Spinach,Organic Yellow Peaches,3465,0.00104,0.014,0.158,2.09
Organic Yellow Onion,Organic Garbanzo Beans,3386,0.00101,0.029,0.109,3.09
Organic Strawberries,Michigan Organic Kale,10470,0.00313,0.038,0.149,1.81
Apple Honeycrisp Organic,Organic Grape Tomatoes,5072,0.00152,0.058,0.058,2.21
Organic Granny Smith Apple,Organic Ginger Root,3182,0.00095,0.052,0.059,3.22
Organic Mini Homestyle Waffles,Banana,1155,0.00035,0.226,0.002,1.54
Natural Artesian Water,Banana,1410,0.00042,0.099,0.003,0.67
Bag of Organic Bananas,Almond Milk Strawberry Yogurt,1298,0.00039,0.003,0.22,1.86
Organic Raspberries,Organic Large Grade AA Brown Eggs,3290,0.00098,0.023,0.124,2.9
Shredded Parmesan,Organic Blueberries,1570,0.00047,0.042,0.015,1.33
Organic Lacinato (Dinosaur) Kale,Organic Hothouse Cucumbers,1060,0.00032,0.024,0.043,3.19
Organic Fresh Basil,Banana,2156,0.00064,0.177,0.004,1.2
Sparkling Water Grapefruit,Cran Raspberry Sparkling Water,2647,0.00079,0.033,0.244,10.28
Organic Cheese Frozen Pizza,Organic Hass Avocado,2200,0.00066,0.148,0.01,2.24
Apple Honeycrisp Organic,Organic Large Green Asparagus,1230,0.00037,0.014,0.061,2.36
Organic Black Beans,Organic Tomato Cluster,1808,0.00054,0.046,0.027,2.29
Apple Honeycrisp Organic,Lightly Salted Baked Snap Pea Crisps,1413,0.00042,0.016,0.054,2.09
Organic Hass Avocado,Vanilla Skyr Style Yogurt,1170,0.00035,0.005,0.127,1.92
Italian Sparkling Mineral Water,Organic Lemon,1629,0.00049,0.051,0.018,1.86
Yellow Onions,Strawberries,5300,0.00158,0.069,0.035,1.54
100% Whole Wheat Bread,Organic Tomato Cluster,2054,0.00061,0.033,0.031,1.63
Russet Potato,Organic Cilantro,1210,0.00036,0.039,0.017,1.8
Crushed Tomatoes,Organic Baby Spinach,1480,0.00044,0.12,0.006,1.59
Organic Yams,Michigan Organic Kale,1206,0.00036,0.058,0.017,2.75
Organic Lemon,Blueberries,1312,0.00039,0.014,0.023,0.83
Light Brown Sugar,Organic Hass Avocado,1206,0.00036,0.087,0.005,1.32
Apple Honeycrisp Organic,Pineapple Chunks,1131,0.00034,0.013,0.043,1.67
Organic Butternut Squash,Organic Baby Carrots,1063,0.00032,0.052,0.013,2.15
Whole Milk Ricotta Cheese,Shredded Mozzarella,1411,0.00042,0.131,0.062,19.09
Premium Original Saltine Crackers,Banana,1050,0.00031,0.199,0.002,1.36
Organic Leek,Organic Italian Parsley Bunch,2700,0.00081,0.132,0.043,7.02
Organic Baby Kale,Organic Avocado,2916,0.00087,0.154,0.016,2.79
Limes,Organic Rainbow Carrots,1443,0.00043,0.01,0.094,2.15
Spring Water,Organic Avocado,3349,0.001,0.057,0.018,1.04
Bing Cherries,Organic Strawberries,3460,0.00103,0.233,0.013,2.83
Organic Spinach Bunch,Organic Yellow Onion,1376,0.00041,0.112,0.012,3.18
Organic Blueberries,Organic Zucchini,5665,0.00169,0.054,0.052,1.65
Sustainably Soft Bath Tissue,Organic Baby Spinach,2544,0.00076,0.134,0.01,1.78
Michigan Organic Kale,Organic Yellow Peaches,1012,0.0003,0.014,0.046,2.2
Organic Strawberries,Organic Red On the Vine Tomato,2367,0.00071,0.009,0.2,2.43
Organic Reduced Fat 2% Milk,Organic Large Grade AA Brown Eggs,1658,0.0005,0.034,0.062,4.23
Limes,Organic Cilantro,18572,0.00555,0.127,0.254,5.8
Organic D'Anjou Pears,Sparkling Water Grapefruit,1602,0.00048,0.032,0.02,1.33
Orange Bell Pepper,Organic Strawberries,4973,0.00149,0.121,0.018,1.47
Organic Fresh Basil,Organic Strawberries,2072,0.00062,0.17,0.008,2.06
Mango Chunks,Frozen Organic Wild Blueberries,1526,0.00046,0.083,0.049,8.94
Michigan Organic Kale,Organic White Onions,1405,0.00042,0.02,0.057,2.74
Boneless Skinless Chicken Breasts,Extra Virgin Olive Oil,1441,0.00043,0.028,0.028,1.76
Organic Vegetable Broth,Limes,1486,0.00044,0.123,0.01,2.8
White Onion,Organic Baby Spinach,1549,0.00046,0.091,0.006,1.21
Sparkling Lemon Water,Organic Fuji Apple,1890,0.00056,0.055,0.02,1.99
Unsweetened Almond Milk,Banana,1139,0.00034,0.17,0.002,1.16
Organic Baby Spinach,90% Lean Ground Beef,1009,0.0003,0.004,0.143,1.9
Organic Butternut Squash,Organic Baby Arugula,1159,0.00035,0.056,0.015,2.49
Organic Hass Avocado,Organic Berry Blend,1159,0.00035,0.005,0.172,2.6
Organic Unbleached All-Purpose Flour,Organic Whole Milk,1102,0.00033,0.115,0.008,2.69
Organic Shredded Mild Cheddar,Organic Strawberries,2041,0.00061,0.238,0.007,2.89
Organic Garlic,Uncured Genoa Salami,2316,0.00069,0.02,0.054,1.57
"Organic Red Radish, Bunch",Limes,3821,0.00114,0.135,0.026,3.08
Banana,Peach on the Bottom Nonfat Greek Yogurt,2275,0.00068,0.005,0.281,1.91
Bag of Organic Bananas,Strawberries,18388,0.0055,0.047,0.123,1.04
Banana,Fruit Punch Sports Drink,1029,0.00031,0.002,0.187,1.28
Strawberries,Cucumber Kirby,9118,0.00272,0.061,0.091,2.05
Organic Broccoli,Asparagus,2664,0.0008,0.066,0.037,3.1
Taco Seasoning,Organic Baby Spinach,1493,0.00045,0.159,0.006,2.11
Organic Baby Spinach,Cage Free  100% Liquid Egg Whites,1191,0.00036,0.005,0.2,2.66
Organic Whole Milk,Sweet Onion,1877,0.00056,0.013,0.092,2.15
Organic Iceberg Lettuce,Organic Strawberries,2416,0.00072,0.16,0.009,1.95
Bag of Organic Bananas,Asparation/Broccolini/Baby Broccoli,1093,0.00033,0.003,0.064,0.54
Organic Original Almond Milk,Bag of Organic Bananas,2371,0.00071,0.228,0.006,1.94
Organic Red Onion,Organic Spring Mix,1467,0.00044,0.021,0.044,2.09
Organic Garlic,No Salt Added Black Beans,3222,0.00096,0.028,0.11,3.24
Red Peppers,Organic Peeled Whole Baby Carrots,2360,0.00071,0.041,0.041,2.35
Feta Cheese Crumbles,Organic Peeled Whole Baby Carrots,1361,0.00041,0.04,0.024,2.33
Organic Baby Arugula,Organic Black Beans,1867,0.00056,0.025,0.047,2.08
Whole Strawberries,Pineapple Chunks,1152,0.00034,0.125,0.044,16.12
Organic Diced Tomatoes,Organic Blueberries,1054,0.00031,0.046,0.01,1.47
Banana,Crushed Tomatoes With Basil,1305,0.00039,0.003,0.233,1.58
Brussels Sprouts,Organic Zucchini,1695,0.00051,0.072,0.015,2.21
Organic Avocado,Orange Sparkling Water,1327,0.0004,0.007,0.088,1.6
Organic Bosc Pear,Large Lemon,1736,0.00052,0.078,0.011,1.63
Organic Baby Spinach,Fancy Eggplant,1096,0.00033,0.004,0.135,1.79
Organic Leek,Organic Lacinato (Dinosaur) Kale,1334,0.0004,0.065,0.03,4.87
Red Raspberries,Organic Avocado,2398,0.00072,0.087,0.013,1.57
Yellow Onions,Organic Strawberries,7242,0.00216,0.094,0.026,1.14
Organic Mint,Organic Baby Spinach,3776,0.00113,0.184,0.015,2.45
Organic Basil,Organic Avocado,2230,0.00067,0.08,0.012,1.45
Banana,Americone Dream® Ice Cream,1145,0.00034,0.002,0.178,1.21
Small Hass Avocado,Organic Carrot Bunch,1252,0.00037,0.024,0.033,2.14
Banana,Mini Babybel Light Semisoft Edam Cheeses,1645,0.00049,0.003,0.239,1.62
Organic Cilantro,Grape White/Green Seedless,1454,0.00043,0.02,0.036,1.64
No Salt Added Black Beans,Ground Turkey Breast,1229,0.00037,0.042,0.044,5.09
Organic Fuji Apple,Sparkling Water Grapefruit,3778,0.00113,0.041,0.048,1.72
Organic Lemon,Organic Grade A Free Range Large Brown Eggs,2260,0.00068,0.025,0.054,1.98
Organic Penne Rigate,Organic Hass Avocado,1177,0.00035,0.151,0.005,2.28
Seedless Red Grapes,Garlic,1296,0.00039,0.015,0.034,1.3
Organic Strawberries,Organic White Cheddar Popcorn,1092,0.00033,0.004,0.14,1.69
Bag of Organic Bananas,Original Pure Creamy Almond Milk,2946,0.00088,0.007,0.193,1.63
Taco Seasoning,Limes,1179,0.00035,0.125,0.008,2.86
Bag of Organic Bananas,Organic Red Cabbage,3114,0.00093,0.008,0.199,1.69
Organic Raspberries,Organic Basil,1668,0.0005,0.012,0.06,1.4
Organic Italian Parsley Bunch,Organic Jalapeno Pepper,1693,0.00051,0.027,0.08,4.26
90% Lean Ground Beef,Banana,1662,0.0005,0.235,0.003,1.6
Organic Lemon,Organic Baby Arugula,5259,0.00157,0.058,0.069,2.55
I Heart Baby Kale,Limes,1028,0.00031,0.08,0.007,1.83
Boneless Skinless Chicken Breasts,Organic Reduced Fat Milk,1357,0.00041,0.026,0.037,2.35
Bing Cherries,Organic Raspberries,1263,0.00038,0.085,0.009,2.0
100% Whole Wheat Bread,Creamy Peanut Butter,1351,0.0004,0.021,0.064,3.41
Bag of Organic Bananas,Peeled Garlic,1041,0.00031,0.003,0.161,1.36
Bag of Organic Bananas,Total 0% Greek Yogurt,3540,0.00106,0.009,0.13,1.1
Bag of Organic Bananas,Organic Baby Carrots,16538,0.00494,0.042,0.205,1.74
Packaged Grape Tomatoes,Organic Strawberries,1040,0.00031,0.074,0.004,0.9
Organic Garlic,Organic Hass Avocado,18354,0.00549,0.161,0.083,2.44
Organic Strawberries,Original Hot Sauce,1073,0.00032,0.004,0.086,1.04
Organic D'Anjou Pears,Banana,11129,0.00333,0.219,0.023,1.49
Organic Strawberries,Organic Avocado,25072,0.00749,0.091,0.136,1.65
Organic Unsalted Butter,Apple Honeycrisp Organic,1342,0.0004,0.06,0.015,2.31
Bag of Organic Bananas,Medium Navel Orange,1843,0.00055,0.005,0.171,1.45
Organic Sticks Low Moisture Part Skim Mozzarella String Cheese,Organic Red Bell Pepper,1184,0.00035,0.033,0.02,1.86
Organic Russet Potato,Red Peppers,1413,0.00042,0.042,0.024,2.41
Organic Large Extra Fancy Fuji Apple,Organic Granny Smith Apple,4138,0.00124,0.053,0.068,2.9
Organic Sticks Low Moisture Part Skim Mozzarella String Cheese,Organic Baby Spinach,3829,0.00114,0.108,0.015,1.43
Organic Lactose Free 1% Lowfat Milk,Bag of Organic Bananas,1557,0.00047,0.199,0.004,1.68
Organic Blueberries,Large Lemon,7150,0.00214,0.068,0.044,1.42
Bag of Organic Bananas,Organic Whole White Mushrooms,1228,0.00037,0.003,0.183,1.55
Icelandic Style Skyr Blueberry Non-fat Yogurt,Honeycrisp Apple,1196,0.00036,0.06,0.014,2.41
Apple Honeycrisp Organic,Organic Raspberries,10855,0.00324,0.124,0.076,2.92
Boneless Skinless Chicken Breast,Limes,2439,0.00073,0.104,0.017,2.36
Organic Black Beans,Ground Turkey Breast,1209,0.00036,0.031,0.044,3.69
Shredded Parmesan,Organic Avocado,4452,0.00133,0.118,0.024,2.15
Fresh Cauliflower,Organic Green Cabbage,2570,0.00077,0.035,0.116,5.23
Organic Raspberries,Honey Nut Cheerios,2026,0.00061,0.014,0.072,1.7
Organic Whole String Cheese,Organic Zucchini,3556,0.00106,0.058,0.033,1.76
Bag of Organic Bananas,Organic Stringles Mozzarella String Cheese,2107,0.00063,0.005,0.254,2.15
Organic Russet Potato,Organic Bartlett Pear,1069,0.00032,0.032,0.028,2.74
Total 2% with Strawberry Lowfat Greek Strained Yogurt,Organic Avocado,2746,0.00082,0.089,0.015,1.62
2% Reduced Fat Milk,Large Lemon,1610,0.00048,0.042,0.01,0.87
Organic English Cucumber,Organic Hass Avocado,1782,0.00053,0.205,0.008,3.11
Organic Chopped Spinach,Organic Whole Milk,1134,0.00034,0.092,0.008,2.15
White Onion,Green Bell Pepper,1261,0.00038,0.074,0.022,4.27
"Organic Red Radish, Bunch",Original Hummus,1313,0.00039,0.046,0.018,2.1
Seedless Red Grapes,Lime Sparkling Water,1789,0.00053,0.021,0.037,1.42
Granny Smith Apples,Organic Zucchini,1052,0.00031,0.028,0.01,0.86
Organic Raspberries,Organic Grape Tomatoes,8466,0.00253,0.059,0.096,2.26
Bag of Organic Bananas,Cherrios Honey Nut,1099,0.00033,0.003,0.141,1.2
Banana,Plain Mini Bagels,2220,0.00066,0.005,0.274,1.87
Organic Sticks Low Moisture Part Skim Mozzarella String Cheese,Organic Mexican Blend Finely Shredded Cheese,1334,0.0004,0.038,0.07,6.6
Organic Tomato Cluster,Organic Green Cabbage,1482,0.00044,0.022,0.067,3.35
Naturals Chicken Nuggets,Organic Baby Spinach,1389,0.00042,0.127,0.006,1.69
Organic Lacinato (Dinosaur) Kale,Organic Blueberries,2299,0.00069,0.051,0.022,1.63
Apple Honeycrisp Organic,Organic Spring Mix,1151,0.00034,0.013,0.035,1.33
Yellow Onions,"Flat Parsley, Bunch",1672,0.0005,0.022,0.119,5.18
Lime,Organic Avocado,1154,0.00034,0.104,0.006,1.9
Natural Premium Coconut Water,Organic Avocado,1436,0.00043,0.116,0.008,2.11
Michigan Organic Kale,Organic Italian Parsley Bunch,4042,0.00121,0.058,0.064,3.06
Organic Strawberries,Cherubs Heavenly Salad Tomatoes,2037,0.00061,0.007,0.09,1.1
Organic Butternut Squash,Organic Grape Tomatoes,1246,0.00037,0.061,0.014,2.3
Seedless Red Grapes,Organic AppleApple,1297,0.00039,0.015,0.077,2.98
Dried Mango,Banana,1716,0.00051,0.162,0.003,1.1
Strawberries,Organic Baby Broccoli,1264,0.00038,0.008,0.038,0.85
Organic Raspberries,Sparkling Natural Mineral Water,3435,0.00103,0.024,0.077,1.8
Organic Black Beans,Organic Cilantro,3690,0.0011,0.093,0.051,4.27
Bag of Organic Bananas,Diet Ginger Ale All Natural Soda,1001,0.0003,0.003,0.156,1.32
Organic Raspberries,Colby Cheese Sticks,1211,0.00036,0.008,0.096,2.25
Organic Russet Potato,Organic Baby Arugula,1479,0.00044,0.044,0.02,1.94
Organic Milk,Organic Half & Half,1400,0.00042,0.049,0.018,2.06
Hass Avocados,Organic Yellow Onion,1319,0.00039,0.025,0.011,0.71
Non Fat Raspberry Yogurt,Sparkling Water Grapefruit,1188,0.00036,0.07,0.015,2.96
Total 0% Greek Yogurt,Honeycrisp Apple,1358,0.00041,0.05,0.016,2.01
Organic Strawberry Fruit Spread,Organic Avocado,1093,0.00033,0.093,0.006,1.7
Organic Bagged Carrots,Organic Avocado,1967,0.00059,0.23,0.011,4.18
Organic Bread with 21 Whole Grains,Organic Gala Apples,1135,0.00034,0.047,0.015,2.1
Bag of Organic Bananas,Curate Cherry Lime Sparkling Water,1020,0.0003,0.003,0.109,0.92
Organic Basil,Large Lemon,2984,0.00089,0.107,0.019,2.23
Organic Garlic,Organic Italian Parsley Bunch,12031,0.0036,0.106,0.191,5.61
Organic No Salt Added Diced Tomatoes,Organic Yellow Onion,1821,0.00054,0.171,0.015,4.86
Organic Strawberries,Vanilla Ice Cream,1293,0.00039,0.005,0.103,1.25
Organic Strawberries,Organic Fat Free Milk,4693,0.0014,0.017,0.171,2.08
Strawberries,Total 2% Greek Strained Yogurt with Cherry 5.3 oz,1416,0.00042,0.009,0.076,1.7
Organic  Whole Milk,Organic Hass Avocado,1441,0.00043,0.143,0.007,2.16
Banana,Roma Tomato,11566,0.00346,0.024,0.274,1.87
Organic Baby Spinach,Organic Creamy Peanut Butter,2770,0.00083,0.011,0.147,1.96
Green Tea With Ginseng and Honey,Organic Whole Milk,1068,0.00032,0.092,0.007,2.16
Organic Lemon,Organic Zucchini,7615,0.00228,0.083,0.07,2.55
Red Vine Tomato,Organic Half & Half,1498,0.00045,0.026,0.019,1.12
Strawberries,Organic Blackberries,8074,0.00241,0.054,0.125,2.8
Organic Strawberries,Bicolor Sweet Corn,2186,0.00065,0.008,0.224,2.72
Air Chilled Organic Boneless Skinless Chicken Breasts,Organic Grape Tomatoes,1377,0.00041,0.079,0.016,3.0
Organic Granny Smith Apple,Organic Zucchini,4273,0.00128,0.07,0.039,2.14
Banana,Blueberry Whole Milk Yogurt Pouch,1324,0.0004,0.003,0.256,1.75
Organic Lacinato (Dinosaur) Kale,Organic Zucchini,4570,0.00137,0.102,0.042,3.12
Sharp Cheddar Cheese,Fresh Cauliflower,1246,0.00037,0.04,0.017,1.79
Bag of Organic Bananas,Supergreens!,1592,0.00048,0.004,0.169,1.43
Large Alfresco Eggs,Strawberries,1664,0.0005,0.039,0.011,0.88
Organic Black Beans,Organic Romaine Lettuce,1167,0.00035,0.029,0.032,2.74
Organic Sunday Bacon,Organic Garlic,1149,0.00034,0.089,0.01,2.61
Banana,Organic Plain Greek Whole Milk Yogurt,1606,0.00048,0.003,0.133,0.91
Organic Lemon,Organic Medjool Dates,1005,0.0003,0.011,0.093,3.42
Organic Yellow Onion,Organic Grade A Large Brown Eggs,1114,0.00033,0.009,0.067,1.91
Tomato Sauce,Organic Garlic,1364,0.00041,0.101,0.012,2.98
Organic Cheese Frozen Pizza,Organic Avocado,1286,0.00038,0.087,0.007,1.57
Organic Refried Black Beans,Banana,1070,0.00032,0.209,0.002,1.42
Organic Lemon,Organic Romaine,1098,0.00033,0.012,0.044,1.62
Bag of Organic Bananas,Organic Marinara Pasta Sauce,1647,0.00049,0.004,0.246,2.08
Organic Russet Potato,Organic Fuji Apple,1191,0.00036,0.035,0.013,1.27
Organic Multigrain Waffles,Organic Avocado,1364,0.00041,0.123,0.007,2.23
Organic Navel Orange,Organic Peeled Whole Baby Carrots,1338,0.0004,0.03,0.023,1.73
Lime Sparkling Water,Organic Grape Tomatoes,1685,0.0005,0.035,0.019,1.32
Soda,Bag of Organic Bananas,3280,0.00098,0.088,0.008,0.75
Shredded Parmesan,Limes,3193,0.00095,0.085,0.022,1.93
Organic Raspberries,Organic Cucumber,9183,0.00274,0.064,0.108,2.53
European Cucumber,Organic Whole Milk,1182,0.00035,0.062,0.008,1.45
Organic Bartlett Pear,Organic Avocado,3270,0.00098,0.085,0.018,1.54
Hass Avocados,Apples,1698,0.00051,0.032,0.132,8.4
Organic Garlic,Organic Lacinato (Dinosaur) Kale,5661,0.00169,0.05,0.126,3.71
Organic Baby Spinach,Organic Whole Wheat Penne Rigate,1141,0.00034,0.005,0.2,2.66
Italian Sparkling Mineral Water,Organic Small Bunch Celery,1142,0.00034,0.036,0.016,1.69
Banana,Organic Garbanzo Beans,6476,0.00194,0.013,0.208,1.41
Organic Old Fashioned Rolled Oats,Organic Zucchini,1611,0.00048,0.077,0.015,2.36
Organic Yellow Onion,Organic Unsweetened Almond Milk,4328,0.00129,0.037,0.072,2.05
Banana,Organic Dark Chocolate Peanut Butter Cups,1859,0.00056,0.004,0.159,1.08
Boneless Skinless Chicken Breasts,Asparagus,3281,0.00098,0.063,0.046,2.95
Organic Italian Parsley Bunch,Organic White Onions,1897,0.00057,0.03,0.077,4.11
Organic Shredded Mozzarella,Organic Whole String Cheese,1359,0.00041,0.071,0.022,3.87
Organic Garlic,Organic Yellow Peaches,1612,0.00048,0.014,0.073,2.15
Organic Raspberries,Sparkling Water Grapefruit,5154,0.00154,0.036,0.065,1.53
Whipped Cream Cheese,Asparagus,1199,0.00036,0.037,0.017,1.75
Bag of Organic Bananas,Organic Russet Potato,8042,0.0024,0.02,0.239,2.02
Total 2% Lowfat Greek Strained Yogurt With Blueberry,Total 2% All Natural Plain Greek Yogurt,1177,0.00035,0.055,0.068,10.65
Gogo Squeez Organic Apple Strawberry Applesauce on the Go,Organic Strawberries,1597,0.00048,0.281,0.006,3.41
Organic Broccoli,Organic Grape Tomatoes,2806,0.00084,0.07,0.032,2.64
Boneless Skinless Chicken Breast,Bag of Organic Bananas,3249,0.00097,0.138,0.008,1.17
Granny Smith Apples,2% Reduced Fat Milk,1113,0.00033,0.03,0.029,2.57
Organic Red Onion,Red Peppers,3882,0.00116,0.055,0.067,3.15
Organic Strawberries,Smoked Turkey Breast Slices,1351,0.0004,0.005,0.133,1.61
Apple Honeycrisp Organic,Organic Coconut Milk,1360,0.00041,0.016,0.048,1.84
Yellow Onions,Organic Reduced Fat Milk,1228,0.00037,0.016,0.033,1.45
Organic Garlic,Organic Tomato Basil Pasta Sauce,1318,0.00039,0.012,0.075,2.2
Original Hummus,Unsweetened Original Almond Breeze Almond Milk,1289,0.00039,0.017,0.036,1.61
Organic Unsweetened Almond Milk,Cucumber Kirby,2353,0.0007,0.039,0.024,1.31
Organic Carrot Bunch,Red Vine Tomato,1069,0.00032,0.028,0.019,1.68
Organic Strawberries,Organic Garlic,16267,0.00486,0.059,0.143,1.73
Organic Unsalted Butter,Organic Garlic,2264,0.00068,0.102,0.02,2.99
Baked Aged White Cheddar Rice and Corn Puffs,Organic Baby Spinach,1902,0.00057,0.134,0.008,1.78
Organic Baby Spinach,White Corn,2512,0.00075,0.01,0.129,1.72
Green Onions,Organic Whole Milk,1165,0.00035,0.042,0.008,0.98
Lowfat Small Curd Cottage Cheese,Organic Strawberries,1138,0.00034,0.144,0.004,1.75
"Organic Butterhead (Boston, Butter, Bibb) Lettuce",Bag of Organic Bananas,2166,0.00065,0.172,0.005,1.46
Strawberries,Shredded Mozzarella,1547,0.00046,0.01,0.067,1.51
Vanilla Almond Breeze Almond Milk,Organic Peeled Whole Baby Carrots,1022,0.00031,0.032,0.018,1.84
Shredded Parmesan,Organic Peeled Whole Baby Carrots,1451,0.00043,0.038,0.025,2.23
Clementines,Organic Low Fat Milk,1069,0.00032,0.033,0.121,12.62
Italian Extra Virgin Olive Oil,Large Lemon,1696,0.00051,0.132,0.011,2.74
Organic Fuji Apple,Organic Large Grade AA Brown Eggs,1106,0.00033,0.012,0.042,1.5
Organic Strawberries,Fresh Mozzarella Ball,1564,0.00047,0.006,0.148,1.8
Organic Strawberries,Organic Hot House Tomato,1279,0.00038,0.005,0.162,1.97
Yellow Onions,Jalapeno Peppers,4473,0.00134,0.058,0.101,4.38
Roasted Salted Cashews,Banana,1832,0.00055,0.253,0.004,1.73
Organic Yellow Onion,Sparkling Water Grapefruit,3823,0.00114,0.032,0.048,1.37
Organic Mango,Organic Hass Avocado,1959,0.00059,0.202,0.009,3.06
Organic Tomato Cluster,Red Onion,1807,0.00054,0.027,0.041,2.03
Organic Lacinato (Dinosaur) Kale,Extra Virgin Olive Oil,1546,0.00046,0.034,0.03,2.21
Banana,Spaghetti Pasta,1971,0.00059,0.004,0.235,1.6
Organic Large Extra Fancy Fuji Apple,Organic Extra Firm Tofu,1099,0.00033,0.014,0.036,1.55
Corn Chips,Organic Hass Avocado,1687,0.0005,0.19,0.008,2.87
Yellow Onions,Organic Large Brown Grade AA Cage Free Eggs,1081,0.00032,0.014,0.033,1.41
Organic Thompson Seedless Raisins,Organic Raspberries,1497,0.00045,0.116,0.01,2.71
Italian Sparkling Mineral Water,Organic Raspberries,2468,0.00074,0.077,0.017,1.81
Organic Jalapeno Pepper,Organic Ginger Root,1945,0.00058,0.092,0.036,5.7
Bag of Organic Bananas,Michigan Organic Kale,12347,0.00369,0.031,0.176,1.49
Sparkling Water Berry,Sparkling Lemon Water,3886,0.00116,0.214,0.114,20.97
Organic Baby Carrots,Grape White/Green Seedless,2881,0.00086,0.036,0.071,2.96
Red Peppers,Grape White/Green Seedless,1311,0.00039,0.023,0.032,1.86
Seedless Red Grapes,Organic Italian Parsley Bunch,2082,0.00062,0.024,0.033,1.27
Bag of Organic Bananas,Red Onion,2990,0.00089,0.008,0.067,0.57
100% Whole Wheat Bread,Original Nooks & Crannies English Muffins,1064,0.00032,0.017,0.068,3.61
Lemon Hummus,Large Lemon,1900,0.00057,0.111,0.012,2.32
Strawberries,Organic Bell Pepper,1056,0.00032,0.007,0.043,0.97
Seedless Red Grapes,Michigan Organic Kale,2558,0.00076,0.029,0.037,1.41
Banana,Fresh Ginger Root,5295,0.00158,0.011,0.208,1.42
Fresh Ginger Root,Red Onion,1031,0.00031,0.041,0.023,3.05
Organic Butternut Squash,Organic Small Bunch Celery,1460,0.00044,0.071,0.021,3.36
Organic Reduced Fat 2% Milk,Strawberries,2161,0.00065,0.044,0.014,0.98
Organic Navel Orange,Organic Hothouse Cucumbers,1005,0.0003,0.022,0.04,3.03
Organic Large Extra Fancy Fuji Apple,Organic Large Brown Grade AA Cage Free Eggs,1606,0.00048,0.021,0.048,2.07
Honeycrisp Apple,Organic Garnet Sweet Potato (Yam),2626,0.00078,0.032,0.048,1.93
Bag of Organic Bananas,Colby Cheese Sticks,2544,0.00076,0.006,0.201,1.7
Organic Broccoli Florets,Organic Grape Tomatoes,2173,0.00065,0.063,0.025,2.41
Yellow Onions,Organic Basil,1605,0.00048,0.021,0.058,2.5
Kiwi Sandia Sparkling Water,Sparkling Lemon Water,1067,0.00032,0.111,0.031,10.86
Pure Irish Butter,Organic Italian Parsley Bunch,1068,0.00032,0.03,0.017,1.6
Organic Coconut Milk,Organic Hass Avocado,3864,0.00115,0.137,0.017,2.07
Bag of Organic Bananas,Sugar Snap Peas,2679,0.0008,0.007,0.181,1.54
Organic Baby Spinach,Bartlett Pears,4110,0.00123,0.016,0.112,1.49
Organic Diced Tomatoes,Organic Grape Tomatoes,1269,0.00038,0.056,0.014,2.11
Banana,Sweet Onions,1531,0.00046,0.003,0.208,1.42
Organic Original Hommus,Organic Zucchini,1067,0.00032,0.078,0.01,2.37
Large Yellow Flesh Nectarine,Organic Raspberries,1599,0.00048,0.103,0.011,2.41
Organic Baby Arugula,Organic Bunch Beets,1075,0.00032,0.014,0.071,3.15
Organic Broccoli,Organic Granny Smith Apple,1875,0.00056,0.046,0.031,2.54
Organic Ketchup,Organic Avocado,1221,0.00036,0.077,0.007,1.39
Organic Broccoli Crowns,Organic Large Brown Grade AA Cage Free Eggs,1147,0.00034,0.06,0.035,6.03
Bag of Organic Bananas,Sweet Corn On The Cob,1265,0.00038,0.003,0.229,1.94
Organic Red Onion,Organic Bell Pepper,2111,0.00063,0.03,0.087,4.1
Organic Leek,Organic Cucumber,1391,0.00042,0.068,0.016,2.68
Broccoli Crown,Organic Baby Spinach,7767,0.00232,0.173,0.031,2.3
Organic Strawberries,Half & Half,8612,0.00257,0.031,0.12,1.46
Organic Unsalted Butter,Organic Avocado,1496,0.00045,0.067,0.008,1.22
Organic Whole String Cheese,"Milk, Organic, Vitamin D",1614,0.00048,0.026,0.078,4.22
100% Recycled Paper Towels,Organic Baby Spinach,3855,0.00115,0.133,0.015,1.76
Organic Raspberries,Organic Gala Apples,7740,0.00231,0.054,0.102,2.4
Yellow Bell Pepper,Organic Garlic,2248,0.00067,0.084,0.02,2.48
Blackberry Cucumber Sparkling Water,Sparkling Water Grapefruit,2380,0.00071,0.202,0.03,8.55
Banana,Salted Butter,5059,0.00151,0.01,0.253,1.73
100% Whole Wheat Bread,Organic Large Extra Fancy Fuji Apple,2602,0.00078,0.041,0.033,1.77
Organic Red Bell Pepper,Red Vine Tomato,1668,0.0005,0.028,0.029,1.65
Organic Baby Spinach,Sinfully Sweet Campari Tomatoes,2258,0.00067,0.009,0.138,1.84
Organic Cripps Pink Apples,Organic Avocado,1517,0.00045,0.112,0.008,2.03
Bag of Organic Bananas,Sharp Cheddar Cheese,4586,0.00137,0.012,0.146,1.24
Shallot,Large Lemon,4089,0.00122,0.225,0.025,4.68
Original Hummus,Lime Sparkling Water,2290,0.00068,0.031,0.047,2.13
Strawberries,Organic Lacinato (Dinosaur) Kale,1596,0.00048,0.011,0.036,0.8
Organic Red Onion,Organic Zucchini,7928,0.00237,0.112,0.072,3.42
Organic Blackberries,Half & Half,1945,0.00058,0.03,0.027,1.41
Organic Italian Parsley Bunch,Organic Ginger Root,4754,0.00142,0.075,0.088,4.67
Organic Whole Grassmilk Milk,Organic Yellow Onion,1262,0.00038,0.079,0.011,2.25
Shredded Parmesan,Organic Shredded Mozzarella,1350,0.0004,0.036,0.071,6.29
Organic Vanilla Almond Milk,Organic Avocado,1046,0.00031,0.087,0.006,1.59
Feta Cheese Crumbles,Large Lemon,4488,0.00134,0.133,0.028,2.76
Michigan Organic Kale,Organic Extra Firm Tofu,2311,0.00069,0.033,0.076,3.64
"Clementines, Bag",Sparkling Water Grapefruit,1392,0.00042,0.034,0.018,1.42
Whole Almonds,Bag of Organic Bananas,2224,0.00066,0.172,0.006,1.46
Organic Fuji Apple,Grated Parmesan,1734,0.00052,0.019,0.037,1.33
Baby Spinach,Organic Small Bunch Celery,1098,0.00033,0.045,0.016,2.14
Banana,Organic Strawana Probugs Kefir,1496,0.00045,0.003,0.23,1.56
Apple Honeycrisp Organic,Total Greek Strained Yogurt,1335,0.0004,0.015,0.049,1.87
Walnut Halves & Pieces,Organic Hass Avocado,1618,0.00048,0.148,0.007,2.24
Unsalted Pure Irish Butter,Pure Irish Butter,1551,0.00046,0.075,0.044,7.13
Total Greek Strained Yogurt,Sparkling Water Grapefruit,1083,0.00032,0.04,0.014,1.67
Natural Artesian Water,Organic Baby Spinach,1159,0.00035,0.081,0.005,1.08
Organic Baby Arugula,Shredded Mozzarella,1392,0.00042,0.018,0.061,2.68
Organic Whole Crimini Mushrooms,Banana,1353,0.0004,0.193,0.003,1.32
Organic Baby Spinach,Organic 21 Grain Thin Sliced Bread,1588,0.00047,0.006,0.129,1.72
English Seedless Cucumber,Strawberries,1058,0.00032,0.077,0.007,1.72
Large Grapefruit,Organic Blueberries,1144,0.00034,0.051,0.011,1.63
Organic Granny Smith Apple,Organic Baby Carrots,3455,0.00103,0.057,0.043,2.35
Organic Yellow Onion,Organic Garnet Sweet Potato (Yam),7545,0.00225,0.064,0.138,3.93
Organic Whole Grassmilk Milk,Organic Baby Spinach,1952,0.00058,0.122,0.008,1.63
Organic Strawberries,Organic Kiwi,13003,0.00389,0.047,0.25,3.03
Sparkling Natural Mineral Water,Organic Hass Avocado,4809,0.00144,0.107,0.022,1.63
Romaine Lettuce,Large Lemon,1672,0.0005,0.153,0.01,3.19
Organic Baby Arugula,Organic Lacinato (Dinosaur) Kale,2885,0.00086,0.038,0.064,2.84
Organic Dill,Organic Small Bunch Celery,1628,0.00049,0.098,0.023,4.64
Bag of Organic Bananas,Bunched Cilantro,3886,0.00116,0.01,0.082,0.69
Total 2% All Natural Greek Strained Yogurt with Honey,Organic Baby Carrots,1091,0.00033,0.046,0.014,1.9
Banana,Roasted Turkey Breast,4161,0.00124,0.008,0.228,1.55
Total 2% Lowfat Greek Strained Yogurt With Blueberry,Sparkling Water Grapefruit,1394,0.00042,0.065,0.018,2.75
Yellow Bell Pepper,Strawberries,2291,0.00068,0.086,0.015,1.93
Seedless Red Grapes,Pure Irish Butter,1034,0.00031,0.012,0.029,1.13
Bartlett Pears,Organic Zucchini,1887,0.00056,0.052,0.017,1.58
100% Recycled Paper Towels,Organic Cucumber,1584,0.00047,0.055,0.019,2.15
Organic Whole Milk,Organic Low Sodium Chicken Broth,1567,0.00047,0.011,0.086,2.01
Organic Red Onion,Organic Bosc Pear,1049,0.00031,0.015,0.047,2.24
Organic Baby Arugula,Red Onion,2217,0.00066,0.029,0.05,2.2
Red Peppers,Red Vine Tomato,2860,0.00085,0.049,0.05,2.9
Emmentaler Swiss Slices,Organic Hass Avocado,1193,0.00036,0.139,0.005,2.11
Organic Whole Strawberries,Organic Lacinato (Dinosaur) Kale,1415,0.00042,0.043,0.032,3.23
Roma Tomato,Organic Grape Tomatoes,1020,0.0003,0.024,0.012,0.92
Mango Chunks,Organic Fuji Apple,1053,0.00031,0.057,0.011,2.06
Granny Smith Apples,Organic Blackberries,1174,0.00035,0.031,0.018,1.62
Red Peppers,Organic Half & Half,1373,0.00041,0.024,0.017,1.0
Blueberries,Gala Apples,1190,0.00036,0.02,0.048,2.73
Organic Zucchini,Organic Hass Avocado,17109,0.00511,0.156,0.077,2.37
Jalapeno Peppers,Bunched Cilantro,6034,0.0018,0.136,0.127,9.57
Strawberries,Organic Fuji Apple,7780,0.00233,0.052,0.084,1.88
Banana,Plain Pre-Sliced Bagels,2024,0.0006,0.004,0.22,1.5
Organic Fuji Apple,Gala Apples,1292,0.00039,0.014,0.052,1.86
Organic Small Curd Cottage Cheese,Organic Hass Avocado,2031,0.00061,0.17,0.009,2.57
Organic Broccoli,Organic Baby Carrots,2874,0.00086,0.071,0.036,2.96
Organic Large Brown Eggs,Organic Garlic,1534,0.00046,0.103,0.013,3.03
Organic Small Bunch Celery,Grape White/Green Seedless,1581,0.00047,0.022,0.039,1.85
Organic D'Anjou Pears,Organic Kiwi,4374,0.00131,0.086,0.084,5.54
Banana,Ground Turkey Breast,6518,0.00195,0.013,0.235,1.6
Extra Virgin Olive Oil,Organic Gala Apples,1674,0.0005,0.032,0.022,1.42
Soda,Zero Calorie Cola,4106,0.00123,0.11,0.461,41.37
Broccoli Crown,Red Onion,1576,0.00047,0.035,0.035,2.64
Organic Raspberries,Organic Yellow Peaches,2038,0.00061,0.014,0.093,2.17
Organic Yellow Onion,Organic Baby Kale Mix,1026,0.00031,0.009,0.092,2.61
Green Beans,Limes,3152,0.00094,0.104,0.021,2.38
Organic Vanilla Extract,Banana,1721,0.00051,0.176,0.004,1.2
Organic D'Anjou Pears,Organic Fuji Apple,3075,0.00092,0.061,0.033,2.18
Red Onion,Organic Ginger Root,1276,0.00038,0.029,0.024,1.77
Organic Baby Arugula,Organic Tomato Cluster,3579,0.00107,0.047,0.054,2.37
Organic Cucumber,Total 0% Nonfat Greek Yogurt,1000,0.0003,0.012,0.036,1.41
Green Bell Pepper,Grated Parmesan,1623,0.00049,0.028,0.035,1.99
Total 2% with Strawberry Lowfat Greek Strained Yogurt,Total 0% Nonfat Greek Yogurt,1677,0.0005,0.054,0.06,6.52
Cantaloupe,Organic D'Anjou Pears,1496,0.00045,0.06,0.029,3.92
Whole Grain Oat Cereal,Banana,1686,0.0005,0.262,0.003,1.79
Grated Parmesan,Lime Sparkling Water,1043,0.00031,0.022,0.021,1.53
Organic Chicken Broth,Limes,1363,0.00041,0.116,0.009,2.65
Lemon Hummus,Original Hummus,1203,0.00036,0.071,0.016,3.18
Broccoli Crown,Organic Whole Milk,3592,0.00107,0.08,0.025,1.87
Salted Butter,Organic Avocado,2185,0.00065,0.109,0.012,1.99
Michigan Organic Kale,Organic Granny Smith Apple,3816,0.00114,0.054,0.062,2.98
Red Raspberries,Fresh Cauliflower,1056,0.00032,0.038,0.014,1.72
Italian Extra Virgin Olive Oil,Organic Garlic,1610,0.00048,0.125,0.014,3.67
Organic Blueberries,Unsweetened Original Almond Breeze Almond Milk,1565,0.00047,0.015,0.043,1.38
"Organic Red Radish, Bunch",Organic Baby Spinach,4635,0.00139,0.164,0.018,2.18
Organic Cucumber,Asparagus,3949,0.00118,0.046,0.056,2.18
Roma Tomato,Organic Cilantro,2104,0.00063,0.05,0.029,2.29
Apple Honeycrisp Organic,Organic Red Onion,3839,0.00115,0.044,0.054,2.08
Yellow Onions,Russet Potato,2599,0.00078,0.034,0.085,3.68
Organic Whole String Cheese,Organic Lacinato (Dinosaur) Kale,1523,0.00046,0.025,0.034,1.84
Organic Turkey Bacon,Bag of Organic Bananas,3636,0.00109,0.229,0.009,1.94
Original Hummus,Organic Reduced Fat Milk,1907,0.00057,0.026,0.052,2.33
Organic Navel Orange,Organic Garnet Sweet Potato (Yam),2322,0.00069,0.052,0.043,3.19
Red Peppers,Raspberries,1034,0.00031,0.018,0.017,0.98
Organic Raspberries,Organic Bunch Beets,1532,0.00046,0.011,0.102,2.38
Green Onions,Asparagus,1198,0.00036,0.043,0.017,2.01
Original Orange Juice,Large Lemon,1757,0.00053,0.068,0.011,1.41
Limes,Organic White Onions,3765,0.00113,0.026,0.154,3.51
Organic Dijon Mustard,Organic Hass Avocado,1464,0.00044,0.127,0.007,1.93
Organic Red Bell Pepper,Organic Whole Strawberries,1618,0.00048,0.027,0.05,2.77
Organic Garlic,Organic Tahini,1029,0.00031,0.009,0.155,4.56
Organic Blue Corn Tortilla Chips,Organic Hass Avocado,1990,0.00059,0.147,0.009,2.23
Michigan Organic Kale,Red Onion,1955,0.00058,0.028,0.044,2.1
Organic Whole Kernel Sweet Corn No Salt Added,Organic Baby Spinach,2286,0.00068,0.171,0.009,2.28
Organic Whole Grain Wheat English Muffins,Organic Avocado,1070,0.00032,0.076,0.006,1.38
Total 2% All Natural Greek Strained Yogurt with Honey,Organic Large Extra Fancy Fuji Apple,1030,0.00031,0.043,0.013,1.85
Asparagus,Globe Eggplant,1155,0.00035,0.016,0.064,3.03
Banana,Organic Wheat Square Crackers,1506,0.00045,0.003,0.213,1.45
Organic Reduced Fat 2% Milk,Asparagus,1327,0.0004,0.027,0.019,1.26
Sweet Potatoes,Organic Avocado,1623,0.00049,0.187,0.009,3.4
Fancy Eggplant,Organic Zucchini,1219,0.00036,0.15,0.011,4.59
Small Hass Avocado,Original Hummus,2604,0.00078,0.05,0.035,2.25
Organic Chicken Stock,Organic Garlic,1220,0.00036,0.111,0.011,3.25
Broccoli Florettes,Raspberries,1086,0.00032,0.141,0.018,7.75
Fresh Cauliflower,Globe Eggplant,2105,0.00063,0.028,0.117,5.29
Fresh Cauliflower,Organic Spring Mix,1398,0.00042,0.019,0.042,1.9
Organic Strawberries,Organic Cut Green Beans,1109,0.00033,0.004,0.15,1.82
Organic Snipped Green Beans,Organic Grape Tomatoes,1620,0.00048,0.089,0.018,3.38
Spring Water,Organic Garlic,2632,0.00079,0.045,0.023,1.33
Vanilla Almond Breeze Almond Milk,Sparkling Water Grapefruit,1241,0.00037,0.039,0.016,1.63
Yellow Onions,Shredded Mild Cheddar Cheese,1352,0.0004,0.018,0.049,2.11
Organic Large Extra Fancy Fuji Apple,Total 2% Lowfat Greek Strained Yogurt with Peach,1083,0.00032,0.014,0.053,2.26
Apple Honeycrisp Organic,Organic Snipped Green Beans,1307,0.00039,0.015,0.072,2.75
Organic Reduced Fat 2% Milk,Organic Garlic,2345,0.0007,0.047,0.021,1.39
Grated Parmesan,Ground Turkey Breast,1184,0.00035,0.025,0.043,3.05
Banana,Total 2% with Strawberry Lowfat Greek Strained Yogurt,9105,0.00272,0.019,0.295,2.01
Organic Lemon,Organic Reduced Fat Milk,1093,0.00033,0.012,0.03,1.09
Unsalted Butter,Large Lemon,4489,0.00134,0.121,0.028,2.52
Unsweetened Almondmilk,Extra Virgin Olive Oil,1344,0.0004,0.026,0.026,1.66
Vanilla Almond Breeze Almond Milk,Organic Baby Carrots,1358,0.00041,0.042,0.017,1.75
Organic Rainbow Carrots,Organic Hass Avocado,2528,0.00076,0.165,0.011,2.5
Organic Frozen Mango Chunks,Pineapple Chunks,1642,0.00049,0.15,0.063,19.3
Organic Raspberries,Organic Egg Whites,1517,0.00045,0.011,0.075,1.76
Organic Garlic,Organic Yellow Squash,1127,0.00034,0.01,0.097,2.85
Apple Honeycrisp Organic,Organic Garbanzo Beans,1376,0.00041,0.016,0.044,1.69
Jalapeno Peppers,Fresh Cauliflower,2451,0.00073,0.055,0.033,2.48
Yellow Bell Pepper,Organic Peeled Whole Baby Carrots,1047,0.00031,0.039,0.018,2.28
Apple Honeycrisp Organic,Feta Cheese Crumbles,1479,0.00044,0.017,0.044,1.68
Cantaloupe,Organic Tomato Cluster,1219,0.00036,0.049,0.018,2.43
Organic Lacinato (Dinosaur) Kale,Pineapple Chunks,1023,0.00031,0.023,0.039,2.93
Organic Iceberg Lettuce,Bag of Organic Bananas,2618,0.00078,0.174,0.007,1.47
Green Beans,Organic Cilantro,1384,0.00041,0.046,0.019,2.1
Organic Raspberries,Grated Parmesan,3640,0.00109,0.026,0.078,1.82
Dried Mango,Organic Strawberries,1128,0.00034,0.106,0.004,1.29
Yellow Onions,Sour Cream,1374,0.00041,0.018,0.061,2.65
Extra Virgin Olive Oil,Organic Half & Half,1439,0.00043,0.028,0.018,1.16
Yellow Onions,Organic Garbanzo Beans,1881,0.00056,0.024,0.06,2.62
Organic Broccoli Florets,Organic Blackberries,1015,0.0003,0.03,0.016,1.54
Organic Sprouted English Muffin,Banana,1258,0.00038,0.192,0.003,1.31
Carrots,Organic Reduced Fat Milk,1503,0.00045,0.02,0.041,1.81
Organic Muenster Cheese Slices,Organic Baby Spinach,1254,0.00037,0.157,0.005,2.09
Total 2% Lowfat Plain Greek Yogurt,Organic Baby Spinach,2524,0.00075,0.15,0.01,1.99
Organic Raspberries,Organic Zucchini,9806,0.00293,0.069,0.09,2.1
Organic Baby Arugula,Organic Baby Carrots,3393,0.00101,0.045,0.042,1.86
Large Lemon,Medium Navel Orange,1575,0.00047,0.01,0.146,3.05
Organic Unsalted Butter,Organic Red Onion,1085,0.00032,0.049,0.015,2.3
Green Bell Pepper,Bunched Cilantro,2167,0.00065,0.037,0.046,2.63
Organic D'Anjou Pears,Organic Granny Smith Apple,3608,0.00108,0.071,0.059,3.89
Organic Coconut Milk,Organic Italian Parsley Bunch,1663,0.0005,0.059,0.026,3.12
Carrots,Red Onion,1711,0.00051,0.023,0.038,1.71
Bag of Organic Bananas,Tomato Sauce,1780,0.00053,0.005,0.132,1.12
Whole Milk Plain Yogurt,Original Hummus,1005,0.0003,0.064,0.014,2.87
Kiwi Sandia Sparkling Water,Lime Sparkling Water,1279,0.00038,0.133,0.026,9.18
Green Onions,Organic Ginger Root,1134,0.00034,0.041,0.021,2.51
Emmentaler Swiss Slices,Organic Baby Spinach,1313,0.00039,0.153,0.005,2.03
Organic Strawberries,Organic Cucumber,17587,0.00526,0.064,0.207,2.51
Strawberries,Red Peppers,4349,0.0013,0.029,0.075,1.67
Vanilla Almond Breeze Almond Milk,Boneless Skinless Chicken Breasts,1029,0.00031,0.032,0.02,2.04
Green Beans,Strawberries,3130,0.00094,0.104,0.021,2.32
Organic Whipped Naturally Buttery Spread,Bag of Organic Bananas,2688,0.0008,0.203,0.007,1.72
Organic Garlic,Organic Bartlett Pear,2809,0.00084,0.025,0.073,2.13
Organic Strawberries,Sourdough Bread,2414,0.00072,0.009,0.142,1.72
Gluten Free Dark Chocolate Chunk Chewy with a Crunch Granola Bars,Bag of Organic Bananas,1787,0.00053,0.162,0.005,1.37
Original Pure Creamy Almond Milk,Organic Baby Spinach,1594,0.00048,0.104,0.006,1.39
Organic Large Extra Fancy Fuji Apple,Original Hummus,3071,0.00092,0.039,0.041,1.77
Organic Spaghetti Squash,Organic Garlic,1612,0.00048,0.115,0.014,3.38
Organic Zucchini,Grape White/Green Seedless,2791,0.00083,0.026,0.069,2.11
Organic Whole Milk with DHA Omega-3,Organic Avocado,1712,0.00051,0.122,0.009,2.21
100% Recycled Paper Towels,Organic Blueberries,1174,0.00035,0.04,0.011,1.29
Organic D'Anjou Pears,Organic Baby Broccoli,1361,0.00041,0.027,0.041,2.7
Organic Long Grain White Rice,Organic Hass Avocado,1062,0.00032,0.119,0.005,1.8
Organic Red Chard Greens,Large Lemon,1075,0.00032,0.095,0.007,1.97
Organic Cucumber,Organic Whole Cashews,1038,0.00031,0.012,0.078,3.07
Broccoli Crown,Michigan Organic Kale,2532,0.00076,0.056,0.036,2.69
Organic Unsweetened Almond Milk,Grape White/Green Seedless,1088,0.00033,0.018,0.027,1.5
Italian Sparkling Mineral Water,Organic Avocado,3161,0.00094,0.099,0.017,1.79
Organic Summer Strawberry Bunny Fruit Snacks,Organic Hass Avocado,1401,0.00042,0.107,0.006,1.63
Organic Italian Parsley Bunch,Red Vine Tomato,2141,0.00064,0.034,0.038,2.01
Organic Lacinato (Dinosaur) Kale,Organic Hass Avocado,7873,0.00235,0.176,0.036,2.66
Strawberries,Organic Old Fashioned Rolled Oats,1024,0.00031,0.007,0.049,1.1
Organic Strawberries,Organic Baby Spinach,39773,0.01189,0.144,0.158,1.92
"Parsley, Italian (Flat), New England Grown",Bag of Organic Bananas,1095,0.00033,0.12,0.003,1.02
Organic Raspberries,Organic Raw Kombucha Gingerade,1821,0.00054,0.013,0.084,1.98
Broccoli & Apple Stage 2 Baby Food,Bag of Organic Bananas,1655,0.00049,0.235,0.004,1.99
Organic Yellow Onion,Unsweetened Original Almond Breeze Almond Milk,1318,0.00039,0.011,0.037,1.04
Organic Reduced Fat 2% Milk,Limes,2926,0.00087,0.059,0.02,1.35
Goo Berry Pie Probugs Kefir,Organic Strawberries,1685,0.0005,0.263,0.006,3.2
Organic AppleApple,Original Hummus,1065,0.00032,0.063,0.014,2.86
Organic Raspberries,Total 2% All Natural Low Fat 2% Milkfat Greek Strained Yogurt,1639,0.00049,0.011,0.108,2.54
Organic Granny Smith Apple,Large Lemon,6102,0.00182,0.1,0.038,2.08
Organic Blueberry Waffles,Organic Baby Spinach,1233,0.00037,0.145,0.005,1.93
Organic Whole String Cheese,Whipped Cream Cheese,2621,0.00078,0.043,0.081,4.41
Organic Red Bell Pepper,Organic Bell Pepper,6024,0.0018,0.101,0.248,13.84
Carrots,Organic Baby Carrots,1421,0.00042,0.019,0.018,0.79
Organic Mint,Organic Zucchini,1887,0.00056,0.092,0.017,2.82
Organic Coconut Milk,Organic Garnet Sweet Potato (Yam),2002,0.0006,0.071,0.037,4.34
Carrots,Organic Granny Smith Apple,2989,0.00089,0.04,0.049,2.18
Green Bell Pepper,Original Hummus,2377,0.00071,0.041,0.032,1.85
Small Hass Avocado,Organic Ginger Root,1337,0.0004,0.026,0.025,1.59
Organic Sunday Bacon,Organic Yellow Onion,1424,0.00043,0.11,0.012,3.13
Whole Milk,Organic Yellow Onion,1115,0.00033,0.03,0.009,0.86
Green Bell Pepper,Organic Peeled Whole Baby Carrots,1929,0.00058,0.033,0.033,1.92
Boneless Skinless Chicken Breast,Organic Zucchini,1828,0.00055,0.078,0.017,2.38
Icelandic Style Skyr Blueberry Non-fat Yogurt,Organic Avocado,1693,0.00051,0.085,0.009,1.54
Organic Bread with 21 Whole Grains,Half & Half,1369,0.00041,0.057,0.019,2.67
Taco Seasoning,Banana,2162,0.00065,0.23,0.004,1.57
Organic Orange Bell Pepper,Organic Cucumber,1458,0.00044,0.132,0.017,5.22
Organic Egg Whites,Organic Baby Carrots,1253,0.00037,0.062,0.016,2.57
Strawberries,Organic Baby Rainbow Carrots,1221,0.00036,0.008,0.059,1.33
Organic Broccoli,Organic Half & Half,1535,0.00046,0.038,0.019,1.61
Organic Strawberries,Organic Penne Rigate,1511,0.00045,0.005,0.193,2.35
Carrots,Organic Bell Pepper,1452,0.00043,0.019,0.06,2.65
Organic Baby Spinach,Cucumber Kirby,16161,0.00483,0.064,0.162,2.15
Organic Whole Milk,"Clementines, Bag",2858,0.00085,0.02,0.069,1.62
Organic Diced Tomatoes,Organic Red Bell Pepper,1317,0.00039,0.058,0.022,3.22
"Organic Milk Reduced Fat, 2% Milkfat",Organic Raspberries,1795,0.00054,0.137,0.013,3.21
Large Alfresco Eggs,Organic Strawberries,5948,0.00178,0.141,0.022,1.71
Banana,Organic Whole Wheat Penne Rigate,1487,0.00044,0.003,0.261,1.77
Strawberries,Large Yellow Flesh Nectarine,1381,0.00041,0.009,0.089,1.98
Blueberries,Organic Cucumber,1190,0.00036,0.02,0.014,0.8
100% Raw Coconut Water,Large Alfresco Eggs,1078,0.00032,0.027,0.026,2.17
Natural Artesian Bottled Water,Bag of Organic Bananas,1035,0.00031,0.205,0.003,1.73
Apple Honeycrisp Organic,Organic Green Cabbage,1038,0.00031,0.012,0.047,1.8
Bag of Organic Bananas,Thick & Crispy Tortilla Chips,1235,0.00037,0.003,0.158,1.34
Kiwi Sandia Sparkling Water,Peach Pear Flavored Sparkling Water,1326,0.0004,0.138,0.06,20.85
Organic Yellow Onion,Uncured Genoa Salami,2652,0.00079,0.023,0.061,1.74
Organic Tomato Paste,Limes,2163,0.00065,0.118,0.015,2.69
Yellow Onions,Organic Baby Broccoli,1267,0.00038,0.016,0.038,1.66
Apples,Strawberries,1749,0.00052,0.136,0.012,3.04
Organic Red Onion,Organic Old Fashioned Rolled Oats,1084,0.00032,0.015,0.052,2.45
Carrots,Feta Cheese Crumbles,1847,0.00055,0.025,0.055,2.43
Fresh Ginger Root,Organic Small Bunch Celery,1384,0.00041,0.054,0.02,2.58
Organic Yellow Onion,Organic Whole Strawberries,2488,0.00074,0.021,0.076,2.17
Air Chilled Organic Boneless Skinless Chicken Breasts,Organic Cucumber,1005,0.0003,0.058,0.012,2.27
Organic Raspberries,Organic Cripps Pink Apples,1793,0.00054,0.013,0.132,3.1
Blueberries,Organic Garlic,1826,0.00055,0.031,0.016,0.92
Orange Bell Pepper,Organic Garnet Sweet Potato (Yam),1551,0.00046,0.038,0.028,2.32
Carrots,Organic Black Beans,2098,0.00063,0.028,0.053,2.36
Half & Half,"Clementines, Bag",1653,0.00049,0.023,0.04,1.87
Organic Blueberries,Unsalted Butter,1285,0.00038,0.012,0.035,1.1
Organic Rainbow Chard Vegetable,Organic Hass Avocado,1220,0.00036,0.161,0.006,2.44
Bag of Organic Bananas,Organic Refried Black Beans,1071,0.00032,0.003,0.209,1.77
Bag of Organic Bananas,Goo Berry Pie Probugs Kefir,1444,0.00043,0.004,0.226,1.91
Soda,Trail Mix,2407,0.00072,0.065,0.191,17.14
Honey Yoghurt,Bag of Organic Bananas,1830,0.00055,0.187,0.005,1.58
Total 2% All Natural Low Fat 2% Milkfat Greek Strained Yogurt,Organic Avocado,1640,0.00049,0.108,0.009,1.97
Gold Potato,Organic Hass Avocado,1134,0.00034,0.125,0.005,1.9
2% Reduced Fat Milk,Cucumber Kirby,1278,0.00038,0.033,0.013,1.11
Organic Whole Kernel Sweet Corn No Salt Added,Large Lemon,1238,0.00037,0.093,0.008,1.93
Organic Red Bell Pepper,Lime Sparkling Water,1091,0.00033,0.018,0.022,1.26
Strawberries,Organic Large Extra Fancy Fuji Apple,3049,0.00091,0.02,0.039,0.87
Raspberry Preserves,Banana,2524,0.00075,0.242,0.005,1.65
Organic Red Bell Pepper,Organic Cilantro,4939,0.00148,0.082,0.068,3.78
Organic Tomato Cluster,Organic Baby Carrots,2890,0.00086,0.043,0.036,1.8
Organic Whole String Cheese,Asparagus,2023,0.0006,0.033,0.028,1.54
Organic Garbanzo Beans,Honeycrisp Apple,1196,0.00036,0.038,0.014,1.54
Packaged Grape Tomatoes,Hass Avocados,3430,0.00103,0.246,0.065,15.66
Whole Milk,Cucumber Kirby,1146,0.00034,0.031,0.011,1.04
Yellow Onions,Fresh Ginger Root,2307,0.00069,0.03,0.091,3.95
Organic Grade A Free Range Large Brown Eggs,Organic Kiwi,1637,0.00049,0.039,0.031,2.52
Organic Tomato Cluster,Organic Peeled Whole Baby Carrots,2119,0.00063,0.032,0.037,1.83
100% Recycled Paper Towels,Organic Garnet Sweet Potato (Yam),1035,0.00031,0.036,0.019,2.19
Organic Whole Milk,Raspberries,2668,0.0008,0.019,0.044,1.03
Apple Honeycrisp Organic,Air Chilled Organic Boneless Skinless Chicken Breasts,1134,0.00034,0.013,0.065,2.49
Organic Lemon,Red Onion,1035,0.00031,0.011,0.023,0.85
85% Lean Ground Beef,Organic Whole Milk,1721,0.00051,0.135,0.012,3.16
Organic Yams,Banana,4522,0.00135,0.216,0.009,1.47
Organic Red Onion,Organic Garnet Sweet Potato (Yam),4250,0.00127,0.06,0.078,3.68
Organic Spring Mix,Asparagus,1471,0.00044,0.044,0.021,2.09
Unsweetened Almond Milk,Bag of Organic Bananas,1453,0.00043,0.217,0.004,1.84
Boneless Skinless Chicken Breasts,Fresh Cauliflower,2070,0.00062,0.04,0.028,1.78
Organic Whole Milk,Organic Spring Mix Salad,1679,0.0005,0.012,0.076,1.77
Yobaby Organic Plain Yogurt,Banana,1558,0.00047,0.181,0.003,1.24
European Cucumber,Red Vine Tomato,1130,0.00034,0.059,0.02,3.51
Organic Baby Spinach,Medium Navel Orange,1411,0.00042,0.006,0.131,1.74
Organic Lacinato (Dinosaur) Kale,Organic Large Brown Grade AA Cage Free Eggs,1022,0.00031,0.023,0.031,2.29
Organic Free Range Chicken Broth,Organic Hass Avocado,1732,0.00052,0.129,0.008,1.96
Organic Lemon,Organic Old Fashioned Rolled Oats,1098,0.00033,0.012,0.053,1.93
Limes,Organic Large Brown Grade AA Cage Free Eggs,2378,0.00071,0.016,0.072,1.63
Yellow Onions,Spaghetti,1166,0.00035,0.015,0.071,3.08
Baby Food Stage 2 Blueberry Pear & Purple Carrot,Organic Hass Avocado,1394,0.00042,0.153,0.006,2.32
Fancy Eggplant,Large Lemon,1044,0.00031,0.129,0.006,2.68
Organic Reduced Fat 2% Milk,Sparkling Lemon Water,1109,0.00033,0.022,0.032,2.2
Orange Bell Pepper,Organic D'Anjou Pears,1048,0.00031,0.026,0.021,1.68
Red Raspberries,Banana,8304,0.00248,0.3,0.017,2.04
Bag of Organic Bananas,Limes,21813,0.00652,0.055,0.149,1.26
Organic Garlic,Asparagus,5969,0.00178,0.052,0.084,2.46
Organic Heavy Whipping Cream,Organic Whole Milk,3082,0.00092,0.121,0.022,2.83
Bag of Organic Bananas,Icelandic Style Skyr Blueberry Non-fat Yogurt,3091,0.00092,0.008,0.155,1.31
Broccoli Crown,Limes,4614,0.00138,0.103,0.031,2.34
No Salt Added Black Beans,Organic Baby Carrots,1584,0.00047,0.054,0.02,2.26
Toasted Coconut Almondmilk Blend,Organic Raspberries,1003,0.0003,0.075,0.007,1.76
Original No Pulp 100% Florida Orange Juice,Organic Avocado,1729,0.00052,0.086,0.009,1.56
Organic Diced Tomatoes,Organic Avocado,2410,0.00072,0.106,0.013,1.92
Organic Baby Arugula,Organic Basil,2175,0.00065,0.029,0.078,3.44
Organic Strawberries,Asparation/Broccolini/Baby Broccoli,1040,0.00031,0.004,0.061,0.74
Sliced Black Olives,Organic Yellow Onion,1038,0.00031,0.092,0.009,2.63
Grated Parmesan,Organic Avocado,5162,0.00154,0.11,0.028,2.0
Organic Yams,Organic Zucchini,2077,0.00062,0.099,0.019,3.04
Light Brown Sugar,Banana,2363,0.00071,0.171,0.005,1.16
Organic Nectarine,Organic Hass Avocado,2653,0.00079,0.201,0.012,3.05
Jalapeno Peppers,Organic Blueberries,1488,0.00044,0.033,0.014,1.07
Lemon Hummus,Organic Baby Carrots,1394,0.00042,0.082,0.017,3.4
Organic Lactose Free 1% Lowfat Milk,Banana,1577,0.00047,0.201,0.003,1.37
Uncured Genoa Salami,Red Vine Tomato,1132,0.00034,0.026,0.02,1.55
Organic Broccoli,Unsweetened Almondmilk,1082,0.00032,0.027,0.021,1.73
Limes,Organic Low Sodium Chicken Broth,2485,0.00074,0.017,0.136,3.11
Apple Honeycrisp Organic,Sharp Cheddar Cheese,1370,0.00041,0.016,0.044,1.67
100% Whole Wheat Bread,Organic Kiwi,1570,0.00047,0.025,0.03,1.6
Bag of Organic Bananas,Organic Baby Spinach Salad,3149,0.00094,0.008,0.171,1.45
Broccoli & Apple Stage 2 Baby Food,Baby Food Stage 2 Blueberry Pear & Purple Carrot,2032,0.00061,0.288,0.223,105.89
Organic Thompson Seedless Raisins,Bag of Organic Bananas,3698,0.00111,0.286,0.009,2.42
Organic Red Onion,Organic Garbanzo Beans,2509,0.00075,0.035,0.08,3.8
Organic Whole Strawberries,Organic Small Bunch Celery,1896,0.00057,0.058,0.027,2.75
Organic Strawberries,Cream Top Smooth & Creamy Vanilla Yogurt,1000,0.0003,0.004,0.159,1.93
Organic Navel Orange,Organic Half & Half,1527,0.00046,0.034,0.019,1.45
Dha Omega 3 Reduced Fat 2% Milk,Organic Hass Avocado,1070,0.00032,0.102,0.005,1.54
Clementines,Apples,4114,0.00123,0.128,0.319,33.19
Blueberry Yoghurt,Raspberry Yoghurt,3042,0.00091,0.296,0.348,113.14
Bag of Organic Bananas,Celery Hearts,3530,0.00105,0.009,0.257,2.18
Blueberry Muffin Bar,Bag of Organic Bananas,1011,0.0003,0.17,0.003,1.44
Total 0% Nonfat Greek Yogurt,Organic Avocado,3055,0.00091,0.11,0.017,1.99
Strawberries,Boneless Skinless Chicken Breasts,4011,0.0012,0.027,0.077,1.71
Green Bell Pepper,Organic Romaine Lettuce,1821,0.00054,0.031,0.051,2.92
Organic Strawberries,Sparkling Mineral Water,1035,0.00031,0.004,0.055,0.67
Banana,Red Seedless Grapes,1785,0.00053,0.004,0.183,1.25
Broccoli Crown,Organic Italian Parsley Bunch,1460,0.00044,0.032,0.023,1.72
"Organic Red Radish, Bunch",Organic Zucchini,2726,0.00081,0.096,0.025,2.95
Banana,Large Burrito Flour Tortillas,1423,0.00043,0.003,0.225,1.53
Organic Raspberries,Sweet Onion,1342,0.0004,0.009,0.066,1.54
Organic Whole Milk,Michigan Organic Kale,4219,0.00126,0.03,0.06,1.41
Organic Green Leaf Lettuce,Banana,3206,0.00096,0.219,0.007,1.49
Strawberries,Organic Gala Apples,3991,0.00119,0.027,0.053,1.18
Organic Baby Arugula,Organic Granny Smith Apple,2847,0.00085,0.038,0.047,2.06
Seedless Red Grapes,Organic Kiwi,3068,0.00092,0.035,0.059,2.27
Small Hass Avocado,Raspberries,1296,0.00039,0.025,0.021,1.37
100% Whole Wheat Bread,Organic Granny Smith Apple,1356,0.00041,0.021,0.022,1.18
Organic Jalapeno Pepper,Organic Tomato Cluster,1561,0.00047,0.074,0.023,3.7
Blueberries,Fresh Cauliflower,1562,0.00047,0.027,0.021,1.21
Sour Cream,Organic Garlic,1080,0.00032,0.048,0.009,1.41
Organic Salted Butter,Banana,1694,0.00051,0.108,0.003,0.74
Organic Blackberries,Cucumber Kirby,3377,0.00101,0.052,0.034,1.75
Bag of Organic Bananas,Ezekiel 4:9 Bread Organic Sprouted Whole Grain,3770,0.00113,0.01,0.204,1.73
Bag of Organic Bananas,Organic Extra Large Grade AA Brown Eggs,3301,0.00099,0.008,0.233,1.98
Small Hass Avocado,Michigan Organic Kale,1897,0.00057,0.036,0.027,1.74
Organic Navel Orange,Organic Romaine Lettuce,1126,0.00034,0.025,0.031,2.34
Russet Potato,Large Lemon,3710,0.00111,0.121,0.023,2.51
Organic Reduced Fat 2% Milk,Organic Unsweetened Almond Milk,1233,0.00037,0.025,0.021,1.39
Organic Dill,Cucumber Kirby,1142,0.00034,0.069,0.011,2.31
Total 0% Greek Yogurt,Sparkling Water Grapefruit,1215,0.00036,0.045,0.015,1.89
Sharp Cheddar Cheese,Unsalted Butter,1280,0.00038,0.041,0.034,3.67
Bag of Organic Bananas,Mild Salsa,2622,0.00078,0.007,0.173,1.46
Carrots,Jalapeno Peppers,2573,0.00077,0.034,0.058,2.57
Organic Baby Spinach,Organic Garnet Sweet Potato (Yam),12271,0.00367,0.049,0.225,2.99
Organic Baby Spinach,Shredded Mild Cheddar Cheese,4045,0.00121,0.016,0.145,1.93
Green Onions,Organic Baby Arugula,1209,0.00036,0.043,0.016,1.91
Banana,Sparkling Natural Mineral Water,5908,0.00177,0.012,0.132,0.9
Carrots,Organic Garbanzo Beans,2353,0.0007,0.031,0.075,3.35
Organic Butternut Squash,Organic Whole Milk,1607,0.00048,0.078,0.011,1.83
Bag of Organic Bananas,Creamy Almond Butter,3911,0.00117,0.01,0.175,1.48
Apple Honeycrisp Organic,Organic Broccoli Florets,1932,0.00058,0.022,0.056,2.16
Green Beans,Large Lemon,4553,0.00136,0.151,0.028,3.13
Unsweetened Almondmilk,Organic Black Beans,1056,0.00032,0.02,0.027,1.73
Sharp Cheddar Cheese,Organic Yellow Onion,1997,0.0006,0.064,0.017,1.81
Organic Romaine Leaf,Limes,1019,0.0003,0.086,0.007,1.97
Organic Whole Strawberries,Grated Parmesan,1065,0.00032,0.033,0.023,2.33
Clementines,Honeycrisp Apples,1674,0.0005,0.052,0.115,11.96
Russet Potato,Organic Garlic,2080,0.00062,0.068,0.018,1.99
Garlic,Organic Garnet Sweet Potato (Yam),1124,0.00034,0.029,0.021,1.79
Apple Honeycrisp Organic,Uncured Hickory Smoked Sunday Bacon,1077,0.00032,0.012,0.05,1.91
Organic Baby Spinach,Organic Pinto Beans,1915,0.00057,0.008,0.171,2.27
Organic Unsalted Butter,Bag of Organic Bananas,5045,0.00151,0.227,0.013,1.92
Organic Russet Potato,Organic Strawberries,5658,0.00169,0.168,0.021,2.04
Uncured Genoa Salami,Organic Whole Milk,3374,0.00101,0.078,0.024,1.83
Marinara Sauce,Organic Blueberries,1091,0.00033,0.053,0.01,1.67
Organic Yellow Onion,Organic Raspberries,8987,0.00269,0.076,0.063,1.79
Organic Raspberries,Organic Baby Broccoli,3360,0.001,0.024,0.101,2.38
Strawberries,2% Reduced Fat Organic Milk,1355,0.0004,0.009,0.08,1.78
Banana,Organic Half & Half,13646,0.00408,0.028,0.173,1.18
Bag of Organic Bananas,Organic Bunch Beets,3551,0.00106,0.009,0.236,2.0
Organic Grade A Free Range Large Brown Eggs,Organic Hass Avocado,7663,0.00229,0.183,0.035,2.78
Banana,Sea Salt Pita Chips,4326,0.00129,0.009,0.25,1.7
Shredded Parmesan,Organic Yellow Onion,3239,0.00097,0.086,0.028,2.44
Bag of Organic Bananas,Smartwater,1706,0.00051,0.004,0.144,1.22
Organic Lemon,Pure Irish Butter,1634,0.00049,0.018,0.046,1.69
Hass Avocados,0% Greek Strained Yogurt,1425,0.00043,0.027,0.104,6.65
Baby Spinach,Strawberries,1349,0.0004,0.056,0.009,1.24
Organic Garlic,Organic Old Fashioned Rolled Oats,1748,0.00052,0.015,0.084,2.46
Organic Cilantro,Organic Mexican Blend Finely Shredded Cheese,1113,0.00033,0.015,0.058,2.68
Organic Whole String Cheese,Feta Cheese Crumbles,1462,0.00044,0.024,0.043,2.35
Bag of Organic Bananas,Organic Yukon Select Fries,1063,0.00032,0.003,0.206,1.75
Organic Tomato Cluster,Whipped Cream Cheese,1365,0.00041,0.02,0.042,2.12
Organic Lemon,Michigan Organic Kale,5104,0.00153,0.056,0.073,2.67
Bag of Organic Bananas,Organic Whole Milk with DHA Omega-3,2354,0.0007,0.006,0.168,1.42
Uncured Genoa Salami,Lime Sparkling Water,1240,0.00037,0.029,0.026,1.98
Organic Broccoli,Organic Blueberries,2782,0.00083,0.069,0.026,2.2
Organic Whole String Cheese,Roasted Turkey Breast,1027,0.00031,0.017,0.056,3.05
Colby Cheese Sticks,Organic Hass Avocado,1540,0.00046,0.122,0.007,1.84
Total 2% All Natural Greek Strained Yogurt with Honey,Sparkling Water Grapefruit,1329,0.0004,0.056,0.017,2.35
Organic Black Beans,Organic Peeled Whole Baby Carrots,1566,0.00047,0.04,0.027,2.29
Fresh Cauliflower,Uncured Hickory Smoked Sunday Bacon,1017,0.0003,0.014,0.047,2.12
Bag of Organic Bananas,Organic Italian Parsley Bunch,11316,0.00338,0.029,0.18,1.52
Organic Black Beans,Organic Lacinato (Dinosaur) Kale,1560,0.00047,0.039,0.035,2.94
Diced Tomatoes,Banana,3398,0.00102,0.235,0.007,1.6
Total 0% Nonfat Plain Greek Yogurt,Organic Hass Avocado,1444,0.00043,0.095,0.007,1.44
Bag of Organic Bananas,Organic Rainbow Carrots,2992,0.00089,0.008,0.196,1.66
Organic Thompson Seedless Raisins,Organic Baby Spinach,2040,0.00061,0.158,0.008,2.1
Organic Navel Orange,Organic Carrot Bunch,1723,0.00051,0.039,0.046,3.43
Organic Strawberries,Organic Black Beans,6177,0.00185,0.022,0.156,1.9
Organic Yellow Onion,Organic Small Bunch Celery,11465,0.00343,0.097,0.162,4.61
Organic Strawberries,Red Peppers,6709,0.00201,0.024,0.115,1.4
Organic Grade A Free Range Large Brown Eggs,Organic Unsweetened Almond Milk,1497,0.00045,0.036,0.025,1.99
Honeycrisp Apple,Organic Half & Half,3127,0.00093,0.038,0.04,1.59
Bag of Organic Bananas,Organic Broccoli Crown,1745,0.00052,0.004,0.28,2.37
Fat Free Strawberry Yogurt,Organic Strawberries,1190,0.00036,0.117,0.004,1.42
Organic Broccoli,Garlic,1088,0.00033,0.027,0.028,2.34
Organic Broccoli,Organic Russet Potato,1167,0.00035,0.029,0.035,2.87
Green Bell Pepper,Organic Tomato Cluster,4062,0.00121,0.07,0.061,3.51
Yellow Onions,Organic Tomato Cluster,2520,0.00075,0.033,0.038,1.64
100% Whole Wheat Bread,Original Orange Juice,1497,0.00045,0.024,0.058,3.06
Bing Cherries,Cucumber Kirby,1022,0.00031,0.069,0.01,2.31
Bag of Organic Bananas,Organic Jalapeno Pepper,3730,0.00111,0.009,0.177,1.5
Organic Carrot Bunch,Large Lemon,3298,0.00099,0.088,0.021,1.83
Organic Whole String Cheese,Red Vine Tomato,1271,0.00038,0.021,0.022,1.22
Green Beans,Michigan Organic Kale,1625,0.00049,0.054,0.023,2.57
Organic Carrot Bunch,Organic Fuji Apple,1234,0.00037,0.033,0.013,1.18
Jalapeno Peppers,Organic Coconut Milk,1193,0.00036,0.027,0.042,3.17
Organic Frozen Mango Chunks,Banana,1839,0.00055,0.168,0.004,1.15
Green Peas,Organic Avocado,1494,0.00045,0.127,0.008,2.31
Organic Lemon,Total 2% with Strawberry Lowfat Greek Strained Yogurt,1184,0.00035,0.013,0.038,1.41
Total 2% Lowfat Greek Strained Yogurt with Peach,Total 0% Nonfat Greek Yogurt,1053,0.00031,0.051,0.038,6.15
Red Vine Tomato,Organic Peeled Whole Baby Carrots,2002,0.0006,0.035,0.035,2.05
Organic Red Onion,Organic Kiwi,2351,0.0007,0.033,0.045,2.14
Peeled Garlic,Organic Baby Spinach,1021,0.00031,0.158,0.004,2.09
Total 0% Greek Yogurt,Michigan Organic Kale,1084,0.00032,0.04,0.015,1.9
Organic Gala Apples,Cucumber Kirby,3554,0.00106,0.047,0.036,1.58
Organic Nectarine,Organic Whole Milk,1173,0.00035,0.089,0.008,2.08
Organic Strawberries,Organic Sliced Crimini Mushrooms,1228,0.00037,0.004,0.151,1.84
Organic Russet Potato,Cucumber Kirby,1200,0.00036,0.036,0.012,1.19
Organic Plain Greek Whole Milk Yogurt,Organic Raspberries,1615,0.00048,0.134,0.011,3.14
Organic Italian Parsley Bunch,Organic Green Cabbage,1673,0.0005,0.027,0.076,4.01
Fat Free Milk,Limes,1455,0.00043,0.048,0.01,1.09
Organic Free Range Low Sodium Chicken Broth,Organic Hass Avocado,1044,0.00031,0.137,0.005,2.07
Broccoli & Apple Stage 2 Baby Food,Banana,1711,0.00051,0.243,0.003,1.65
Organic Strawberries,Organic Whole Milk,24767,0.0074,0.09,0.173,2.11
Organic Whole Milk,Shredded Mozzarella,2587,0.00077,0.018,0.113,2.64
Organic Milk,Organic Grape Tomatoes,1213,0.00036,0.042,0.014,1.6
Organic Baby Arugula,Shredded Mild Cheddar Cheese,1057,0.00032,0.014,0.038,1.68
Strawberries,0% Greek Strained Yogurt,1185,0.00035,0.008,0.087,1.94
Organic Whole String Cheese,Organic Small Curd Cottage Cheese,1032,0.00031,0.017,0.086,4.68
Organic Baby Spinach,Organic Lacinato (Dinosaur) Kale,9087,0.00272,0.036,0.203,2.69
Green Onions,Organic Baby Spinach,2603,0.00078,0.093,0.01,1.24
Banana,Organic Spring Mix,5423,0.00162,0.011,0.164,1.11
Organic Sticks Low Moisture Part Skim Mozzarella String Cheese,Organic Zucchini,1787,0.00053,0.05,0.016,1.54
Organic Garlic,Feta Cheese Crumbles,3344,0.001,0.029,0.099,2.91
Organic Granny Smith Apple,Organic Avocado,5897,0.00176,0.096,0.032,1.75
No Pulp Calcium & Vitamin D Pure Orange Juice,Banana,2516,0.00075,0.272,0.005,1.85
Organic Raspberries,Organic Fuji Apple,5256,0.00157,0.037,0.057,1.33
Organic Nectarine,Organic Yellow Peaches,2035,0.00061,0.154,0.093,23.47
Organic Strawberries,Vine Ripe Tomatoes,1116,0.00033,0.004,0.069,0.84
Limes,Green Peas,1174,0.00035,0.008,0.1,2.28
Apple Honeycrisp Organic,Organic Romaine Lettuce,1799,0.00054,0.021,0.05,1.91
Organic Lemon,Organic Large Extra Fancy Fuji Apple,5614,0.00168,0.062,0.072,2.64
Apple Honeycrisp Organic,Organic Red Bell Pepper,4533,0.00135,0.052,0.076,2.9
Carrots,Organic Bartlett Pear,2175,0.00065,0.029,0.056,2.5
100% Raw Coconut Water,Unsweetened Almondmilk,1703,0.00051,0.043,0.033,2.8
Ezekiel 4:9 Bread Organic Sprouted Whole Grain,Original Hummus,1079,0.00032,0.058,0.015,2.63
Banana,Organic Grade A Large Brown Eggs,3323,0.00099,0.007,0.2,1.37
Organic Baby Spinach,Vanilla Unsweetened Almond Milk,1438,0.00043,0.006,0.125,1.66
Organic Lightly Salted Brown Rice Cakes,Organic Hass Avocado,1066,0.00032,0.122,0.005,1.85
Organic Yellow Peaches,Honeycrisp Apple,1074,0.00032,0.049,0.013,1.96
Limes,Organic Hothouse Cucumbers,2488,0.00074,0.017,0.1,2.29
Organic Bread with 21 Whole Grains,Organic Strawberries,3789,0.00113,0.158,0.014,1.92
Organic Strawberries,Organic Lacinato (Dinosaur) Kale,6260,0.00187,0.023,0.14,1.7
Organic Kiwi,Organic Half & Half,1472,0.00044,0.028,0.019,1.2
Organic Blackberries,Bunched Cilantro,1136,0.00034,0.018,0.024,1.24
Jalapeno Peppers,Red Peppers,2634,0.00079,0.059,0.045,3.41
Organic Lemon,Total Greek Strained Yogurt,1504,0.00045,0.016,0.055,2.01
Organic Red Onion,Organic Baby Broccoli,2047,0.00061,0.029,0.062,2.92
Organic Bartlett Pear,Cucumber Kirby,1511,0.00045,0.039,0.015,1.31
Organic Whole Milk,Icelandic Style Skyr Blueberry Non-fat Yogurt,1190,0.00036,0.008,0.06,1.4
Boneless Skinless Chicken Breasts,Organic Raspberries,1787,0.00053,0.034,0.013,0.8
Organic Chopped Spinach,Organic Zucchini,1145,0.00034,0.093,0.01,2.83
Blueberries,Limes,3636,0.00109,0.062,0.025,1.42
Frozen Organic Wild Blueberries,Organic Blackberries,2228,0.00067,0.072,0.034,3.73
Bag of Organic Bananas,Organic Penne Rigate,1846,0.00055,0.005,0.236,2.0
Small Hass Avocado,Boneless Skinless Chicken Breast,1089,0.00033,0.021,0.046,2.97
Oats & Honey Gluten Free Granola,Banana,2270,0.00068,0.274,0.005,1.86
Original Hummus,Organic Half & Half,2300,0.00069,0.031,0.029,1.31
Organic Baby Spinach,Original Hot Sauce,1284,0.00038,0.005,0.102,1.36
Flaky Biscuits,Organic Strawberries,1190,0.00036,0.165,0.004,2.0
Red Vine Tomato,Organic Romaine Lettuce,1850,0.00055,0.033,0.051,3.03
Limes,Romaine Hearts,1668,0.0005,0.011,0.062,1.41
European Cucumber,Organic Baby Arugula,1013,0.0003,0.053,0.013,2.35
Banana,Naked Green Machine Boosted Juice Smoothie,1044,0.00031,0.002,0.169,1.15
Spring Water,Organic Whole Milk,2580,0.00077,0.044,0.018,1.04
Organic Heavy Whipping Cream,Asparagus,1018,0.0003,0.04,0.014,1.88
Garlic Couscous,Banana,1641,0.00049,0.253,0.003,1.72
Organic Reduced Fat Milk,Sparkling Water Grapefruit,1108,0.00033,0.03,0.014,1.27
Apples,Raspberries,1127,0.00034,0.087,0.018,4.8
Organic Fuji Apple,Organic Garbanzo Beans,1147,0.00034,0.012,0.037,1.32
Organic Shredded Mozzarella,Grated Parmesan,1746,0.00052,0.092,0.037,6.54
Boneless Skinless Chicken Breast,Original Hummus,1083,0.00032,0.046,0.015,2.08
Organic Fat Free Milk,Large Lemon,1611,0.00048,0.059,0.01,1.22
Red Raspberries,Asparagus,1364,0.00041,0.049,0.019,2.31
Brussels Sprouts,Honeycrisp Apple,1004,0.0003,0.043,0.012,1.72
Organic Large Extra Fancy Fuji Apple,Organic Avocado,6276,0.00188,0.08,0.034,1.46
Organic Yellow Onion,Organic Grape Tomatoes,7022,0.0021,0.06,0.08,2.27
Organic Yellow Onion,Red Onion,2127,0.00064,0.018,0.048,1.36
Organic Red Onion,Limes,11474,0.00343,0.162,0.078,3.7
Unsweetened Almondmilk,Fresh Cauliflower,2130,0.00064,0.041,0.029,1.86
Organic Italian Parsley Bunch,Organic Hass Avocado,9253,0.00277,0.147,0.042,2.22
Banana,Organic Blueberries,19907,0.00595,0.041,0.19,1.29
Organic Coconut Milk,Limes,4749,0.00142,0.168,0.032,3.83
No Salt Added Black Beans,Cucumber Kirby,2854,0.00085,0.098,0.029,3.28
Chicken & Maple Breakfast Sausage,Organic Avocado,1974,0.00059,0.103,0.011,1.87
Organic Baby Spinach,Organic Whole Wheat Bread,1730,0.00052,0.007,0.15,1.99
"Organic Red Radish, Bunch",Organic Grape Tomatoes,2481,0.00074,0.088,0.028,3.33
Organic Whole Milk,Organic Cilantro,5231,0.00156,0.037,0.072,1.68
100% Whole Wheat Bread,Oven Roasted Turkey Breast,1253,0.00037,0.02,0.06,3.17
Yellow Onions,Crushed Tomatoes,1236,0.00037,0.016,0.1,4.35
Organic Unsalted Butter,Organic Whole String Cheese,1128,0.00034,0.051,0.018,2.75
Banana,Classic Hummus Family Size,1687,0.0005,0.003,0.275,1.87
Organic Romaine Lettuce,Organic Garnet Sweet Potato (Yam),1458,0.00044,0.04,0.027,2.48
Banana,Black Beans,3376,0.00101,0.007,0.237,1.61
Organic Navel Orange,Organic Broccoli,1628,0.00049,0.036,0.04,3.02
Lemon Hummus,Limes,1542,0.00046,0.09,0.011,2.06
Organic Baby Arugula,Goat Cheese Crumbles,1595,0.00048,0.021,0.114,5.03
Organic Shredded Mozzarella,Large Lemon,1273,0.00038,0.067,0.008,1.39
Small Hass Avocado,Organic Yellow Onion,2885,0.00086,0.055,0.025,1.57
Organic Broccoli Crowns,Organic Zucchini,2152,0.00064,0.112,0.02,3.44
100% Raw Coconut Water,Organic Small Bunch Celery,1604,0.00048,0.041,0.023,1.93
Organic D'Anjou Pears,Organic Black Beans,1398,0.00042,0.028,0.035,2.33
Organic Reduced Fat 2% Milk,Organic Italian Parsley Bunch,1326,0.0004,0.027,0.021,1.43
Apple Honeycrisp Organic,Chicken & Maple Breakfast Sausage,1123,0.00034,0.013,0.059,2.25
Organic Strawberries,Organic String Cheese,1141,0.00034,0.004,0.179,2.17
Organic Broccoli Florets,Michigan Organic Kale,1142,0.00034,0.033,0.016,1.59
Sour Cream,Cucumber Kirby,1425,0.00043,0.063,0.014,2.12
Organic Large Extra Fancy Fuji Apple,Organic Banana,1250,0.00037,0.016,0.06,2.56
Organic Navel Orange,Organic Kiwi,3195,0.00095,0.071,0.061,4.6
Mint,Organic Avocado,1315,0.00039,0.121,0.007,2.2
Organic Tomato Paste,Carrots,1814,0.00054,0.099,0.024,4.4
Limes,Brussels Sprouts,1907,0.00057,0.013,0.081,1.86
Boneless Skinless Chicken Breasts,Organic Garbanzo Beans,1029,0.00031,0.02,0.033,2.11
Broccoli Crown,Large Lemon,7327,0.00219,0.163,0.046,3.39
Organic Frozen Peas,Organic Italian Parsley Bunch,1122,0.00034,0.053,0.018,2.84
Organic Baby Spinach,Organic Blackberries,7808,0.00233,0.031,0.121,1.61
Asparagus,Organic Hass Avocado,8883,0.00265,0.125,0.04,1.89
Bag of Organic Bananas,Bicolor Sweet Corn,1446,0.00043,0.004,0.148,1.25
Total 2% Lowfat Greek Strained Yogurt With Blueberry,Organic Strawberries,2793,0.00083,0.13,0.01,1.58
Organic Blackberries,Organic Small Bunch Celery,2106,0.00063,0.033,0.03,1.54
Organic Large Extra Fancy Fuji Apple,Organic Unsweetened Almond Milk,3144,0.00094,0.04,0.052,2.24
Organic 2% Reduced Fat Milk,Strawberries,1339,0.0004,0.055,0.009,1.24
Seedless Red Grapes,Organic Cucumber,3413,0.00102,0.039,0.04,1.55
Broccoli Crown,Organic Half & Half,1238,0.00037,0.028,0.016,1.17
Organic Greek Lowfat Yogurt With Strawberries,Organic Greek Nonfat Yogurt With Mixed Berries,1531,0.00046,0.233,0.214,108.93
"Crispy Wheat, Crackers",Banana,1659,0.0005,0.214,0.003,1.46
Half & Half,Lime Sparkling Water,2469,0.00074,0.034,0.051,2.38
Gluten Free SpongeBob Spinach Littles,Organic Strawberries,1550,0.00046,0.211,0.006,2.56
Organic Baby Arugula,Organic Large Green Asparagus,1238,0.00037,0.016,0.062,2.73
Organic Strawberries,Organic Whole Milk Strawberry Beet Berry Yogurt Pouch,1511,0.00045,0.005,0.232,2.81
Organic Grape Tomatoes,Organic Bartlett Pear,2456,0.00073,0.028,0.063,2.41
Shredded Parmesan,Organic Half & Half,1511,0.00045,0.04,0.019,1.7
Organic Baby Spinach,Almonds & Sea Salt in Dark Chocolate,1531,0.00046,0.006,0.115,1.52
Boneless Skinless Chicken Breast,Organic Grape Tomatoes,1284,0.00038,0.055,0.015,2.07
Organic Large Extra Fancy Fuji Apple,Organic Sour Cream,1087,0.00032,0.014,0.039,1.68
Organic Large Extra Fancy Fuji Apple,"Clementines, Bag",1594,0.00048,0.02,0.039,1.65
Organic Navel Orange,Honeycrisp Apple,2490,0.00074,0.056,0.03,2.24
Green Bell Pepper,Organic Whole Strawberries,1133,0.00034,0.02,0.035,2.0
Organic Whole Strawberries,Organic Zucchini,2326,0.0007,0.071,0.021,2.18
Banana,Organic Baby Broccoli,5221,0.00156,0.011,0.158,1.07
Organic Raspberries,Cherubs Heavenly Salad Tomatoes,1073,0.00032,0.008,0.048,1.12
Shallot,Organic Baby Spinach,2472,0.00074,0.136,0.01,1.81
Green Tea With Ginseng and Honey,Bag of Organic Bananas,2004,0.0006,0.173,0.005,1.46
Organic Large Green Asparagus,Organic Cilantro,1197,0.00036,0.06,0.016,2.74
Bag of Organic Bananas,Everything Bagels,1348,0.0004,0.003,0.168,1.42
Provolone,Organic Avocado,1145,0.00034,0.132,0.006,2.39
Organic Baby Spinach,Organic Granny Smith Apple,9896,0.00296,0.039,0.162,2.15
Total 2% Lowfat Plain Greek Yogurt,Organic Strawberries,2413,0.00072,0.143,0.009,1.74
Small Hass Avocado,Jalapeno Peppers,1293,0.00039,0.025,0.029,1.87
Organic Unsweetened Almond Milk,Organic Old Fashioned Rolled Oats,1274,0.00038,0.021,0.061,3.4
Pure Coconut Water,Organic Strawberries,2290,0.00068,0.121,0.008,1.47
Organic Strawberries,Organic Reduced Fat Milk,7375,0.0022,0.027,0.2,2.43
Organic Celery Hearts,Organic Baby Spinach,4673,0.0014,0.188,0.019,2.5
Organic Milk,Bag of Organic Bananas,7006,0.00209,0.243,0.018,2.06
Organic Tomato Paste,Organic Grape Tomatoes,1009,0.0003,0.055,0.011,2.09
Fresh Cauliflower,Organic Black Beans,2005,0.0006,0.027,0.051,2.28
Organic Cucumber,Unsweetened Vanilla Almond Milk,1086,0.00032,0.013,0.039,1.55
Banana,Bunny Pasta with Yummy Cheese Macaroni & Cheese,2423,0.00072,0.005,0.287,1.96
Organic Distilled White Vinegar,Bag of Organic Bananas,1876,0.00056,0.198,0.005,1.67
Organic Grade A Free Range Large Brown Eggs,Sparkling Water Grapefruit,1449,0.00043,0.035,0.018,1.46
Taco Seasoning,Organic Avocado,1576,0.00047,0.168,0.009,3.05
Organic Large Grade AA Brown Eggs,Organic Tomato Cluster,1365,0.00041,0.051,0.02,2.57
"YoKids Squeezers Organic Low-Fat Yogurt, Strawberry",Organic Baby Carrots,1412,0.00042,0.069,0.018,2.89
Organic AppleApple,Organic Avocado,1866,0.00056,0.111,0.01,2.02
Organic Cilantro,Feta Cheese Crumbles,1960,0.00059,0.027,0.058,2.66
Taco Seasoning,Organic Strawberries,1672,0.0005,0.178,0.006,2.16
Organic Reduced Fat 2% Milk,Lime Sparkling Water,1385,0.00041,0.028,0.029,1.93
Italian Extra Virgin Olive Oil,Banana,2823,0.00084,0.219,0.006,1.49
Organic Red Onion,Organic Blackberries,2138,0.00064,0.03,0.033,1.56
Organic Yellow Onion,Organic Large Grade A Brown Eggs,1052,0.00031,0.009,0.072,2.04
Limes,Hass Avocado,1492,0.00045,0.01,0.078,1.77
Organic Banana,Organic Gala Apples,1182,0.00035,0.057,0.016,2.5
Sharp Cheddar Cheese,Organic Tomato Cluster,1145,0.00034,0.036,0.017,1.82
Apple Honeycrisp Organic,Organic Beef Hot Dogs,1014,0.0003,0.012,0.058,2.24
Peach Pear Flavored Sparkling Water,Organic Whole Milk,1134,0.00034,0.051,0.008,1.2
Blueberries,Organic Granny Smith Apple,1046,0.00031,0.018,0.017,0.98
Red Raspberries,Organic Gala Apples,1132,0.00034,0.041,0.015,1.81
Total Greek Strained Yogurt,Organic Grape Tomatoes,1253,0.00037,0.046,0.014,1.74
Large Yellow Flesh Nectarine,Large Lemon,1098,0.00033,0.07,0.007,1.47
Organic Baby Carrots,Cucumber Kirby,6052,0.00181,0.075,0.061,2.52
Soft Pretzel Burger Buns,Bag of Organic Bananas,1154,0.00034,0.171,0.003,1.45
Organic Red Onion,Asparagus,4153,0.00124,0.059,0.058,2.76
Organic Garlic,Roma Tomato,1893,0.00057,0.017,0.045,1.32
Yellow Onions,Broccoli Crown,3142,0.00094,0.041,0.07,3.04
Organic Baby Spinach,Organic Red Chard Greens,2170,0.00065,0.009,0.191,2.54
Strawberries,Bunched Cilantro,3403,0.00102,0.023,0.072,1.61
Organic Cilantro,Organic Reduced Fat Milk,1200,0.00036,0.016,0.033,1.49
Red Peppers,Organic Blackberries,1715,0.00051,0.029,0.027,1.53
Organic Baby Spinach,Super Greens Salad,1428,0.00043,0.006,0.09,1.19
Strawberries,Whipped Cream Cheese,2179,0.00065,0.015,0.068,1.51
Organic Cucumber,Organic Ginger Root,5156,0.00154,0.061,0.095,3.75
Strawberries,Honeycrisp Apples,2598,0.00078,0.017,0.179,4.0
Organic Red Onion,Organic White Onions,2062,0.00062,0.029,0.084,3.98
Gluten Free SpongeBob Spinach Littles,Banana,1838,0.00055,0.25,0.004,1.71
100% Raw Coconut Water,Organic Raspberries,4365,0.0013,0.111,0.031,2.61
Total 2% Lowfat Greek Strained Yogurt With Blueberry,Organic Fuji Apple,1544,0.00046,0.072,0.017,2.6
Organic Orzo,Banana,1158,0.00035,0.215,0.002,1.46
Limes,Organic Kiwi,4550,0.00136,0.031,0.087,2.0
Original Hummus,Organic Garnet Sweet Potato (Yam),2232,0.00067,0.03,0.041,1.85
Bag of Organic Bananas,Large Grapefruit,3419,0.00102,0.009,0.153,1.3
Organic Whole Strawberries,Organic Kiwi,1267,0.00038,0.039,0.024,2.5
Organic Lemon,Shredded Mild Cheddar Cheese,1008,0.0003,0.011,0.036,1.33
Organic Blueberries,Organic Granny Smith Apple,3514,0.00105,0.033,0.057,1.83
Blackberries,Raspberries,6185,0.00185,0.258,0.102,14.19
Organic Yellow Onion,Organic Bunch Beets,1647,0.00049,0.014,0.109,3.11
Jalapeno Peppers,Roma Tomato,2357,0.0007,0.053,0.056,4.21
Blueberries,Raspberries,6096,0.00182,0.105,0.1,5.75
Orange Bell Pepper,Red Vine Tomato,2051,0.00061,0.05,0.036,2.95
Organic Romaine Lettuce,Organic Hass Avocado,6317,0.00189,0.175,0.029,2.66
Organic Baby Spinach Salad,Original Hummus,1303,0.00039,0.071,0.018,3.2
Sharp Cheddar Cheese,Organic Blueberries,1005,0.0003,0.032,0.01,1.02
Organic Sticks Low Moisture Part Skim Mozzarella String Cheese,Organic Kiwi,1530,0.00046,0.043,0.029,2.77
Fresh Cauliflower,Organic Romaine Lettuce,2199,0.00066,0.03,0.061,2.75
Seedless Red Grapes,Organic Peeled Whole Baby Carrots,2887,0.00086,0.033,0.05,1.93
Organic Baby Spinach,Large Grapefruit,3199,0.00096,0.013,0.143,1.91
Strawberries,Organic Kiwi,3291,0.00098,0.022,0.063,1.42
Shredded Mozzarella,Organic Baby Carrots,1236,0.00037,0.054,0.015,2.24
Limes,"Super Spinach! Baby Spinach, Baby Bok Choy, Sweet Baby Kale",1214,0.00036,0.008,0.079,1.81
Organic Leek,Organic Whole Milk,1549,0.00046,0.076,0.011,1.78
"Clementines, Bag",Large Lemon,2674,0.0008,0.065,0.017,1.35
Vanilla Almond Breeze Almond Milk,Apple Honeycrisp Organic,1035,0.00031,0.032,0.012,1.23
Organic Garlic,Organic Spring Mix,1793,0.00054,0.016,0.054,1.59
Organic Shredded Mozzarella,Limes,1343,0.0004,0.071,0.009,1.61
Extra Virgin Olive Oil,Organic Garbanzo Beans,1362,0.00041,0.026,0.044,2.79
Bag of Organic Bananas,Gold Potato,1951,0.00058,0.005,0.216,1.83
Organic Red Bell Pepper,Organic Whole Milk,4552,0.00136,0.076,0.032,1.78
Organic Diced Tomatoes,Green Bell Pepper,1603,0.00048,0.07,0.028,4.05
Organic Strawberries,Organic Nonfat Greek Yogurt With Peaches,1035,0.00031,0.004,0.166,2.01
Unsalted Pure Irish Butter,Organic Avocado,1776,0.00053,0.086,0.01,1.57
Organic Baby Spinach,Low Fat Vanilla Yogurt,1156,0.00035,0.005,0.153,2.04
Banana,Large Brown Eggs,3054,0.00091,0.006,0.255,1.74
Strawberries,Organic Spring Mix Salad,1277,0.00038,0.009,0.058,1.29
100% Whole Wheat Bread,Original Hummus,1591,0.00048,0.025,0.021,1.14
Fresh Mozzarella Ball,Large Lemon,1239,0.00037,0.117,0.008,2.44
Garlic,Organic Basil,1493,0.00045,0.039,0.054,4.65
Seedless Red Grapes,Broccoli Crown,2817,0.00084,0.032,0.063,2.42
Bag of Organic Bananas,Organic Ketchup,3485,0.00104,0.009,0.219,1.86
Organic Strawberries,Berry Medley,1598,0.00048,0.006,0.107,1.3
Organic Blueberries,Red Onion,1422,0.00042,0.014,0.032,1.02
Organic Large Extra Fancy Fuji Apple,Cucumber Kirby,2483,0.00074,0.032,0.025,1.07
Large Pineapple Chunks,Large Lemon,1064,0.00032,0.185,0.007,3.85
Tomato Paste,Organic Yellow Onion,1278,0.00038,0.108,0.011,3.08
Total 0% with Honey Nonfat Greek Strained Yogurt,Total 0% Nonfat Greek Yogurt,1228,0.00037,0.106,0.044,12.69
Organic Yellow Peaches,Organic Avocado,1990,0.00059,0.09,0.011,1.64
Traditional Hummus,Organic Strawberries,1223,0.00037,0.143,0.004,1.74
Jalapeno Peppers,Organic Small Bunch Celery,2135,0.00064,0.048,0.03,2.27
Bag of Organic Bananas,Carrots,12979,0.00388,0.033,0.173,1.46
Organic Roasted Turkey Breast,Organic Avocado,2564,0.00077,0.087,0.014,1.58
Small Hass Avocado,Sparkling Water Grapefruit,1910,0.00057,0.037,0.024,1.55
Kale Greens,Large Lemon,1566,0.00047,0.123,0.01,2.55
Carrots,Brussels Sprouts,1405,0.00042,0.019,0.06,2.67
Bag of Organic Bananas,Shredded Mozzarella,3178,0.00095,0.008,0.139,1.17
Organic Strawberries,Organic Basil,3900,0.00117,0.014,0.14,1.7
Bag of Organic Bananas,Iced Oatmeal Cookie Kid Z Bar,1275,0.00038,0.003,0.218,1.85
Bag of Organic Bananas,Honeycrisp Apples,2712,0.00081,0.007,0.186,1.58
Organic Carrot Bunch,Limes,3632,0.00109,0.097,0.025,2.21
Total 0% Raspberry Yogurt,Total 0% Blueberry Acai Greek Yogurt,1275,0.00038,0.101,0.207,54.96
Seedless Red Grapes,Organic Reduced Fat Milk,2126,0.00064,0.025,0.058,2.22
Organic Low Sodium Chicken Broth,Cucumber Kirby,1095,0.00033,0.06,0.011,2.01
Lightly Salted Baked Snap Pea Crisps,Sparkling Water Grapefruit,1571,0.00047,0.061,0.02,2.56
Bag of Organic Bananas,Air Chilled Breaded Chicken Breast Nuggets,1749,0.00052,0.004,0.197,1.67
Soda,Strawberries,1790,0.00053,0.048,0.012,1.07
Sparkling Lemon Water,Organic Raspberries,1981,0.00059,0.058,0.014,1.36
Spring Water,Organic Cucumber,2318,0.00069,0.04,0.027,1.56
Tilapia Filet,Organic Yellow Onion,1133,0.00034,0.074,0.01,2.11
Limes,Large Grapefruit,2535,0.00076,0.017,0.114,2.59
100% Whole Wheat Bread,2% Reduced Fat Milk,1483,0.00044,0.023,0.038,2.04
Organic Strawberries,Sea Salt & Vinegar Potato Chips,1820,0.00054,0.007,0.118,1.44
Mini Original Babybel Cheese,Sparkling Water Grapefruit,1030,0.00031,0.065,0.013,2.73
Organic Strawberries,Whole Wheat English Muffins,1065,0.00032,0.004,0.157,1.9
Cherubs Heavenly Salad Tomatoes,Red Onion,1135,0.00034,0.05,0.026,3.78
Organic Roasted Turkey Breast,Organic Unsweetened Almond Milk,1110,0.00033,0.038,0.018,2.1
Organic Bell Pepper,Large Lemon,2026,0.00061,0.083,0.013,1.73
European Cucumber,Organic Zucchini,1117,0.00033,0.059,0.01,1.79
Russet Potato,Sour Cream,1061,0.00032,0.035,0.047,5.12
Banana,Organic Bunch Beets,2232,0.00067,0.005,0.148,1.01
Roasted Red Pepper Hummus,Organic Strawberries,1670,0.0005,0.094,0.006,1.14
Roasted Red Pepper Hummus,Organic Baby Spinach,1842,0.00055,0.103,0.007,1.37
Small Hass Avocado,Blueberries,2200,0.00066,0.042,0.038,2.42
Sugar Snap Peas,Organic Baby Carrots,1273,0.00038,0.086,0.016,3.58
Banana,Pure Irish Butter,4921,0.00147,0.01,0.139,0.95
Small Hass Avocado,Half & Half,1826,0.00055,0.035,0.025,1.64
Basil Pesto,Organic Whole Milk,1323,0.0004,0.081,0.009,1.9
Organic Homestyle Waffles,Organic Hass Avocado,1217,0.00036,0.136,0.006,2.05
Organic Grade A Free Range Large Brown Eggs,Organic Lacinato (Dinosaur) Kale,1018,0.0003,0.024,0.023,1.82
Organic Grade A Free Range Large Brown Eggs,Grape White/Green Seedless,1035,0.00031,0.025,0.026,2.05
Bag of Organic Bananas,Organic Nectarine,3050,0.00091,0.008,0.231,1.96
Cinnamon Rolls with Icing,Crescent Rolls,1019,0.0003,0.081,0.12,32.01
Cherry Pomegranate Greek Yogurt,Fat Free Strawberry Yogurt,1562,0.00047,0.221,0.154,72.81
Limes,Michigan Organic Kale,7565,0.00226,0.052,0.108,2.46
Whole Milk Plain Yogurt,Banana,3812,0.00114,0.241,0.008,1.64
Sharp Cheddar Cheese,Organic Avocado,3194,0.00095,0.102,0.017,1.85
Air Chilled Organic Boneless Skinless Chicken Breasts,Organic Baby Carrots,1123,0.00034,0.064,0.014,2.67
Bag of Organic Bananas,Sweet Baguette,1152,0.00034,0.003,0.16,1.36
Organic Large Extra Fancy Fuji Apple,Organic Leek,1002,0.0003,0.013,0.049,2.1
Blueberries,Sparkling Water Grapefruit,1303,0.00039,0.022,0.016,0.94
Cantaloupe,Banana,6463,0.00193,0.257,0.013,1.75
Organic Strawberries,Organic Whole Wheat Fusilli,1188,0.00036,0.004,0.165,2.0
Bag of Organic Bananas,Honey Nut Cheerios,3969,0.00119,0.01,0.142,1.2
Organic Strawberries,Organic Red Grapes,2662,0.0008,0.01,0.278,3.37
Lemon Hummus,Banana,3902,0.00117,0.229,0.008,1.56
Organic Yellow Onion,"Clementines, Bag",1414,0.00042,0.012,0.034,0.97
Organic Heavy Whipping Cream,Organic Small Bunch Celery,1164,0.00035,0.046,0.016,2.16
Organic Lemon,Organic Whole Grain Wheat English Muffins,1026,0.00031,0.011,0.073,2.67
Organic Frozen Peas,Original Hummus,1128,0.00034,0.054,0.015,2.43
Organic Fuji Apple,Pineapple Chunks,1098,0.00033,0.012,0.042,1.52
Banana,Organic Strawberry Smoothie,3108,0.00093,0.006,0.258,1.76
Bok Choy,Bag of Organic Bananas,1073,0.00032,0.167,0.003,1.42
Organic Raspberries,Organic Tomato Basil Pasta Sauce,1340,0.0004,0.009,0.076,1.79
Grated Parmesan,Unsalted Butter,1890,0.00056,0.04,0.051,3.63
Green Bell Pepper,Feta Cheese Crumbles,1434,0.00043,0.025,0.042,2.45
Unsweetened Original Almond Breeze Almond Milk,Large Lemon,3083,0.00092,0.086,0.019,1.78
Organic Whole Grain Wheat English Muffins,Organic Yellow Onion,1085,0.00032,0.077,0.009,2.19
Bag of Organic Bananas,Organic Hot House Tomato,1878,0.00056,0.005,0.238,2.02
Yellow Onions,"Organic Red Radish, Bunch",1181,0.00035,0.015,0.042,1.82
Gluten Free Dark Chocolate Chunk Chewy with a Crunch Granola Bars,Oats & Honey Gluten Free Granola,1952,0.00058,0.176,0.235,71.22
Organic Reduced Fat 2% Milk,Carrots,1651,0.00049,0.033,0.022,1.49
Organic Strawberries,Total 0% Raspberry Yogurt,1222,0.00037,0.004,0.097,1.18
Organic Garlic,Organic Black Beans,3963,0.00118,0.035,0.1,2.94
Orange Bell Pepper,Organic Zucchini,3787,0.00113,0.092,0.035,2.82
Seedless Cucumbers,Romaine Hearts,1241,0.00037,0.087,0.046,10.8
Orange Bell Pepper,Organic Granny Smith Apple,1312,0.00039,0.032,0.021,1.75
Organic Whole String Cheese,Half & Half,3166,0.00095,0.051,0.044,2.4
Half & Half,Whipped Cream Cheese,1987,0.00059,0.028,0.062,2.88
Russet Potato,Boneless Skinless Chicken Breasts,1564,0.00047,0.051,0.03,3.25
Organic Homestyle Waffles,Organic Whole Milk,1261,0.00038,0.14,0.009,3.29
Organic D'Anjou Pears,Organic Zucchini,4546,0.00136,0.089,0.042,2.74
Organic Mint,Organic Small Bunch Celery,1586,0.00047,0.077,0.022,3.66
Sustainably Soft Bath Tissue,Organic Avocado,1498,0.00045,0.079,0.008,1.43
Yellow Onions,"Cage Free Brown Eggs-Large, Grade A",1027,0.00031,0.013,0.078,3.41
Limes,Organic Garnet Sweet Potato (Yam),5595,0.00167,0.038,0.103,2.34
Organic Sunday Bacon,Banana,1498,0.00045,0.116,0.003,0.79
Organic Broccoli Crowns,Organic Blueberries,1040,0.00031,0.054,0.01,1.73
Organic Raspberries,Organic 21 Grain Thin Sliced Bread,1310,0.00039,0.009,0.107,2.5
Organic Baby Spinach,Organic Green Cabbage,3491,0.00104,0.014,0.158,2.1
Organic Bread with 21 Whole Grains,Organic Baby Spinach,3019,0.0009,0.126,0.012,1.68
Organic Baby Carrots,Pineapple Chunks,1272,0.00038,0.016,0.049,2.03
Organic Roma Tomato,Fresh Cauliflower,1968,0.00059,0.064,0.027,2.91
Cherubs Heavenly Salad Tomatoes,Cucumber Kirby,1822,0.00054,0.081,0.018,2.71
Fat Free Milk,Organic Raspberries,1014,0.0003,0.033,0.007,0.78
Bag of Organic Bananas,Organic Sea Salt Roasted Seaweed Snacks,2419,0.00072,0.006,0.226,1.92
Creamy Almond Butter,Large Lemon,1501,0.00045,0.067,0.009,1.4
Organic Russet Potato,Organic Whole String Cheese,1271,0.00038,0.038,0.021,2.05
Shallot,Limes,3275,0.00098,0.18,0.022,4.11
Large Lemon,Organic Green Cabbage,1548,0.00046,0.01,0.07,1.46
Unsweetened Almondmilk,Banana,9835,0.00294,0.19,0.02,1.29
Organic Strawberries,Organic Romaine Lettuce,5889,0.00176,0.021,0.163,1.98
Organic Jalapeno Pepper,Organic Grape Tomatoes,1383,0.00041,0.066,0.016,2.49
Organic Thompson Seedless Raisins,Banana,2811,0.00084,0.217,0.006,1.48
Organic Broccoli Florets,Cucumber Kirby,1173,0.00035,0.034,0.012,1.15
Organic Raspberries,Cream Cheese Spread,1299,0.00039,0.009,0.105,2.46
Organic Yellow Onion,Natural Chicken & Sage Breakfast Sausage,1033,0.00031,0.009,0.068,1.94
Organic Lemon,Organic Bell Pepper,1964,0.00059,0.022,0.081,2.96
Limes,Bicolor Sweet Corn,1344,0.0004,0.009,0.138,3.14
Banana,Organic Chicken Noodle Soup,1537,0.00046,0.003,0.227,1.55
Shredded Parmesan,Unsalted Butter,1314,0.00039,0.035,0.035,3.14
Banana,Creamy Almond Butter,4332,0.00129,0.009,0.194,1.32
Jalapeno Peppers,Asparagus,2116,0.00063,0.048,0.03,2.24
Organic Romaine Lettuce,Cucumber Kirby,2772,0.00083,0.077,0.028,2.58
Blackberries,Large Lemon,1271,0.00038,0.053,0.008,1.1
Organic Raspberries,Organic Large Brown Grade AA Cage Free Eggs,4846,0.00145,0.034,0.146,3.42
Chicken & Apple Breakfast Sausage,Banana,1276,0.00038,0.217,0.003,1.48
Clementines,Raspberries,3661,0.00109,0.114,0.06,6.25
Frozen Organic Wild Blueberries,Organic Lacinato (Dinosaur) Kale,1574,0.00047,0.051,0.035,3.79
Organic Strawberries,Organic Wheat Square Crackers,1310,0.00039,0.005,0.185,2.25
Large Yellow Flesh Nectarine,Cucumber Kirby,1196,0.00036,0.077,0.012,2.57
Organic Macaroni Shells & Real Aged Cheddar,Organic Hass Avocado,1824,0.00055,0.161,0.008,2.44
Total 0% Greek Yogurt,Organic Baby Spinach,3697,0.0011,0.136,0.015,1.81
Sparkling Water Grapefruit,Unsweetened Original Almond Breeze Almond Milk,1277,0.00038,0.016,0.035,1.5
Organic Lemon,Organic Roasted Turkey Breast,1712,0.00051,0.019,0.058,2.13
Organic Navel Orange,Grated Parmesan,1072,0.00032,0.024,0.023,1.71
Bag of Organic Bananas,Organic D'Anjou Pears,15509,0.00463,0.039,0.305,2.59
Hass Avocados,Organic Tortilla Chips,1411,0.00042,0.027,0.098,6.24
Organic Navel Orange,Michigan Organic Kale,1985,0.00059,0.044,0.028,2.12
Half & Half,Organic Unsweetened Almond Milk,2060,0.00062,0.029,0.034,1.6
Organic Baby Spinach,Grated Parmesan,8060,0.00241,0.032,0.172,2.28
Organic Baby Spinach,Gourmet Tomato Medley,1194,0.00036,0.005,0.165,2.19
Organic Reduced Fat 2% Milk,Organic Granny Smith Apple,1642,0.00049,0.033,0.027,1.82
Vanilla Almond Breeze Almond Milk,Limes,1957,0.00058,0.061,0.013,1.39
Shells & Real Aged Cheddar Macaroni & Cheese,Banana,1961,0.00059,0.25,0.004,1.71
Organic Red Onion,Organic Grape Tomatoes,6127,0.00183,0.087,0.07,3.29
Hass Avocados,Sinfully Sweet Campari Tomatoes,1898,0.00057,0.036,0.116,7.41
Organic Romaine,Organic Grape Tomatoes,2451,0.00073,0.099,0.028,3.76
Organic Cucumber,Organic Bosc Pear,1765,0.00053,0.021,0.08,3.14
Lemon Hummus,Organic Hass Avocado,2283,0.00068,0.134,0.01,2.03
Honeycrisp Apple,Total 0% Nonfat Greek Yogurt,1472,0.00044,0.018,0.053,2.12
Fresh Cauliflower,Ground Turkey Breast,1560,0.00047,0.021,0.056,2.54
Organic Strawberries,Total 0% Nonfat Plain Greek Yogurt,1754,0.00052,0.006,0.115,1.4
Orange Bell Pepper,Organic Fuji Apple,2112,0.00063,0.051,0.023,1.85
Yellow Onions,Large Alfresco Eggs,1275,0.00038,0.017,0.03,1.31
Organic Red Bell Pepper,Organic Jalapeno Pepper,1407,0.00042,0.023,0.067,3.72
Carrots,Organic Green Cabbage,2250,0.00067,0.03,0.102,4.52
Apple Honeycrisp Organic,Organic Bell Pepper,2000,0.0006,0.023,0.082,3.15
Organic Salted Butter,Organic Garlic,1110,0.00033,0.071,0.01,2.09
Pure Sparkling Water,Organic Fuji Apple,1420,0.00042,0.047,0.015,1.7
Organic American Cheese Singles,Limes,1035,0.00031,0.055,0.007,1.26
Organic Garlic,Organic Kiwi,3972,0.00119,0.035,0.076,2.24
Mint,Cucumber Kirby,1265,0.00038,0.117,0.013,3.91
Boneless Skinless Chicken Breasts,Bartlett Pears,1190,0.00036,0.023,0.032,2.08
Organic Lemon,Organic Shredded Carrots,1217,0.00036,0.013,0.058,2.12
Yellow Bell Pepper,Bunched Cilantro,1424,0.00043,0.053,0.03,3.77
Organic Avocado,Organic Lite Coconut Milk,1077,0.00032,0.006,0.13,2.35
Organic Cilantro,Globe Eggplant,1472,0.00044,0.02,0.082,3.76
Organic Grape Tomatoes,Organic Baby Carrots,5720,0.00171,0.065,0.071,2.7
Organic Yellow Onion,Original Veggie Straws,1075,0.00032,0.009,0.061,1.74
Watermelon Chunks,Organic Fuji Apple,1014,0.0003,0.04,0.011,1.44
Green Onions,Limes,3880,0.00116,0.139,0.026,3.16
"YoKids Squeezers Organic Low-Fat Yogurt, Strawberry",Organic Whole String Cheese,1836,0.00055,0.09,0.03,4.9
Organic Navel Orange,Organic Gala Apples,3650,0.00109,0.082,0.048,3.61
Honeycrisp Apple,Organic Hass Avocado,8469,0.00253,0.102,0.038,1.54
Strawberries,Spaghetti,1199,0.00036,0.008,0.073,1.63
Green Bell Pepper,Organic Roma Tomato,2205,0.00066,0.038,0.072,4.17
Banana,Organic Gala Apples,17641,0.00527,0.036,0.233,1.59
Sea Salt Potato Chips,Organic Strawberries,1880,0.00056,0.138,0.007,1.68
Whole Milk Plain Yogurt,Organic Yellow Onion,1143,0.00034,0.072,0.01,2.05
Organic Yellow Onion,Organic Lacinato (Dinosaur) Kale,5342,0.0016,0.045,0.119,3.39
Banana,Organic Tomato Basil Pasta Sauce,3816,0.00114,0.008,0.217,1.48
Organic Lemon,Organic Carrot Bunch,3490,0.00104,0.038,0.093,3.41
Curate Cherry Lime Sparkling Water,Sparkling Water Grapefruit,1375,0.00041,0.146,0.017,6.18
Organic Mixed Vegetables,Organic Avocado,1015,0.0003,0.099,0.006,1.79
Strawberries,Large Grapefruit,1943,0.00058,0.013,0.087,1.95
Yellow Bell Pepper,Large Lemon,3908,0.00117,0.147,0.024,3.05
Bag of Organic Bananas,Organic Green Cabbage,4311,0.00129,0.011,0.195,1.65
Seedless Red Grapes,Grape White/Green Seedless,2896,0.00087,0.033,0.072,2.76
Apple Cider Vinegar,Banana,1629,0.00049,0.161,0.003,1.09
Organic Garlic,Green Peas,1009,0.0003,0.009,0.086,2.52
Bag of Organic Bananas,Sea Salt Potato Chips,2528,0.00076,0.006,0.186,1.58
Thin Crust Pepperoni Pizza,Organic Hass Avocado,1012,0.0003,0.093,0.005,1.41
Organic YoKids Very Berry Smoothies,Bag of Organic Bananas,1589,0.00047,0.209,0.004,1.77
Organic Orzo,Organic Baby Spinach,1083,0.00032,0.201,0.004,2.67
Organic Baby Spinach,Roasted & Salted Almonds,1152,0.00034,0.005,0.132,1.75
Organic Large Extra Fancy Fuji Apple,Red Peppers,1846,0.00055,0.024,0.032,1.36
Organic Strawberries,Multigrain Tortilla Chips,1062,0.00032,0.004,0.139,1.69
Organic Heavy Whipping Cream,Unsalted Butter,1324,0.0004,0.052,0.036,4.68
Total 2% with Strawberry Lowfat Greek Strained Yogurt,Honeycrisp Apple,1625,0.00049,0.053,0.02,2.11
Organic Apple Juice Boxes,Organic Strawberries,1239,0.00037,0.214,0.004,2.59
Organic Cilantro,Organic Garbanzo Beans,2417,0.00072,0.033,0.077,3.55
Organic Raspberries,Sea Salt & Vinegar Potato Chips,1038,0.00031,0.007,0.067,1.58
Organic Large Green Asparagus,Large Lemon,1259,0.00038,0.063,0.008,1.31
Organic Broccoli,Grated Parmesan,1493,0.00045,0.037,0.032,2.64
Organic Orange Bell Pepper,Organic Yellow Onion,1493,0.00045,0.136,0.013,3.86
Total 2% with Strawberry Lowfat Greek Strained Yogurt,Total 2% Lowfat Greek Strained Yogurt with Peach,8241,0.00246,0.267,0.401,43.47
Yellow Onions,Organic Baby Carrots,2640,0.00079,0.034,0.033,1.43
Unsalted Pure Irish Butter,Organic Hass Avocado,2721,0.00081,0.132,0.012,2.0
"YoKids Squeezers Organic Low-Fat Yogurt, Strawberry",Organic Baby Spinach,2366,0.00071,0.116,0.009,1.55
Organic Lemon,Organic Large Grade AA Brown Eggs,2030,0.00061,0.022,0.076,2.8
Organic Frozen Peas,Organic Yellow Onion,2232,0.00067,0.106,0.019,3.02
Organic Whole String Cheese,"Clementines, Bag",1481,0.00044,0.024,0.036,1.95
Organic Baby Spinach,Unsweetened Almondmilk,7347,0.0022,0.029,0.142,1.89
Organic Reduced Fat 2% Milk,Organic Hass Avocado,6652,0.00199,0.135,0.03,2.04
Sparkling Water Berry,Organic Baby Spinach,1353,0.0004,0.075,0.005,0.99
Naturals Chicken Nuggets,Banana,2658,0.00079,0.244,0.005,1.66
Organic Raspberries,Organic Reduced Fat Milk,2360,0.00071,0.017,0.064,1.5
Banana,Total Greek Strained Yogurt,6230,0.00186,0.013,0.227,1.55
Cantaloupe,Organic Kiwi,1470,0.00044,0.059,0.028,3.76
Shallot,Organic Cilantro,1414,0.00042,0.078,0.019,3.56
Yellow Onions,Organic Cucumber,2394,0.00072,0.031,0.028,1.22
Banana,Half Baked® Ice Cream,1234,0.00037,0.003,0.198,1.35
Total Greek Strained Yogurt,Large Lemon,2663,0.0008,0.097,0.017,2.02
"Clementines, Bag",Organic Half & Half,1441,0.00043,0.035,0.018,1.48
Banana,XL Emerald White Seedless Grapes,5778,0.00173,0.012,0.353,2.4
Organic Sticks Low Moisture Part Skim Mozzarella String Cheese,Total 2% with Strawberry Lowfat Greek Strained Yogurt,1069,0.00032,0.03,0.035,3.26
Red Vine Tomato,Organic White Onions,1082,0.00032,0.019,0.044,2.61
Yellow Bell Pepper,Organic Red Bell Pepper,1931,0.00058,0.073,0.032,4.05
Organic Whole Milk,Organic Baby Rainbow Carrots,1338,0.0004,0.009,0.065,1.53
Organic Strawberries,Organic Shells And White Cheddar,1313,0.00039,0.005,0.199,2.42
Organic Garlic,Total Greek Strained Yogurt,2136,0.00064,0.019,0.078,2.29
Strawberry Preserves,Large Lemon,1000,0.0003,0.063,0.006,1.31
Organic Iceberg Lettuce,Organic Hass Avocado,2211,0.00066,0.147,0.01,2.22
Banana,Organic Lite Coconut Milk,1795,0.00054,0.004,0.216,1.47
Organic Baby Spinach,Organic Dark Sweet Cherries,1347,0.0004,0.005,0.185,2.46
Green Onions,Organic Italian Parsley Bunch,1268,0.00038,0.045,0.02,2.41
Banana,Classic White Bread,1617,0.00048,0.003,0.224,1.53
Organic Ginger Root,Cucumber Kirby,3226,0.00096,0.06,0.032,2.0
Organic Unsalted Butter,Organic Whole Milk,2537,0.00076,0.114,0.018,2.67
Banana,Oven Roasted Turkey,2923,0.00087,0.006,0.241,1.64
Strawberries,YoKids Blueberry & Strawberry/Vanilla Yogurt,1298,0.00039,0.009,0.103,2.3
Watermelon Chunks,Organic Large Extra Fancy Fuji Apple,1195,0.00036,0.047,0.015,2.02
Organic Strawberries,Organic Large Grade AA Brown Eggs,4149,0.00124,0.015,0.156,1.9
Green Onions,Green Bell Pepper,1329,0.0004,0.047,0.023,2.74
Yellow Onions,Organic Sour Cream,1434,0.00043,0.019,0.052,2.25
Organic Red Bell Pepper,Organic Reduced Fat Milk,1222,0.00037,0.02,0.033,1.85
Banana,Electrolyte Enhanced Water,3030,0.00091,0.006,0.14,0.96
Apple Honeycrisp Organic,Organic Black Beans,2342,0.0007,0.027,0.059,2.27
Boneless Skinless Chicken Breasts,Raspberries,1261,0.00038,0.024,0.021,1.32
Organic Red Onion,Feta Cheese Crumbles,3379,0.00101,0.048,0.1,4.72
Organic 1% Low Fat Milk,Organic Strawberries,1918,0.00057,0.153,0.007,1.86
Banana,Organic Shredded Carrots,4541,0.00136,0.009,0.216,1.47
Organic Italian Parsley Bunch,Heavy Whipping Cream,1100,0.00033,0.017,0.051,2.71
Organic Baby Spinach,Organic Old Fashioned Rolled Oats,3686,0.0011,0.015,0.176,2.35
Chicken Breast Tenders Breaded,Bag of Organic Bananas,1359,0.00041,0.155,0.003,1.31
Limes,Organic Free Range Chicken Broth,1430,0.00043,0.01,0.107,2.44
Original Hummus,Organic Small Bunch Celery,3285,0.00098,0.044,0.046,2.1
Heavy Whipping Cream,Large Lemon,2039,0.00061,0.095,0.013,1.97
Icelandic Style Fat Free Plain Yogurt,Banana,1724,0.00052,0.214,0.004,1.46
Enlightened Organic Raw Kombucha,Banana,1148,0.00034,0.159,0.002,1.08
Sparkling Water Berry,Orange Sparkling Water,1010,0.0003,0.056,0.067,12.36
Organic Baby Spinach,Potato Yukon Gold Organic,1777,0.00053,0.007,0.136,1.8
Russet Potato,Michigan Organic Kale,1101,0.00033,0.036,0.016,1.71
All Natural Apricot Sparkling Water,Lime Sparkling Water,1019,0.0003,0.178,0.021,12.27
Organic Genoa Salami,Bag of Organic Bananas,1378,0.00041,0.228,0.003,1.93
Banana,No Pulp Calcium & Vitamin D Pure Premium 100% Pure Orange Juice,2001,0.0006,0.004,0.254,1.73
Boneless Skinless Chicken Breasts,Organic Hass Avocado,4012,0.0012,0.077,0.018,1.16
Organic Reduced Fat 2% Milk,Organic Strawberries,7975,0.00238,0.162,0.029,1.96
Apple Honeycrisp Organic,Unsweetened Almondmilk,2618,0.00078,0.03,0.051,1.94
Peach on the Bottom Nonfat Greek Yogurt,Raspberry on the Bottom Nonfat Greek Yogurt,1910,0.00057,0.236,0.367,151.74
Organic Baby Arugula,Honeycrisp Apple,3394,0.00101,0.045,0.041,1.8
Organic Italian Parsley Bunch,Organic Blueberries,2782,0.00083,0.044,0.026,1.41
Broccoli Crown,Organic Cilantro,1955,0.00058,0.043,0.027,1.99
Organic Whole Milk,Honeycrisp Apple,6418,0.00192,0.045,0.077,1.8
Original Orange Juice,Lemonade,1173,0.00035,0.045,0.057,7.38
Organic Whole Milk,Gala Apples,1019,0.0003,0.007,0.041,0.95
Strawberries,Grated Parmesan,2402,0.00072,0.016,0.051,1.15
No Salt Added Black Beans,Organic Zucchini,2350,0.0007,0.081,0.021,2.46
Whipped Cream Cheese,Large Lemon,2451,0.00073,0.076,0.015,1.58
Organic Unsweetened Vanilla Almond Milk,Banana,2890,0.00086,0.175,0.006,1.19
Organic Broccoli,Organic Large Extra Fancy Fuji Apple,2910,0.00087,0.072,0.037,3.09
Goat Cheese Crumbles,Organic Grape Tomatoes,1199,0.00036,0.086,0.014,3.25
Sour Cream,Boneless Skinless Chicken Breasts,1037,0.00031,0.046,0.02,2.94
Organic Red Bell Pepper,Organic Yams,1196,0.00036,0.02,0.057,3.19
Organic Whole String Cheese,Shredded Mild Cheddar Cheese,1720,0.00051,0.028,0.062,3.36
Organic Raspberries,Organic Brown Rice,1212,0.00036,0.008,0.082,1.92
Organic Whole Strawberries,Organic Avocado,3299,0.00099,0.101,0.018,1.83
Italian Sparkling Mineral Water,Organic Grape Tomatoes,1656,0.00049,0.052,0.019,1.96
Italian Sparkling Mineral Water,Organic Yellow Onion,1785,0.00053,0.056,0.015,1.58
Organic Lemon,"Organic Red Radish, Bunch",2562,0.00077,0.028,0.091,3.32
Organic Summer Strawberry Bunny Fruit Snacks,Strawberries,1013,0.0003,0.078,0.007,1.74
Organic Lemon,Ground Turkey Breast,1480,0.00044,0.016,0.053,1.96
Organic Tomato Paste,Bag of Organic Bananas,2731,0.00082,0.149,0.007,1.26
Limes,Organic Italian Parsley Bunch,7798,0.00233,0.053,0.124,2.82
Sparkling Natural Mineral Water,Organic Zucchini,1564,0.00047,0.035,0.014,1.07
Organic D'Anjou Pears,Organic Blueberries,3737,0.00112,0.074,0.036,2.34
Banana,Ultra Soft Facial Tissues,1114,0.00033,0.002,0.165,1.12
Bag of Organic Bananas,Non Fat Raspberry Yogurt,2686,0.0008,0.007,0.158,1.34
Bag of Organic Bananas,Skim Milk,1688,0.0005,0.004,0.114,0.97
Icelandic Style Skyr Blueberry Non-fat Yogurt,"Yogurt, Strained Low-Fat, Coconut",2976,0.00089,0.149,0.237,39.72
Hass Avocados,Organic Garlic,1259,0.00038,0.024,0.011,0.7
Organic Dill,Organic Grape Tomatoes,1308,0.00039,0.079,0.015,3.0
Organic Broccoli,Organic Whole Milk,3975,0.00119,0.098,0.028,2.31
Banana,Low Fat Strawberry Yogurt Tubes,1663,0.0005,0.003,0.262,1.78
Organic Granny Smith Apple,Organic Bosc Pear,1374,0.00041,0.022,0.062,3.4
Organic Whole Milk,Organic Whole Milk Strawberry Beet Berry Yogurt Pouch,1151,0.00034,0.008,0.176,4.13
Organic Broccoli,Organic Red Bell Pepper,2843,0.00085,0.07,0.047,3.94
Salted Butter,Organic Hass Avocado,1562,0.00047,0.078,0.007,1.18
Green Beans,Organic Strawberries,3447,0.00103,0.114,0.013,1.38
Organic Original Almond Milk,Organic Hass Avocado,1400,0.00042,0.135,0.006,2.04
"Parsley, Italian (Flat), New England Grown",Banana,1219,0.00036,0.134,0.002,0.91
Organic Milk,Organic Plain Whole Milk Yogurt,1248,0.00037,0.043,0.088,10.22
Total 2% Lowfat Greek Strained Yogurt With Blueberry,Total 0% Raspberry Yogurt,2238,0.00067,0.105,0.178,27.78
Apple Honeycrisp Organic,"Clementines, Bag",2084,0.00062,0.024,0.05,1.93
Organic Broccoli Florets,Organic Kiwi,1108,0.00033,0.032,0.021,2.08
Lemon Yogurt,Blueberry Yoghurt,1811,0.00054,0.193,0.176,62.72
Fresh Ginger Root,Organic Zucchini,1871,0.00056,0.074,0.017,2.25
Organic Gala Apples,Organic Half & Half,2887,0.00086,0.038,0.037,1.62
Banana,Yellow Straightneck Squash,1813,0.00054,0.004,0.267,1.82
Bag of Organic Bananas,Mache Rosettes French Salad Mix,1239,0.00037,0.003,0.177,1.5
White Onion,Limes,2346,0.0007,0.138,0.016,3.14
Organic Baby Arugula,Organic Thyme,1343,0.0004,0.018,0.066,2.94
Banana,Supergreens!,1896,0.00057,0.004,0.201,1.37
Organic Whole Strawberries,Organic Peeled Whole Baby Carrots,1192,0.00036,0.036,0.021,2.11
Organic Garlic,Organic Bagged Carrots,1249,0.00037,0.011,0.146,4.29
Lightly Salted Baked Snap Pea Crisps,Cucumber Kirby,1183,0.00035,0.046,0.012,1.53
Organic Shredded Mozzarella,Organic Raspberries,1645,0.00049,0.086,0.012,2.03
Italian Sparkling Mineral Water,Organic Lacinato (Dinosaur) Kale,1003,0.0003,0.031,0.022,2.33
Red Peppers,Grated Parmesan,1405,0.00042,0.024,0.03,1.72
Organic Shredded Mild Cheddar,Bag of Organic Bananas,2389,0.00071,0.278,0.006,2.36
Green Bell Pepper,Organic Bell Pepper,3224,0.00096,0.056,0.133,7.64
Shredded Parmesan,Carrots,1844,0.00055,0.049,0.025,2.18
Apple Honeycrisp Organic,Organic Strawberries,16353,0.00489,0.187,0.059,2.28
Organic Diced Tomatoes,Organic Lemon,1188,0.00036,0.052,0.013,1.91
Seedless Red Grapes,Organic American Cheese Singles,1098,0.00033,0.013,0.059,2.26
Banana,Pizza Sauce,1111,0.00033,0.002,0.219,1.49
Roasted Turkey,Organic Strawberries,2101,0.00063,0.2,0.008,2.42
Bag of Organic Bananas,Blood Oranges,2579,0.00077,0.007,0.234,1.98
Banana,Raspberry Lemonade,1146,0.00034,0.002,0.206,1.41
Seedless Red Grapes,Limes,6260,0.00187,0.072,0.043,1.65
Organic Large Extra Fancy Fuji Apple,Green Bell Pepper,2271,0.00068,0.029,0.039,1.68
Half & Half,Organic Grape Tomatoes,2991,0.00089,0.042,0.034,1.59
Organic Fuji Apple,Michigan Organic Kale,3409,0.00102,0.037,0.049,1.75
Jalapeno Peppers,Organic Ginger Root,2259,0.00068,0.051,0.042,3.14
Roasted Red Pepper Hummus,Cucumber Kirby,1154,0.00034,0.065,0.012,2.17
Banana,Pure & Natural Sour Cream,1947,0.00058,0.004,0.177,1.2
Organic Smoked Turkey Breast,Banana,1172,0.00035,0.155,0.002,1.06
Organic Baby Arugula,Organic White Onions,1176,0.00035,0.016,0.048,2.12
Organic Greek Nonfat Yogurt With Mixed Berries,Organic Nonfat Greek Yogurt With Peaches,2274,0.00068,0.318,0.364,170.15
Organic Baby Spinach,Marinara Sauce,2644,0.00079,0.011,0.127,1.69
Organic Raspberries,"Clementines, Bag",2971,0.00089,0.021,0.072,1.69
Organic Black Beans,Organic Cucumber,2607,0.00078,0.066,0.031,2.59
Mild Cheddar Cheese Sticks,Organic Avocado,1261,0.00038,0.108,0.007,1.96
Organic Cilantro,Organic Granny Smith Apple,3107,0.00093,0.043,0.051,2.33
Organic Fuji Apple,Organic Spring Mix Salad,1109,0.00033,0.012,0.05,1.8
Orange Bell Pepper,Organic Baby Arugula,1777,0.00053,0.043,0.023,1.91
Garlic,Organic Granny Smith Apple,1147,0.00034,0.03,0.019,1.63
Organic Green Seedless Grapes,Organic Small Bunch Celery,1125,0.00034,0.05,0.016,2.38
Organic Whole Peeled Tomatoes,Bag of Organic Bananas,1030,0.00031,0.181,0.003,1.53
Crackers Cheddar Bunnies Snack Packs,Organic Avocado,1190,0.00036,0.093,0.006,1.69
Organic Red Bell Pepper,Organic Spring Mix,1302,0.00039,0.022,0.039,2.2
Mild Diced Green Chiles,Limes,1243,0.00037,0.193,0.008,4.4
Unsweetened Almondmilk,Organic Large Brown Grade AA Cage Free Eggs,1158,0.00035,0.022,0.035,2.25
Chicken Broth,Banana,1228,0.00037,0.214,0.002,1.46
Bag of Organic Bananas,Organic Baby Spinach,52608,0.01572,0.133,0.209,1.77
Tommy/Kent/Keitt/Haden Mango,Organic Avocado,1193,0.00036,0.138,0.006,2.5
Organic Strawberries,Fresh Cauliflower,11473,0.00343,0.042,0.155,1.88
Organic Navel Orange,Organic Grade A Free Range Large Brown Eggs,1253,0.00037,0.028,0.03,2.24
Organic Navel Orange,Organic Grape Tomatoes,2907,0.00087,0.065,0.033,2.47
Banana,Organic Large Brown Grade AA Cage Free Eggs,6131,0.00183,0.012,0.184,1.26
Organic Gala Apples,Organic Romaine Lettuce,1599,0.00048,0.021,0.044,1.96
Organic Raspberries,Organic Granny Smith Apple,6786,0.00203,0.048,0.111,2.61
Shredded Parmesan,Organic Broccoli,1063,0.00032,0.028,0.026,2.34
Organic Fuji Apple,Organic Italian Parsley Bunch,1920,0.00057,0.021,0.03,1.1
Nonfat Icelandic Style Strawberry Yogurt,Organic Strawberries,1563,0.00047,0.142,0.006,1.72
Unsweetened Almondmilk,Organic Zucchini,3197,0.00096,0.062,0.029,1.89
Large Lemon,Organic Half & Half,4917,0.00147,0.031,0.062,1.3
White Onion,Roma Tomato,1171,0.00035,0.069,0.028,5.46
Organic Thompson Seedless Raisins,Large Lemon,1092,0.00033,0.084,0.007,1.76
Organic Baby Rainbow Carrots,Organic Grape Tomatoes,1423,0.00043,0.069,0.016,2.63
Organic Cucumber,Grape White/Green Seedless,1893,0.00057,0.022,0.047,1.84
Ezekiel 4:9 Bread Organic Sprouted Whole Grain,Organic Baby Spinach,3509,0.00105,0.19,0.014,2.52
Organic Strawberries,Seedless Cucumbers,1061,0.00032,0.004,0.074,0.9
Cantaloupe,Organic Avocado,2805,0.00084,0.112,0.015,2.03
Organic Yellow Onion,Organic Crushed Fire Roasted Tomatoes,1207,0.00036,0.01,0.165,4.7
Uncured Genoa Salami,Roasted Turkey Breast,1123,0.00034,0.026,0.062,4.76
Organic Fuji Apple,Ground Turkey Breast,1346,0.0004,0.014,0.049,1.75
Organic Shredded Mozzarella,Organic Blueberries,1004,0.0003,0.053,0.01,1.68
Total 2% Lowfat Greek Strained Yogurt With Blueberry,Organic Blueberries,1035,0.00031,0.048,0.01,1.54
Organic Blackberries,Raspberries,5351,0.0016,0.083,0.088,4.55
Vanilla Almond Breeze Almond Milk,Organic Zucchini,1448,0.00043,0.045,0.013,1.37
Organic American Cheese Singles,Organic Raspberries,1697,0.00051,0.091,0.012,2.13
Organic Honey Sweet Whole Wheat Bread,Bag of Organic Bananas,3867,0.00116,0.32,0.01,2.71
Organic Carrot Bunch,Organic Small Bunch Celery,5094,0.00152,0.136,0.072,6.42
Original Hummus,Organic Baby Carrots,7303,0.00218,0.098,0.091,4.09
Organic Navel Orange,Organic D'Anjou Pears,3324,0.00099,0.074,0.065,4.9
Bag of Organic Bananas,Organic Crushed Fire Roasted Tomatoes,1175,0.00035,0.003,0.161,1.36
100% Whole Wheat Bread,Organic Hass Avocado,6213,0.00186,0.098,0.028,1.49
Vine Ripe Tomatoes,Large Lemon,2129,0.00064,0.132,0.013,2.76
Organic Baby Spinach,Limes,21715,0.00649,0.086,0.148,1.97
Organic Fuji Apple,Organic Cilantro,2096,0.00063,0.023,0.029,1.03
Banana,Globe Eggplant,3164,0.00095,0.006,0.177,1.2
Sparkling Natural Mineral Water,Organic Grape Tomatoes,1176,0.00035,0.026,0.013,1.0
Green Bell Pepper,Roma Tomato,1959,0.00059,0.034,0.046,2.68
Organic Yellow Onion,Organic Whole Cashews,1240,0.00037,0.011,0.093,2.65
Half & Half,Organic Large Grade AA Brown Eggs,1283,0.00038,0.018,0.048,2.25
Lemon Hummus,Organic Garlic,1104,0.00033,0.065,0.01,1.9
Organic 1% Low Fat Milk,Bag of Organic Bananas,2603,0.00078,0.208,0.007,1.76
Organic White Onions,Organic Hass Avocado,4175,0.00125,0.17,0.019,2.58
Organic Red Onion,Carrots,4798,0.00143,0.068,0.064,3.01
Vanilla Almond Breeze Almond Milk,Organic Garlic,1077,0.00032,0.033,0.009,0.98
Banana,Almond Milk Strawberry Yogurt,1053,0.00031,0.002,0.178,1.21
Celery Hearts,Organic Raspberries,1313,0.00039,0.096,0.009,2.24
"Clementines, Bag",Bartlett Pears,1133,0.00034,0.027,0.031,2.51
Limes,Original Hot Sauce,1072,0.00032,0.007,0.085,1.95
Organic Cucumber,Pineapple Chunks,1399,0.00042,0.016,0.054,2.12
Organic Mint,Organic Basil,1453,0.00043,0.071,0.052,8.51
Organic Marinara Pasta Sauce,Organic Strawberries,1120,0.00033,0.167,0.004,2.03
Organic Chicken Thighs,Organic Hass Avocado,1009,0.0003,0.123,0.005,1.86
Natural Artesian Water,Organic Hass Avocado,1446,0.00043,0.101,0.007,1.53
Organic Baby Spinach,Berry Medley,3405,0.00102,0.014,0.229,3.04
Unsalted Butter,Organic Small Bunch Celery,1329,0.0004,0.036,0.019,1.69
Total 0% Greek Yogurt,Organic Strawberries,3355,0.001,0.123,0.012,1.5
Asparagus,Organic Avocado,9553,0.00285,0.134,0.052,2.44
Limes,Organic Extra Firm Tofu,3743,0.00112,0.026,0.123,2.82
Skim Milk,Organic Whole Milk,1632,0.00049,0.11,0.011,2.58
Organic Red Bell Pepper,Organic Baby Spinach,10306,0.00308,0.172,0.041,2.29
Yellow Bell Pepper,Banana,7019,0.0021,0.264,0.014,1.8
Romaine Hearts,Raspberries,1261,0.00038,0.047,0.021,2.57
Organic Romaine Lettuce,Organic Zucchini,2979,0.00089,0.083,0.027,2.53
Banana,Oven Roasted Turkey Breast,4911,0.00147,0.01,0.234,1.6
French Vanilla Coconut Milk Creamer,Bag of Organic Bananas,1080,0.00032,0.188,0.003,1.59
Organic Yams,Fresh Cauliflower,1372,0.00041,0.066,0.018,2.96
Organic Baby Arugula,Organic Italian Parsley Bunch,4709,0.00141,0.062,0.075,3.3
Apples,Trail Mix,1224,0.00037,0.095,0.097,25.23
Bunched Cilantro,Sparkling Water Grapefruit,1418,0.00042,0.03,0.018,1.26
Cantaloupe,Seedless Red Grapes,2114,0.00063,0.084,0.024,3.25
Organic Mexican Blend Finely Shredded Cheese,Organic Avocado,1690,0.00051,0.089,0.009,1.61
Light Brown Sugar,Unsalted Butter,1293,0.00039,0.093,0.035,8.42
Jalapeno Peppers,Organic Roma Tomato,1227,0.00037,0.028,0.04,3.03
Italian Extra Virgin Olive Oil,Limes,1313,0.00039,0.102,0.009,2.32
Organic Large Brown Grade AA Cage Free Eggs,Organic Half & Half,1040,0.00031,0.031,0.013,1.33
Bicolor Sweet Corn,Organic Hass Avocado,1197,0.00036,0.123,0.005,1.86
Organic Leek,Large Lemon,2544,0.00076,0.124,0.016,2.59
Organic Russet Potato,Grated Parmesan,1082,0.00032,0.032,0.023,2.29
Organic Baby Spinach,Organic Sea Salt Roasted Seaweed Snacks,1332,0.0004,0.005,0.125,1.66
Banana,Cherry Pie Fruit & Nut Bar,1435,0.00043,0.003,0.25,1.7
Organic Whole Strawberries,Large Lemon,2449,0.00073,0.075,0.015,1.56
100% Recycled Paper Towels,Organic Hass Avocado,3967,0.00119,0.137,0.018,2.07
Carrots,Organic Coconut Milk,2263,0.00068,0.03,0.08,3.56
Unsalted Pure Irish Butter,Organic Zucchini,1288,0.00038,0.063,0.012,1.91
Yellow Bell Pepper,Organic Cilantro,1448,0.00043,0.054,0.02,2.49
Banana,Organic Cripps Pink Apples,2201,0.00066,0.004,0.162,1.11
Original Black Box Tablewater Cracker,Banana,1364,0.00041,0.175,0.003,1.19
Organic Roma Tomato,Original Hummus,1072,0.00032,0.035,0.014,1.58
Organic Lemon,Organic Spring Mix Salad,1267,0.00038,0.014,0.057,2.09
Organic Whole Peeled Tomatoes,Organic Garlic,1062,0.00032,0.186,0.009,5.47
Organic Garlic,Organic Whipping Cream,1039,0.00031,0.009,0.094,2.77
Sustainably Soft Bath Tissue,Organic Lemon,1203,0.00036,0.063,0.013,2.32
Organic Yellow Onion,Organic Roasted Turkey Breast,2157,0.00064,0.018,0.073,2.08
Organic Baby Spinach,Grated Parmesan Cheese,1066,0.00032,0.004,0.132,1.76
Organic Medium Salsa,Organic Yellow Onion,1102,0.00033,0.072,0.009,2.03
100% Whole Wheat Bread,Organic Whole Grain Wheat English Muffins,1397,0.00042,0.022,0.099,5.25
Organic Romaine Leaf,Organic Baby Spinach,1344,0.0004,0.114,0.005,1.51
Tilapia Filet,Organic Baby Spinach,2765,0.00083,0.181,0.011,2.41
Italian Sparkling Mineral Water,Spring Water,1514,0.00045,0.047,0.026,2.71
Broccoli Crown,Organic Strawberries,5591,0.00167,0.124,0.02,1.51
Organic Strawberries,Extra Virgin Olive Oil,5911,0.00177,0.021,0.113,1.37
Green Beans,Organic Baby Spinach,4124,0.00123,0.136,0.016,1.81
Organic Baby Spinach,Organic Garbanzo Beans,6209,0.00186,0.025,0.199,2.65
Total 2% with Strawberry Lowfat Greek Strained Yogurt,Organic Hass Avocado,3002,0.0009,0.097,0.014,1.47
Dried Mango,Organic Hass Avocado,1037,0.00031,0.098,0.005,1.48
Fresh Ginger Root,Organic Extra Firm Tofu,1026,0.00031,0.04,0.034,4.46
Strawberries,Asparagus,4568,0.00137,0.031,0.064,1.44
Organic Strawberries,Organic Romaine Hearts,1314,0.00039,0.005,0.1,1.22
Strawberries,Chicken & Maple Breakfast Sausage,1171,0.00035,0.008,0.061,1.37
Carrots,Pineapple Chunks,1161,0.00035,0.015,0.045,1.98
Organic Lactose Free 1% Lowfat Milk,Organic Strawberries,1247,0.00037,0.159,0.005,1.93
Boneless Skinless Chicken Breast,Organic Red Onion,1076,0.00032,0.046,0.015,2.16
Vanilla Skyr Nonfat Yogurt,Organic Raspberries,1827,0.00055,0.097,0.013,2.27
Organic Red Bell Pepper,Organic Black Beans,2588,0.00077,0.043,0.065,3.65
Organic Baby Arugula,Organic Whole Strawberries,1510,0.00045,0.02,0.046,2.04
Banana,Potato Yukon Gold Organic,2046,0.00061,0.004,0.156,1.06
Organic Russet Potato,Red Vine Tomato,1131,0.00034,0.034,0.02,1.98
Limes,Total 2% with Strawberry Lowfat Greek Strained Yogurt,1847,0.00055,0.013,0.06,1.37
Organic Cilantro,Serrano Chile Peppers,1361,0.00041,0.019,0.163,7.46
Organic Heavy Whipping Cream,Organic Baby Arugula,1072,0.00032,0.042,0.014,1.85
Organic Turkey Bacon,Organic Raspberries,1566,0.00047,0.098,0.011,2.31
Organic Baby Spinach,Sweet Kale Salad Mix,1000,0.0003,0.004,0.084,1.11
Organic Baby Arugula,Fresh Cauliflower,4067,0.00122,0.054,0.055,2.42
Seedless Red Grapes,Organic Baby Arugula,3031,0.00091,0.035,0.04,1.54
Fresh Cauliflower,Organic Garnet Sweet Potato (Yam),4379,0.00131,0.059,0.08,3.62
Organic Unsalted Butter,Organic Large Brown Grade AA Cage Free Eggs,1215,0.00036,0.055,0.037,5.5
Organic Jalapeno Pepper,Organic White Onions,1140,0.00034,0.054,0.047,7.38
Organic Italian Parsley Bunch,Organic Garnet Sweet Potato (Yam),3094,0.00092,0.049,0.057,3.01
Unsweetened Almondmilk,Organic Peeled Whole Baby Carrots,1385,0.00041,0.027,0.024,1.55
Organic Strawberries,Bunched Cilantro,4102,0.00123,0.015,0.086,1.05
Organic Baby Broccoli,Organic Unsweetened Almond Milk,1167,0.00035,0.035,0.019,1.96
Banana,Asparation/Broccolini/Baby Broccoli,6291,0.00188,0.013,0.366,2.5
Strawberries,Pure Irish Butter,1781,0.00053,0.012,0.05,1.13
Bag of Organic Bananas,Sparkling Lemon Water,4300,0.00129,0.011,0.126,1.06
Organic Navel Orange,Organic Italian Parsley Bunch,2094,0.00063,0.047,0.033,2.49
Organic Peeled Whole Baby Carrots,Cucumber Kirby,4084,0.00122,0.071,0.041,2.37
Kiwi Sandia Sparkling Water,Sparkling Water Grapefruit,2139,0.00064,0.223,0.027,9.4
Organic Distilled White Vinegar,Organic Strawberries,1310,0.00039,0.138,0.005,1.68
Organic Strawberries,Organic Bartlett Pear,9658,0.00289,0.035,0.25,3.03
Organic Lemon,Organic Ginger Root,5893,0.00176,0.065,0.109,3.99
Green Beans,Roma Tomato,1254,0.00037,0.041,0.03,3.29
Organic Grade A Free Range Large Brown Eggs,Organic Half & Half,1573,0.00047,0.038,0.02,1.59
Seedless Red Grapes,Organic Reduced Fat 2% Milk,1557,0.00047,0.018,0.032,1.22
Organic Bread with 21 Whole Grains,Organic Whole String Cheese,1398,0.00042,0.058,0.023,3.17
"Clementines, Bag",Grape White/Green Seedless,1494,0.00045,0.036,0.037,2.99
Green Bell Pepper,Organic Hothouse Cucumbers,1091,0.00033,0.019,0.044,2.54
"Clementines, Bag",Asparagus,1196,0.00036,0.029,0.017,1.36
Organic Snipped Green Beans,Cucumber Kirby,1079,0.00032,0.059,0.011,1.99
Italian Sparkling Mineral Water,Organic Strawberries,4126,0.00123,0.129,0.015,1.56
Organic Small Bunch Celery,Organic Bosc Pear,1383,0.00041,0.02,0.062,2.96
Boneless Skinless Chicken Breasts,Honeycrisp Apple,3140,0.00094,0.06,0.038,2.41
Natural Artisan Water,Sparkling Natural Mineral Water,1097,0.00033,0.095,0.025,7.11
Organic Uncured Sliced Black Forest Ham,Organic Whole Milk,1091,0.00033,0.089,0.008,2.09
100% Raw Coconut Water,Apple Honeycrisp Organic,1895,0.00057,0.048,0.022,1.85
Organic Gala Apples,Organic Spring Mix,1330,0.0004,0.018,0.04,1.78
Original Hummus,Garlic,1767,0.00053,0.024,0.046,2.07
Cran Raspberry Sparkling Water,Orange Sparkling Water,1162,0.00035,0.107,0.077,23.71
Organic American Cheese Singles,Organic Yellow Onion,1072,0.00032,0.057,0.009,1.63
Organic Spring Mix,Organic Garnet Sweet Potato (Yam),1013,0.0003,0.031,0.019,1.88
Apple Honeycrisp Organic,Garlic,1242,0.00037,0.014,0.032,1.24
Mandarin Oranges,Organic Avocado,1662,0.0005,0.142,0.009,2.57
Banana,Canned Aranciata Orange,1300,0.00039,0.003,0.199,1.35
Soda,Apples,1659,0.0005,0.044,0.129,11.55
English Seedless Cucumber,Organic Strawberries,1716,0.00051,0.124,0.006,1.51
Baby Spinach,Organic Hass Avocado,3052,0.00091,0.126,0.014,1.9
Organic Lemon,Frozen Organic Wild Blueberries,2428,0.00073,0.027,0.078,2.87
Organic Celery Hearts,Organic Large Extra Fancy Fuji Apple,1208,0.00036,0.049,0.015,2.08
Organic Chicken Broth,Organic Garlic,1685,0.0005,0.143,0.015,4.21
Yellow Onions,Organic Large Extra Fancy Fuji Apple,1780,0.00053,0.023,0.023,0.99
Organic Low Sodium Vegetable Broth,Organic Hass Avocado,1597,0.00048,0.148,0.007,2.24
Organic Large Extra Fancy Fuji Apple,Organic Garlic,5010,0.0015,0.064,0.044,1.88
Banana,Organic Beef Hot Dogs,3667,0.0011,0.007,0.211,1.44
Organic Broccoli Florets,Organic Small Bunch Celery,1442,0.00043,0.042,0.02,1.99
Organic Fuji Apple,Organic Large Brown Grade AA Cage Free Eggs,2058,0.00062,0.022,0.062,2.23
Corn Tortillas,Organic Strawberries,2042,0.00061,0.132,0.007,1.6
Organic Raspberries,Organic Small Bunch Celery,6557,0.00196,0.046,0.093,2.18
Organic Italian Parsley Bunch,Sweet Onion,1508,0.00045,0.024,0.074,3.92
Apple Honeycrisp Organic,Organic Garnet Sweet Potato (Yam),3843,0.00115,0.044,0.071,2.7
100% Whole Wheat Bread,Michigan Organic Kale,1450,0.00043,0.023,0.021,1.1
Organic Gala Apples,Organic White Onions,1051,0.00031,0.014,0.043,1.9
Seedless Red Grapes,Red Onion,1535,0.00046,0.018,0.035,1.33
Organic Blueberries,Organic Romaine Lettuce,1643,0.00049,0.016,0.046,1.45
Bag of Organic Bananas,Frozen Broccoli Florets,1475,0.00044,0.004,0.091,0.77
Original Semisoft Cheese,Organic Avocado,1338,0.0004,0.116,0.007,2.12
Organic Raspberries,Organic Old Fashioned Rolled Oats,2008,0.0006,0.014,0.096,2.26
Organic Whole Milk,Organic Baby Broccoli,2175,0.00065,0.015,0.066,1.54
Strawberries,Original Hummus,3966,0.00119,0.027,0.053,1.2
Uncured Genoa Salami,Michigan Organic Kale,1234,0.00037,0.029,0.018,1.36
Organic Red Onion,Organic Roma Tomato,3149,0.00094,0.044,0.103,4.88
Organic Red Onion,Organic Black Beans,2846,0.00085,0.04,0.072,3.4
"Organic Red Radish, Bunch",Organic Ginger Root,1787,0.00053,0.063,0.033,3.91
Organic Roma Tomato,Organic Cilantro,3163,0.00095,0.104,0.043,4.75
YoBaby Peach Pear Yogurt,Organic Whole Milk,1634,0.00049,0.183,0.011,4.29
Bag of Organic Bananas,Organic Greek Nonfat Yogurt With Mixed Berries,1668,0.0005,0.004,0.233,1.98
100% Whole Wheat Bread,Jalapeno Peppers,1032,0.00031,0.016,0.023,1.23
100% Raw Coconut Water,Organic Cucumber,2227,0.00067,0.057,0.026,2.23
European Cucumber,Organic Hass Avocado,1947,0.00058,0.102,0.009,1.55
Sparkling Lemon Water,Organic Zucchini,1011,0.0003,0.03,0.009,0.9
Organic Whole String Cheese,Total 2% Greek Strained Yogurt with Cherry 5.3 oz,1007,0.0003,0.016,0.054,2.92
Gluten Free SpongeBob Spinach Littles,Organic Whole Milk,1086,0.00032,0.148,0.008,3.47
Organic Rosemary,Organic Strawberries,1163,0.00035,0.108,0.004,1.31
Fresh Cauliflower,Organic Cilantro,5467,0.00163,0.074,0.075,3.37
Organic Baby Spinach,Half & Half,6788,0.00203,0.027,0.095,1.26
Organic Red Onion,Organic Dill,1522,0.00045,0.021,0.092,4.34
"Organic Red Radish, Bunch",Organic Green Cabbage,1079,0.00032,0.038,0.049,5.77
Seedless Red Grapes,Organic Baby Carrots,5321,0.00159,0.061,0.066,2.55
Red Peppers,Organic Small Bunch Celery,3223,0.00096,0.055,0.046,2.62
Organic Frozen Mango Chunks,Organic Strawberries,2238,0.00067,0.205,0.008,2.48
Green Beans,Organic Whole Milk,2459,0.00073,0.081,0.017,1.91
Organic Garlic,Organic Large Brown Grade AA Cage Free Eggs,2067,0.00062,0.018,0.062,1.83
Organic Baby Spinach,Salted Butter,2601,0.00078,0.01,0.13,1.73
Organic Milk,Apple Honeycrisp Organic,1664,0.0005,0.058,0.019,2.21
Corn Tortillas,Organic Cilantro,1586,0.00047,0.102,0.022,4.68
Spring Water,Organic Baby Carrots,1450,0.00043,0.025,0.018,1.03
Organic Strawberries,Organic Mexican Blend Finely Shredded Cheese,3179,0.00095,0.012,0.167,2.03
Organic Cannellini Beans,Organic Avocado,1028,0.00031,0.126,0.006,2.29
Organic Spaghetti Squash,Limes,1391,0.00042,0.099,0.009,2.26
Red Peppers,Organic Raspberries,3707,0.00111,0.064,0.026,1.49
Organic Strawberries,Uncured Black Forest Ham,1633,0.00049,0.006,0.189,2.29
Organic Red Bell Pepper,Organic Whole String Cheese,2418,0.00072,0.04,0.039,2.19
Organic Bell Pepper,Cucumber Kirby,1269,0.00038,0.052,0.013,1.75
Baby Spinach,Organic Fuji Apple,1017,0.0003,0.042,0.011,1.51
Organic Sliced White Mushrooms,Organic Baby Spinach,1883,0.00056,0.221,0.007,2.94
Mango Chunks,Organic Whole Milk,1343,0.0004,0.073,0.009,1.71
Organic Baby Carrots,Unsalted Butter,1531,0.00046,0.019,0.041,1.72
Broccoli Crown,Organic Grape Tomatoes,2455,0.00073,0.055,0.028,2.07
Total 2% All Natural Greek Strained Yogurt with Honey,Organic Strawberries,2881,0.00086,0.121,0.01,1.47
European Cucumber,Organic Red Bell Pepper,1018,0.0003,0.053,0.017,2.99
Orange Bell Pepper,Organic Cilantro,1865,0.00056,0.045,0.026,2.08
Limes,Organic Large Green Asparagus,1665,0.0005,0.011,0.083,1.9
Bunched Cilantro,Organic Italian Parsley Bunch,2644,0.00079,0.056,0.042,2.96
Mint,Organic Italian Parsley Bunch,1031,0.00031,0.095,0.016,5.04
Organic Reduced Fat 2% Milk,Sparkling Natural Mineral Water,1251,0.00037,0.025,0.028,1.9
Organic Strawberries,Organic Coconut Milk,3428,0.00102,0.012,0.121,1.47
Organic Baby Spinach,Organic Cut Green Beans,1198,0.00036,0.005,0.162,2.15
Sonoma Traditional Flour Tortillas 10 Count,Organic Raspberries,1023,0.00031,0.125,0.007,2.94
Organic Spinach Bunch,Organic Ginger Root,1009,0.0003,0.082,0.019,5.07
Organic Garlic,Organic Coconut Milk,3891,0.00116,0.034,0.137,4.04
Organic Celery Hearts,Organic Garlic,3046,0.00091,0.122,0.027,3.59
Russet Potato,Cucumber Kirby,2811,0.00084,0.091,0.028,3.07
Bag of Organic Bananas,2% Reduced Fat Milk,2175,0.00065,0.006,0.056,0.48
Red Raspberries,Organic Large Extra Fancy Fuji Apple,1031,0.00031,0.037,0.013,1.59
Organic Turkey Bacon,Organic Strawberries,2965,0.00089,0.186,0.011,2.26
Carrots,Organic Garnet Sweet Potato (Yam),3559,0.00106,0.047,0.065,2.9
Organic Low Fat Milk,Raspberries,1127,0.00034,0.128,0.018,7.03
Organic Sticks Low Moisture Part Skim Mozzarella String Cheese,Organic Hass Avocado,4943,0.00148,0.139,0.022,2.11
Organic Yellow Onion,Organic Leek,3273,0.00098,0.028,0.16,4.55
Organic Chicken Bone Broth,Banana,1048,0.00031,0.119,0.002,0.81
Half & Half,Salted Butter,1202,0.00036,0.017,0.06,2.81
Carrots,Sparkling Water Grapefruit,2111,0.00063,0.028,0.027,1.18
Creamy Peanut Butter,Banana,3992,0.00119,0.19,0.008,1.29
Organic Bartlett Pear,Organic Peeled Whole Baby Carrots,1551,0.00046,0.04,0.027,2.32
Medium Navel Orange,Organic Avocado,1116,0.00033,0.104,0.006,1.88
Organic Garlic,Organic Bosc Pear,1725,0.00052,0.015,0.078,2.29
Half & Half,Total 2% with Strawberry Lowfat Greek Strained Yogurt,2003,0.0006,0.028,0.065,3.03
Organic Whole Strawberries,Limes,2527,0.00076,0.077,0.017,1.77
Organic Strawberries,Organic Dijon Mustard,1487,0.00044,0.005,0.129,1.57
Organic Grape Tomatoes,Organic Red Cabbage,1230,0.00037,0.014,0.079,2.99
Organic Red Bell Pepper,Organic Basil,1584,0.00047,0.026,0.057,3.17
Organic Raspberries,No Salt Added Black Beans,1497,0.00045,0.01,0.051,1.2
Organic Whole Crimini Mushrooms,Organic Baby Spinach,1450,0.00043,0.207,0.006,2.75
Organic Red Bell Pepper,Organic Shredded Carrots,1215,0.00036,0.02,0.058,3.23
Broccoli Crown,Organic Hass Avocado,3298,0.00099,0.073,0.015,1.11
Peanut Butter Chocolate Chip Fruit & Nut Food Bar,Banana,2139,0.00064,0.27,0.004,1.84
Organic Sunday Bacon,Organic Raspberries,1445,0.00043,0.112,0.01,2.63
100% Whole Wheat Bread,Organic Blackberries,1564,0.00047,0.025,0.024,1.28
Organic Baby Arugula,Organic Sour Cream,1179,0.00035,0.016,0.043,1.88
Organic Avocado,Organic Red Cabbage,1728,0.00052,0.009,0.11,2.01
White Onion,Organic Strawberries,1187,0.00035,0.07,0.004,0.85
Sharp Cheddar Cheese,Red Vine Tomato,1072,0.00032,0.034,0.019,2.01
Organic Whole String Cheese,Cucumber Kirby,2780,0.00083,0.045,0.028,1.51
Vanilla Almond Breeze,Bag of Organic Bananas,1017,0.0003,0.124,0.003,1.05
Large Grapefruit,Organic Hass Avocado,2372,0.00071,0.106,0.011,1.61
Shredded Parmesan,Grated Parmesan,1572,0.00047,0.042,0.033,2.97
Organic Coconut Milk,Fresh Ginger Root,1010,0.0003,0.036,0.04,4.7
Sparkling Water Grapefruit,Total 0% Nonfat Greek Yogurt,1397,0.00042,0.018,0.05,2.12
Bunched Cilantro,Michigan Organic Kale,2285,0.00068,0.048,0.033,2.3
Organic Bunny Fruit Snacks Berry Patch,Bag of Organic Bananas,2641,0.00079,0.191,0.007,1.62
Bag of Organic Bananas,Large Brown Eggs,1507,0.00045,0.004,0.126,1.07
Spring Water,Organic Peeled Whole Baby Carrots,1014,0.0003,0.017,0.018,1.01
Organic Baby Spinach,Bunched Cilantro,5796,0.00173,0.023,0.122,1.62
Fat Free Strawberry Yogurt,Total 2% Greek Strained Yogurt with Cherry 5.3 oz,1126,0.00034,0.111,0.06,19.84
"Organic Red Radish, Bunch",Green Bell Pepper,1394,0.00042,0.049,0.024,2.84
Organic Sticks Low Moisture Part Skim Mozzarella String Cheese,Bag of Organic Bananas,8201,0.00245,0.231,0.021,1.95
Organic Frozen Peas,Organic Tomato Cluster,1018,0.0003,0.049,0.015,2.43
Red Peppers,Organic Extra Firm Tofu,1337,0.0004,0.023,0.044,2.54
Carrots,Large Grapefruit,1013,0.0003,0.013,0.045,2.02
Organic Baby Spinach,Unsalted Butter,4344,0.0013,0.017,0.117,1.56
Organic Raspberries,Organic Dill,1456,0.00044,0.01,0.088,2.06
Bag of Organic Bananas,Frozen Organic Wild Blueberries,8526,0.00255,0.022,0.275,2.33
100% Raw Coconut Water,Organic Strawberries,5515,0.00165,0.14,0.02,1.71
Red Peppers,Organic Whole Milk,2975,0.00089,0.051,0.021,1.2
Grated Parmesan,Garlic,1486,0.00044,0.032,0.039,2.75
Organic Russet Potato,Michigan Organic Kale,1496,0.00045,0.044,0.021,2.12
Organic Strawberries,Globe Eggplant,2896,0.00087,0.011,0.162,1.96
Organic Whole String Cheese,Organic Italian Parsley Bunch,1721,0.00051,0.028,0.027,1.48
Organic Shredded Mozzarella,Organic Baby Carrots,1021,0.00031,0.054,0.013,2.23
Organic Salted Butter,Organic Hass Avocado,1746,0.00052,0.112,0.008,1.69
Bag of Organic Bananas,Organic Cheese Frozen Pizza,3478,0.00104,0.009,0.234,1.98
Clementines,Organic Fuji Apples,1040,0.00031,0.032,0.175,18.18
Yukon Gold Potatoes 5lb Bag,Banana,2026,0.00061,0.254,0.004,1.73
Banana,"Flat Parsley, Bunch",3023,0.0009,0.006,0.215,1.47
Organic Blackberries,Organic Lacinato (Dinosaur) Kale,1356,0.00041,0.021,0.03,1.57
Italian Sparkling Mineral Water,Large Lemon,2880,0.00086,0.09,0.018,1.87
Organic Kiwi,Bartlett Pears,1560,0.00047,0.03,0.043,2.74
Organic Spinach Bunch,Michigan Organic Kale,1307,0.00039,0.106,0.019,5.07
Organic Baby Arugula,Total 0% Nonfat Greek Yogurt,1140,0.00034,0.015,0.041,1.81
Organic Nectarine,Organic Yellow Onion,1023,0.00031,0.078,0.009,2.2
Uncured Slow Cooked Ham,Organic Hass Avocado,1466,0.00044,0.104,0.007,1.58
Gala Apples,Organic Avocado,1313,0.00039,0.052,0.007,0.95
"YoKids Squeezers Organic Low-Fat Yogurt, Strawberry",Organic Fuji Apple,1098,0.00033,0.054,0.012,1.94
Uncured Genoa Salami,Organic Italian Parsley Bunch,1098,0.00033,0.025,0.017,1.35
Organic Quick Oats,Organic Whole Milk,1184,0.00035,0.116,0.008,2.71
Organic Small Bunch Celery,Large Lemon,6858,0.00205,0.097,0.043,2.02
Unsweetened Vanilla Almond Milk,Organic Hass Avocado,3192,0.00095,0.116,0.014,1.75
Banana,Organic Green Cabbage,3249,0.00097,0.007,0.147,1.0
Organic Orange Bell Pepper,Organic Bell Pepper,2449,0.00073,0.223,0.101,30.6
Diced Tomatoes,Organic Yellow Onion,1811,0.00054,0.125,0.015,3.56
Organic Black Beans,Organic Zucchini,3467,0.00104,0.088,0.032,2.68
Organic Romaine Leaf,Bag of Organic Bananas,2359,0.00071,0.2,0.006,1.69
Banana,Grape Tomatoes,2759,0.00082,0.006,0.308,2.1
2% Reduced Fat DHA Omega-3 Reduced Fat Milk,Organic Strawberries,2699,0.00081,0.193,0.01,2.35
Whole Milk Plain Yogurt,Organic Raspberries,1176,0.00035,0.074,0.008,1.74
Organic Raspberries,Strawberry Preserves,1147,0.00034,0.008,0.072,1.7
Strawberries,Organic Whole Milk with DHA Omega-3,1321,0.00039,0.009,0.094,2.1
Total 2% Lowfat Greek Strained Yogurt With Blueberry,Banana,6364,0.0019,0.297,0.013,2.02
Organic Broccoli,Bag of Organic Bananas,10129,0.00303,0.251,0.026,2.13
Bag of Organic Bananas,Organic Spring Mix,5931,0.00177,0.015,0.179,1.52
Yellow Grape Tomatoes,Organic Strawberries,1485,0.00044,0.188,0.005,2.28
Organic Grape Tomatoes,Organic Garnet Sweet Potato (Yam),3832,0.00115,0.044,0.07,2.67
Organic Lacinato (Dinosaur) Kale,Michigan Organic Kale,2176,0.00065,0.049,0.031,2.32
Organic Hass Avocado,Organic Half & Half,7135,0.00213,0.032,0.09,1.37
Spring Water,Organic Gala Apples,1757,0.00053,0.03,0.023,1.33
Bag of Organic Bananas,Organic Snipped Green Beans,4332,0.00129,0.011,0.238,2.02
Banana,Gluten Free White Sandwich Bread,1315,0.00039,0.003,0.192,1.31
No Salt Added Black Beans,Sparkling Water Grapefruit,1217,0.00036,0.042,0.015,1.76
Organic Diced Tomatoes,Organic Cucumber,1074,0.00032,0.047,0.013,1.85
Unsweetened Almondmilk,Michigan Organic Kale,2157,0.00064,0.042,0.031,1.99
Organic Cucumber,Ground Turkey Breast,1477,0.00044,0.017,0.053,2.1
Bag of Organic Bananas,Original Veggie Straws,3762,0.00112,0.01,0.215,1.82
Soda,Ginger Ale,1010,0.0003,0.027,0.077,6.88
Limes,Spinach,1144,0.00034,0.008,0.065,1.47
Shredded Parmesan,Organic Small Bunch Celery,1479,0.00044,0.039,0.021,1.86
Broccoli Crown,Organic Cucumber,1808,0.00054,0.04,0.021,1.58
Original Hummus,Guacamole,1060,0.00032,0.014,0.057,2.57
Organic Cauliflower,Organic Avocado,1079,0.00032,0.083,0.006,1.51
Serrano Chile Peppers,Large Lemon,1338,0.0004,0.16,0.008,3.33
Cauliflower,Banana,1550,0.00046,0.231,0.003,1.57
Gluten Free Whole Grain Bread,Bag of Organic Bananas,2881,0.00086,0.203,0.007,1.72
Organic Bread with 21 Whole Grains,Sparkling Water Grapefruit,1248,0.00037,0.052,0.016,2.2
Sparkling Natural Mineral Water,Organic Italian Parsley Bunch,1001,0.0003,0.022,0.016,1.19
Pure Coconut Water,Banana,4097,0.00122,0.217,0.008,1.48
Organic Kiwi,Organic Small Bunch Celery,2962,0.00089,0.057,0.042,2.69
Bag of Organic Bananas,Organic Unbleached All-Purpose Flour,1957,0.00058,0.005,0.204,1.73
Seedless Red Grapes,Whipped Cream Cheese,1816,0.00054,0.021,0.056,2.17
Organic Cucumber,Sweet Onion,1062,0.00032,0.012,0.052,2.05
Kiwi Sandia Sparkling Water,Banana,1666,0.0005,0.173,0.003,1.18
Fresh Cauliflower,Organic Bartlett Pear,2167,0.00065,0.029,0.056,2.52
Strawberries,"Organic Red Radish, Bunch",1283,0.00038,0.009,0.045,1.02
Seedless Red Grapes,Organic Garnet Sweet Potato (Yam),2383,0.00071,0.027,0.044,1.69
Sparkling Lemon Water,Organic Whole Milk,1592,0.00048,0.047,0.011,1.09
Limes,Bartlett Pears,2675,0.0008,0.018,0.073,1.67
Half & Half,Organic Small Bunch Celery,2135,0.00064,0.03,0.03,1.41
Sparkling Lemon Water,Half & Half,1756,0.00052,0.051,0.025,2.4
Organic Beef Broth,Organic Yellow Onion,1469,0.00044,0.193,0.012,5.49
93% Ground Beef,Organic Avocado,1247,0.00037,0.158,0.007,2.87
Organic Dijon Mustard,Organic Avocado,1222,0.00037,0.106,0.007,1.93
Green Tea With Ginseng and Honey,Organic Baby Spinach,1507,0.00045,0.13,0.006,1.73
Organic Large Extra Fancy Fuji Apple,"Milk, Organic, Vitamin D",1034,0.00031,0.013,0.05,2.13
Ground Buffalo,Organic Hass Avocado,1171,0.00035,0.198,0.005,3.0
Shredded Parmesan,Red Peppers,1354,0.0004,0.036,0.023,2.07
Strawberry Rhubarb Yoghurt,Blueberry Yoghurt,2971,0.00089,0.284,0.289,92.26
Diced Tomatoes,Organic Avocado,1495,0.00045,0.103,0.008,1.88
Sharp Cheddar Cheese,Organic Italian Parsley Bunch,1008,0.0003,0.032,0.016,1.7
Red Potatoes,Large Lemon,1428,0.00043,0.131,0.009,2.72
Bunched Cilantro,Organic Sour Cream,1004,0.0003,0.021,0.036,2.55
Organic Cilantro,Organic Bell Pepper,1752,0.00052,0.024,0.072,3.3
Lemon Hummus,Sparkling Water Grapefruit,1056,0.00032,0.062,0.013,2.61
Sugar Snap Peas,Organic Avocado,1026,0.00031,0.069,0.006,1.26
Total 2% Lowfat Greek Strained Yogurt With Blueberry,Organic Avocado,1888,0.00056,0.088,0.01,1.6
Organic Raspberries,Heavy Whipping Cream,1153,0.00034,0.008,0.053,1.25
Organic Diced Tomatoes,Cucumber Kirby,1095,0.00033,0.048,0.011,1.61
Banana,Grape White/Green Seedless,11285,0.00337,0.023,0.279,1.9
Feta Cheese Crumbles,Organic Zucchini,2862,0.00086,0.085,0.026,2.59
Apple Honeycrisp Organic,Bag of Organic Bananas,24383,0.00729,0.279,0.062,2.37
Four Cheese Thin Crust Pizza,Banana,1783,0.00053,0.281,0.004,1.91
Jalapeno Peppers,Large Lemon,6673,0.00199,0.15,0.042,3.12
Organic Tomato Paste,Organic Baby Spinach,3055,0.00091,0.167,0.012,2.21
No Salt Added Black Beans,Organic Gala Apples,1184,0.00035,0.041,0.016,1.79
Bag of Organic Bananas,Organic Zucchini,23673,0.00707,0.06,0.216,1.83
Carrots,Organic Old Fashioned Rolled Oats,1152,0.00034,0.015,0.055,2.45
Bag of Organic Bananas,Gluten Free Peanut Butter Dark Chocolate Chewy With a Crunch Granola Bars,1200,0.00036,0.003,0.173,1.47
Extra Virgin Olive Oil,Garlic,1856,0.00055,0.035,0.048,3.08
Organic Roma Tomato,Organic Cucumber,2682,0.0008,0.088,0.032,3.46
Organic Garlic,Gold Potato,1444,0.00043,0.013,0.16,4.69
Organic Strawberries,Cream Cheese Spread,2646,0.00079,0.01,0.213,2.59
Mozzarella String Cheese,0% Greek Strained Yogurt,1060,0.00032,0.097,0.078,23.86
Organic Whole Strawberries,Organic Garnet Sweet Potato (Yam),1389,0.00042,0.043,0.025,2.61
Cantaloupe,Organic Zucchini,1911,0.00057,0.076,0.017,2.33
Strawberries,Organic Coconut Milk,1033,0.00031,0.007,0.037,0.82
Sharp Cheddar Cheese,Strawberries,1568,0.00047,0.05,0.01,1.12
Organic Diced Tomatoes,Large Lemon,1986,0.00059,0.087,0.012,1.81
Organic Carrot Bunch,Organic Black Beans,1043,0.00031,0.028,0.026,2.35
Total 2% with Strawberry Lowfat Greek Strained Yogurt,Cucumber Kirby,1569,0.00047,0.051,0.016,1.71
Organic Basil,Organic Ginger Root,1399,0.00042,0.05,0.026,3.1
Organic Lemon,Grated Parmesan,2614,0.00078,0.029,0.056,2.04
Baby Spinach,Organic Baby Carrots,1082,0.00032,0.045,0.013,1.85
Organic Italian Parsley Bunch,Organic Bunch Beets,1453,0.00043,0.023,0.096,5.12
100% Whole Wheat Bread,Sparkling Natural Mineral Water,1033,0.00031,0.016,0.023,1.22
Organic 1% Low Fat Milk,Organic Hass Avocado,1215,0.00036,0.097,0.006,1.47
Celery Hearts,Organic Baby Spinach,1586,0.00047,0.116,0.006,1.54
I Heart Baby Kale,Organic Raspberries,1251,0.00037,0.097,0.009,2.29
Organic Unbleached All-Purpose Flour,Banana,1112,0.00033,0.116,0.002,0.79
Organic Strawberries,Organic Large Brown Grade AA Cage Free Eggs,6015,0.0018,0.022,0.181,2.2
Green Bell Pepper,Large Lemon,5642,0.00169,0.097,0.035,2.02
Organic Tomato Basil Pasta Sauce,Organic Avocado,1871,0.00056,0.106,0.01,1.93
Organic Baby Arugula,Large Lemon,9533,0.00285,0.126,0.059,2.62
Organic Blueberries,Organic Old Fashioned Rolled Oats,1327,0.0004,0.013,0.064,2.02
Organic Fat Free Milk,Cucumber Kirby,1066,0.00032,0.039,0.011,1.31
Roasted Pine Nut Hummus,Banana,1256,0.00038,0.105,0.003,0.72
Yellow Onions,Organic Leek,1344,0.0004,0.017,0.066,2.86
Fresh Ginger Root,Organic Hass Avocado,2105,0.00063,0.083,0.01,1.25
Fresh Cauliflower,Organic Unsweetened Almond Milk,2719,0.00081,0.037,0.045,2.04
Broccoli Crown,Organic Baby Carrots,2331,0.0007,0.052,0.029,2.15
Organic D'Anjou Pears,Organic Romaine Lettuce,1224,0.00037,0.024,0.034,2.24
Strawberries,Creamy Peanut Butter,1529,0.00046,0.01,0.073,1.63
Organic Lacinato (Dinosaur) Kale,Organic Romaine Lettuce,1998,0.0006,0.045,0.055,4.14
Organic Raspberries,Globe Eggplant,1560,0.00047,0.011,0.087,2.04
Organic Large Extra Fancy Fuji Apple,Organic Ginger Root,2616,0.00078,0.034,0.048,2.07
Organic Frozen Mango Chunks,Organic Raspberries,1968,0.00059,0.18,0.014,4.22
Orange Bell Pepper,Feta Cheese Crumbles,1132,0.00034,0.028,0.033,2.73
Organic Red Bell Pepper,Organic Roasted Turkey Breast,1219,0.00036,0.02,0.041,2.31
Organic Raspberries,2% Reduced Fat Organic Milk,1012,0.0003,0.007,0.059,1.39
Organic Lemon,Organic Sour Cream,1612,0.00048,0.018,0.058,2.13
Banana,Macaroni Shells & White Cheddar Cheese,2301,0.00069,0.005,0.266,1.81
Organic Large Extra Fancy Fuji Apple,Organic Nectarine,1023,0.00031,0.013,0.078,3.33
Organic Reduced Fat Milk,Organic Grape Tomatoes,2006,0.0006,0.054,0.023,2.07
Organic Red Onion,Organic Fuji Apple,2450,0.00073,0.035,0.026,1.25
Organic Spaghetti Squash,Organic Zucchini,2292,0.00068,0.163,0.021,5.0
Strawberries,Organic Yellow Onion,4616,0.00138,0.031,0.039,0.88
Organic Red Onion,Organic Reduced Fat Milk,1269,0.00038,0.018,0.034,1.63
Organic Raspberries,Kids Organic Chocolate Chip ZBars,1003,0.0003,0.007,0.082,1.92
Organic Medjool Dates,Banana,1700,0.00051,0.158,0.003,1.07
Organic Uncured Sliced Black Forest Ham,Organic Raspberries,1481,0.00044,0.121,0.01,2.84
Total 2% Lowfat Greek Strained Yogurt With Blueberry,Half & Half,1496,0.00045,0.07,0.021,3.26
Strawberries,Sparkling Lemon Water,1553,0.00046,0.01,0.045,1.02
Pretzel Crisps Original Deli Style Pretzel Crackers,Large Lemon,1459,0.00044,0.088,0.009,1.83
Garlic & Fine Herbs Gournay Cheese,Organic Strawberries,1071,0.00032,0.126,0.004,1.53
Total 2% All Natural Greek Strained Yogurt with Honey,Fat Free Blueberry Yogurt,1050,0.00031,0.044,0.142,19.88
Yellow Onions,Grape White/Green Seedless,1456,0.00044,0.019,0.036,1.56
Shredded Mild Cheddar Cheese,Organic Grape Tomatoes,1586,0.00047,0.057,0.018,2.17
Organic Whole String Cheese,Chicken & Maple Breakfast Sausage,1005,0.0003,0.016,0.052,2.84
Organic Strawberries,Organic Rainbow Chard Vegetable,1104,0.00033,0.004,0.146,1.77
Organic Heavy Whipping Cream,Organic Zucchini,1506,0.00045,0.059,0.014,1.8
Organic Zucchini,Pineapple Chunks,1554,0.00046,0.014,0.06,1.83
Bag of Organic Bananas,Uncured Slow Cooked Ham,2497,0.00075,0.006,0.177,1.5
Organic Romaine Lettuce,Organic Peeled Whole Baby Carrots,1105,0.00033,0.031,0.019,1.77
Organic Strawberries,Original Hummus,12639,0.00378,0.046,0.17,2.07
Basil Pesto,Organic Zucchini,1443,0.00043,0.088,0.013,2.7
Bag of Organic Bananas,Organic Gala Apples,19768,0.00591,0.05,0.261,2.21
Carrots,Fresh Cauliflower,5367,0.0016,0.071,0.072,3.22
Organic Simply Naked Pita Chips,Strawberries,1118,0.00033,0.119,0.007,2.67
Organic Snipped Green Beans,Organic Hass Avocado,2907,0.00087,0.16,0.013,2.42
Fresh Cauliflower,Sparkling Water Grapefruit,2412,0.00072,0.032,0.03,1.37
Organic Thompson Seedless Raisins,Organic Whole String Cheese,1154,0.00034,0.089,0.019,4.84
Organic Garlic,Original Hummus,4500,0.00134,0.039,0.061,1.78
Organic Broccoli Florets,Organic Zucchini,2585,0.00077,0.075,0.024,2.31
Gluten Free Blueberry Waffles,Banana,1547,0.00046,0.215,0.003,1.47
Bag of Organic Bananas,Grape White/Green Seedless,7693,0.0023,0.019,0.19,1.61
Blueberry on the Bottom Nonfat Greek Yogurt,Strawberry on the Bottom Nonfat Greek Yogurt,2863,0.00086,0.434,0.361,183.41
Bag of Organic Bananas,Total 2% Lowfat Plain Greek Yogurt,2562,0.00077,0.006,0.152,1.29
Organic Large Extra Fancy Fuji Apple,Organic Whole String Cheese,4048,0.00121,0.052,0.066,2.81
"Milk, Organic, Vitamin D",Organic Zucchini,1174,0.00035,0.057,0.011,1.73
Bag of Organic Bananas,Whole Strawberries,1069,0.00032,0.003,0.116,0.99
Banana,Original Rotisserie Chicken,1664,0.0005,0.003,0.217,1.48
Organic Whole String Cheese,Organic Ginger Root,1502,0.00045,0.024,0.028,1.51
Organic Avocado,Globe Eggplant,2151,0.00064,0.012,0.12,2.18
Yellow Onions,Asparation/Broccolini/Baby Broccoli,1412,0.00042,0.018,0.082,3.58
Half & Half,Total Greek Strained Yogurt,1236,0.00037,0.017,0.045,2.11
Extra Virgin Olive Oil,Unsalted Butter,1538,0.00046,0.029,0.041,2.65
Small Hass Avocado,Organic Half & Half,1226,0.00037,0.024,0.016,1.0
Organic Cucumber,Organic Yellow Squash,1158,0.00035,0.014,0.1,3.93
Organic Russet Potato,Organic Blueberries,1364,0.00041,0.04,0.013,1.29
Organic Red Onion,Original Hummus,3127,0.00093,0.044,0.042,1.99
Bag of Organic Bananas,Organic Milk Chocolate Peanut Butter Cups,1021,0.00031,0.003,0.196,1.66
Organic Chicken Broth,Yellow Onions,1154,0.00034,0.098,0.015,4.27
Bag of Organic Bananas,Original Rice Pilaf Mix,1373,0.00041,0.003,0.157,1.33
Boneless Skinless Chicken Breast,Organic Raspberries,1801,0.00054,0.077,0.013,1.8
Organic Cucumber,Super Greens Salad,1303,0.00039,0.015,0.082,3.22
Yellow Onions,Bartlett Pears,1689,0.0005,0.022,0.046,2.01
Shallot,Red Onion,1075,0.00032,0.059,0.024,4.45
Organic Baby Carrots,Organic Bosc Pear,1163,0.00035,0.014,0.053,2.18
Italian Sparkling Mineral Water,Organic Unsweetened Almond Milk,1118,0.00033,0.035,0.019,1.94
Limes,Organic Bunch Beets,1613,0.00048,0.011,0.107,2.44
Bunched Cilantro,Organic Avocado,7808,0.00233,0.165,0.042,2.99
Bag of Organic Bananas,Unsweetened Vanilla Almond Milk,4846,0.00145,0.012,0.176,1.49
Organic Italian Parsley Bunch,Organic Dill,3373,0.00101,0.054,0.203,10.8
Banana,Organic Berry Blend,1184,0.00035,0.002,0.175,1.19
Organic Extra Firm Tofu,Organic Avocado,4157,0.00124,0.137,0.023,2.49
Organic 2% Reduced Fat Milk,100% Whole Wheat Bread,1209,0.00036,0.05,0.019,2.65
Bosc Pear,Banana,2328,0.0007,0.389,0.005,2.65
Fresh Cauliflower,Organic Baby Broccoli,2641,0.00079,0.036,0.08,3.59
Bag of Organic Bananas,Pure Sparkling Water,3779,0.00113,0.01,0.126,1.07
Fat Free Milk,Honeycrisp Apple,1020,0.0003,0.033,0.012,1.34
Uncured Black Forest Ham,Organic Hass Avocado,1015,0.0003,0.117,0.005,1.78
Organic D'Anjou Pears,Organic Raspberries,7151,0.00214,0.141,0.05,3.3
Bag of Organic Bananas,Organic Reduced Fat Milk,6545,0.00196,0.017,0.178,1.5
Banana,Crackers Cheddar Bunnies Snack Packs,3124,0.00093,0.006,0.245,1.67
Whole Milk Plain Yogurt,Organic Avocado,1753,0.00052,0.111,0.01,2.01
Organic Baby Arugula,Red Peppers,2810,0.00084,0.037,0.048,2.13
Limes,Extra Virgin Olive Oil,4647,0.00139,0.032,0.089,2.03
Organic Carrot Bunch,Organic Large Extra Fancy Fuji Apple,2575,0.00077,0.069,0.033,2.94
Large Pineapple Chunks,Organic Baby Spinach,1223,0.00037,0.213,0.005,2.83
Total 2% All Natural Greek Strained Yogurt with Honey,Large Lemon,1879,0.00056,0.079,0.012,1.64
Banana,Organic Thyme,2774,0.00083,0.006,0.137,0.93
93% Ground Beef,Large Lemon,1026,0.00031,0.13,0.006,2.71
Fusilli No. 34,Banana,1585,0.00047,0.226,0.003,1.54
Original Hummus,Organic Green Seedless Grapes,1058,0.00032,0.014,0.047,2.14
Organic Carrot Bunch,Organic Unsweetened Almond Milk,1192,0.00036,0.032,0.02,1.77
Small Hass Avocado,Red Raspberries,2085,0.00062,0.04,0.075,4.83
Original Hummus,Organic Garbanzo Beans,1820,0.00054,0.025,0.058,2.63
YoBaby Peach Pear Yogurt,Organic Baby Spinach,1067,0.00032,0.12,0.004,1.59
Organic Italian Parsley Bunch,Organic Bell Pepper,1380,0.00041,0.022,0.057,3.01
Organic Lemon,Organic Nectarine,1187,0.00035,0.013,0.09,3.3
Organic Hass Avocado,"Hummus, Hope, Original Recipe",1323,0.0004,0.006,0.216,3.27
Bag of Organic Bananas,Natural Free & Clear Dish Liquid,1970,0.00059,0.005,0.208,1.77
Clementines,Bag of Organic Bananas,7818,0.00234,0.243,0.02,2.06
Grated Parmesan,Organic Gala Apples,1913,0.00057,0.041,0.025,1.8
Strawberries,Organic Strawberry Smoothie,1064,0.00032,0.007,0.088,1.98
Organic Tomato Cluster,Globe Eggplant,1620,0.00048,0.024,0.09,4.53
Yellow Onions,Green Peas,1018,0.0003,0.013,0.087,3.77
Frozen Organic Wild Blueberries,Organic Baby Spinach,6985,0.00209,0.226,0.028,3.0
Whole Milk,Blueberries,1152,0.00034,0.031,0.02,1.79
Organic Whole Milk,Organic Romaine Lettuce,2102,0.00063,0.015,0.058,1.37
Organic Baby Spinach,Large Brown Eggs,1377,0.00041,0.005,0.115,1.53
Frozen Organic Wild Blueberries,Organic Kiwi,1292,0.00039,0.042,0.025,2.68
Organic Baby Spinach,Romaine Hearts,3351,0.001,0.013,0.124,1.65
Organic Coconut Milk,Bunched Cilantro,1351,0.0004,0.048,0.028,3.37
Banana,Goat Cheese Crumbles,2880,0.00086,0.006,0.205,1.4
Lightly Salted Baked Snap Pea Crisps,Organic Hass Avocado,3352,0.001,0.129,0.015,1.96
Organic Chopped Spinach,Organic Strawberries,1731,0.00052,0.14,0.006,1.7
Spring Water,Banana,5895,0.00176,0.101,0.012,0.69
Plain Whole Milk Yogurt,Banana,1741,0.00052,0.229,0.004,1.56
Organic Cucumber,Organic Bunch Beets,1790,0.00053,0.021,0.119,4.67
"Organic Red Radish, Bunch",Large Lemon,2938,0.00088,0.104,0.018,2.16
Uncured Genoa Salami,Organic Unsweetened Almond Milk,1077,0.00032,0.025,0.018,1.39
Strawberries,Carrots,3886,0.00116,0.026,0.052,1.16
Limes,"Clementines, Bag",2114,0.00063,0.014,0.051,1.17
Organic Whole String Cheese,Organic Garbanzo Beans,1011,0.0003,0.016,0.032,1.76
Organic Heavy Whipping Cream,Organic Sour Cream,1068,0.00032,0.042,0.039,5.05
Bag of Organic Bananas,Organic Lowfat 1% Milk,3209,0.00096,0.008,0.209,1.77
Bunched Cilantro,No Salt Added Black Beans,2030,0.00061,0.043,0.07,4.91
100% Raw Coconut Water,Organic Navel Orange,1108,0.00033,0.028,0.025,2.11
New Orleans Iced Coffee,Banana,1184,0.00035,0.165,0.002,1.12
Organic Roasted Turkey Breast,Sparkling Water Grapefruit,1283,0.00038,0.043,0.016,1.84
Bag of Organic Bananas,Total 0% Raspberry Yogurt,1554,0.00046,0.004,0.123,1.05
Whole Milk Plain Yogurt,Large Lemon,1291,0.00039,0.082,0.008,1.7
Organic Cream Cheese Bar,Bag of Organic Bananas,2445,0.00073,0.222,0.006,1.88
White Onion,Garlic,1676,0.0005,0.098,0.043,8.55
100% Recycled Paper Towels,Organic Gala Apples,1105,0.00033,0.038,0.015,1.68
Organic Baby Spinach,ALMONDBREEZE UNSWEETENED,1185,0.00035,0.005,0.119,1.58
Seedless Red Grapes,No Salt Added Black Beans,1424,0.00043,0.016,0.049,1.88
Total 0% Greek Yogurt,Banana,7746,0.00231,0.285,0.016,1.94
Banana,Organic Tomato Sauce,2526,0.00075,0.005,0.178,1.21
Organic Red Onion,Lime Sparkling Water,1330,0.0004,0.019,0.027,1.3
Organic Whole Grain Wheat English Muffins,Organic Strawberries,2960,0.00088,0.21,0.011,2.55
Roasted Turkey Breast,Large Lemon,1319,0.00039,0.072,0.008,1.5
Organic Orange Bell Pepper,Organic Zucchini,1498,0.00045,0.136,0.014,4.16
Organic Strawberries,Cucumber Kirby,12261,0.00366,0.044,0.123,1.49
I Heart Baby Kale,Organic Hass Avocado,2203,0.00066,0.172,0.01,2.6
Organic Whole Milk,Organic Old Fashioned Rolled Oats,2031,0.00061,0.014,0.097,2.28
Strawberry Rhubarb Yoghurt,Coconut Yoghurt,1028,0.00031,0.098,0.157,50.08
Frozen Organic Wild Blueberries,Pineapple Chunks,2276,0.00068,0.073,0.087,9.45
Bag of Organic Bananas,Organic Garlic,22230,0.00664,0.056,0.195,1.65
Organic Yellow Onion,Grape White/Green Seedless,2137,0.00064,0.018,0.053,1.5
Organic Sunday Bacon,Organic Strawberries,2496,0.00075,0.193,0.009,2.35
Bag of Organic Bananas,Organic Beef Broth,1057,0.00032,0.003,0.139,1.18
Organic Mint,Large Lemon,2714,0.00081,0.132,0.017,2.76
Organic Medium Salsa,Organic Tortilla Chips,1133,0.00034,0.074,0.079,17.08
Organic 2% Reduced Fat Milk,Banana,4654,0.00139,0.193,0.009,1.31
Stage 1 Apples Sweet Potatoes Pumpkin & Blueberries Organic Pureed Baby Food,Banana,1521,0.00045,0.266,0.003,1.81
Organic Ketchup,Organic Strawberries,2713,0.00081,0.17,0.01,2.07
Organic Strawberries,Organic Tomato Sauce,1761,0.00053,0.006,0.124,1.51
Passionfruit Sparkling Water,Orange Sparkling Water,1041,0.00031,0.13,0.069,28.85
Sourdough Bread,Limes,1411,0.00042,0.083,0.01,1.89
Bag of Organic Bananas,Organic Honey Nut O's Cereal,1400,0.00042,0.004,0.259,2.19
Organic Mountain Forest Amber Honey,Banana,1501,0.00045,0.197,0.003,1.34
Organic Lemon,Brussels Sprouts,1050,0.00031,0.012,0.045,1.64
Red Vine Tomato,Organic Garnet Sweet Potato (Yam),1617,0.00048,0.029,0.03,1.75
Organic Broccoli Florets,Banana,5610,0.00168,0.164,0.011,1.12
Organic Baby Spinach,Oven Roasted Turkey,1540,0.00046,0.006,0.127,1.69
Spring Water,Original Hummus,1119,0.00033,0.019,0.015,0.87
Organic Strawberries,Organic Lightly Salted Brown Rice Cakes,1141,0.00034,0.004,0.131,1.59
Small Hass Avocado,Asparagus,2383,0.00071,0.046,0.033,2.15
Banana,Uncured Pepperoni,1800,0.00054,0.004,0.217,1.48
Organic California Style Sprouted Bread,Bag of Organic Bananas,1327,0.0004,0.237,0.003,2.01
Grated Parmesan,Grape White/Green Seedless,1261,0.00038,0.027,0.031,2.22
"YoKids Squeezers Organic Low-Fat Yogurt, Strawberry",Large Lemon,1417,0.00042,0.07,0.009,1.45
Extra Fancy Unsalted Mixed Nuts,Trail Mix,1410,0.00042,0.141,0.112,37.33
Hass Avocados,Organic Low Fat Milk,1111,0.00033,0.021,0.126,8.04
Strawberries,Pretzel Crisps Original Deli Style Pretzel Crackers,1265,0.00038,0.008,0.076,1.71
Organic Yellow Peaches,Organic Zucchini,1394,0.00042,0.063,0.013,1.94
Banana,Organic Stoneground Wheat Crackers,1350,0.0004,0.003,0.221,1.51
Organic Gala Apples,Organic Bell Pepper,1360,0.00041,0.018,0.056,2.47
85% Lean Ground Beef,Organic Strawberries,1474,0.00044,0.115,0.005,1.4
Organic Greek Lowfat Yogurt With Strawberries,Banana,1222,0.00037,0.186,0.002,1.27
Organic Strawberries,Low Fat Vanilla Yogurt,1457,0.00044,0.005,0.193,2.35
Pineapple Chunks,Large Lemon,2295,0.00069,0.088,0.014,1.83
Bag of Organic Bananas,Kale Greens,1091,0.00033,0.003,0.086,0.72
Total 0% Greek Yogurt,Organic Whole Milk,1269,0.00038,0.047,0.009,1.09
Extra Virgin Olive Oil,Grated Parmesan,1847,0.00055,0.035,0.039,2.52
Organic Raspberries,Trilogy Kombucha Drink,1639,0.00049,0.011,0.094,2.21
Chocolate Ice Cream,Vanilla Bean Light Ice Cream,1396,0.00042,0.1,0.274,65.91
Organic Sticks Low Moisture Part Skim Mozzarella String Cheese,Organic Fuji Apple,1612,0.00048,0.045,0.017,1.63
Organic Large Extra Fancy Fuji Apple,Organic Small Bunch Celery,4555,0.00136,0.058,0.064,2.76
Organic Yellow Onion,Romaine Hearts,1426,0.00043,0.012,0.053,1.5
2% Reduced Fat Organic Milk,Cucumber Kirby,1010,0.0003,0.059,0.01,1.99
Whole Milk,100% Whole Wheat Bread,1005,0.0003,0.027,0.016,1.44
Organic Baby Spinach,Red Peppers,8869,0.00265,0.035,0.152,2.03
Strawberries,Creamy Almond Butter,1356,0.00041,0.009,0.061,1.36
Fresh Cauliflower,Organic Avocado,8120,0.00243,0.109,0.044,1.99
Organic Baby Spinach,Organic Baby Kale,4236,0.00127,0.017,0.223,2.97
Organic Orange Bell Pepper,Organic Lemon,1014,0.0003,0.092,0.011,3.38
Yellow Onions,Organic Zucchini,6334,0.00189,0.082,0.058,2.52
Organic Whole String Cheese,Organic Whole Strawberries,1395,0.00042,0.023,0.043,2.32
Total 0% Greek Yogurt,Fresh Cauliflower,1085,0.00032,0.04,0.015,1.8
Organic Strawberries,Crackers Harvest Whole Wheat,1371,0.00041,0.005,0.189,2.3
Broccoli Crown,Organic Raspberries,1682,0.0005,0.037,0.012,0.88
Orange Bell Pepper,Sparkling Water Grapefruit,1324,0.0004,0.032,0.017,1.36
2% Reduced Fat DHA Omega-3 Reduced Fat Milk,Bag of Organic Bananas,2083,0.00062,0.149,0.005,1.26
Organic Broccoli,Organic Garnet Sweet Potato (Yam),2594,0.00078,0.064,0.048,3.94
Organic Broccoli,Large Alfresco Eggs,1391,0.00042,0.034,0.033,2.73
Organic Baby Spinach,Fresh Ginger Root,3414,0.00102,0.014,0.134,1.79
Small Hass Avocado,Organic Lacinato (Dinosaur) Kale,1542,0.00046,0.03,0.034,2.21
Asparagus,Organic Half & Half,1901,0.00057,0.027,0.024,1.13
Organic Fuji Apple,Honey Nut Cheerios,1486,0.00044,0.016,0.053,1.91
Michigan Organic Kale,Ground Turkey Breast,1398,0.00042,0.02,0.051,2.41
Organic Baby Broccoli,Organic Gala Apples,1397,0.00042,0.042,0.018,1.86
Carrots,Organic Bosc Pear,1203,0.00036,0.016,0.054,2.42
Organic Granny Smith Apple,Honeycrisp Apple,2673,0.0008,0.044,0.032,1.76
Green Bell Pepper,Organic Sour Cream,1240,0.00037,0.021,0.045,2.58
Bag of Organic Bananas,Red Grapefruit,1373,0.00041,0.003,0.231,1.96
Fat Free Strawberry Yogurt,Total 2% Lowfat Greek Strained Yogurt with Peach,1299,0.00039,0.128,0.063,20.81
Bag of Organic Bananas,Organic Free Range Low Sodium Chicken Broth,1314,0.00039,0.003,0.172,1.46
Whole Milk Ricotta Cheese,Banana,1750,0.00052,0.162,0.004,1.11
Apple Cinnamon GoGo Squeez,Organic Avocado,1060,0.00032,0.116,0.006,2.11
Marinara Sauce,Limes,1527,0.00046,0.074,0.01,1.68
Small Hass Avocado,Grated Parmesan,1267,0.00038,0.024,0.027,1.73
Broccoli Crown,Organic Tomato Cluster,1259,0.00038,0.028,0.019,1.4
Organic Large Brown Grade AA Cage Free Eggs,Sparkling Water Grapefruit,1446,0.00043,0.043,0.018,1.84
Organic Strawberries,California Sourdough Bread,1246,0.00037,0.005,0.167,2.03
Trail Mix,0% Greek Strained Yogurt,1548,0.00046,0.123,0.113,30.11
Organic Cucumber,Organic Hass Avocado,18287,0.00547,0.215,0.083,3.26
Arancita Rossa,Canned Aranciata Orange,1013,0.0003,0.139,0.155,70.87
Organic Strawberries,"Yogurt, Strained Low-Fat, Coconut",1661,0.0005,0.006,0.132,1.61
Large Alfresco Eggs,Organic Yellow Onion,3905,0.00117,0.092,0.033,2.63
Blueberries,Whole Strawberries,1795,0.00054,0.031,0.195,11.22
Organic Boneless Skinless Chicken Breast,Organic Hass Avocado,1257,0.00038,0.118,0.006,1.79
Apple Honeycrisp Organic,Organic Grade A Free Range Large Brown Eggs,2648,0.00079,0.03,0.063,2.43
Original Hummus,Organic Kiwi,2241,0.00067,0.03,0.043,1.94
Fresh Cauliflower,Pure Irish Butter,1259,0.00038,0.017,0.036,1.6
Organic Baby Spinach,Honey Nut Cheerios,1971,0.00059,0.008,0.07,0.94
Organic Peeled & Cooked Beets,Banana,1201,0.00036,0.207,0.002,1.41
Organic Fresh Basil,Bag of Organic Bananas,2081,0.00062,0.171,0.005,1.45
Bag of Organic Bananas,Strawberry Rhubarb Yoghurt,1589,0.00047,0.004,0.152,1.29
Organic Red Onion,Hass Avocados,1343,0.0004,0.019,0.026,1.21
Organic Fuji Apple,Unsalted Butter,1638,0.00049,0.018,0.044,1.59
Grated Parmesan,Organic Hass Avocado,6194,0.00185,0.132,0.028,2.0
Organic Whole String Cheese,Colby Cheese Sticks,1380,0.00041,0.022,0.109,5.92
Organic Red Potatoes,Organic Yellow Onion,1292,0.00039,0.146,0.011,4.15
Whole Milk,Half & Half,2016,0.0006,0.055,0.028,2.55
Italian Extra Virgin Olive Oil,Organic Avocado,1658,0.0005,0.129,0.009,2.33
Organic Red Bell Pepper,Organic Lacinato (Dinosaur) Kale,2481,0.00074,0.041,0.055,3.09
Organic Cheese Frozen Pizza,Organic Whole Milk,1371,0.00041,0.092,0.01,2.16
Fresh Cauliflower,Asparation/Broccolini/Baby Broccoli,1252,0.00037,0.017,0.073,3.29
Organic Grape Tomatoes,Organic Sour Cream,1706,0.00051,0.019,0.062,2.34
Banana,Stringless Sugar Snap Peas,1252,0.00037,0.003,0.218,1.48
Yellow Onions,Tomato Sauce,1275,0.00038,0.017,0.095,4.12
Organic Low Sodium Vegetable Broth,Organic Small Bunch Celery,1046,0.00031,0.097,0.015,4.59
Bag of Organic Bananas,Plain Bagels,1615,0.00048,0.004,0.151,1.28
Organic Baby Arugula,Organic Bosc Pear,1119,0.00033,0.015,0.051,2.23
Organic Strawberries,Gala Apples,1558,0.00047,0.006,0.062,0.76
Organic Jalapeno Pepper,Organic Garnet Sweet Potato (Yam),1033,0.00031,0.049,0.019,3.0
Packaged Grape Tomatoes,Rainbow Bell Peppers,2238,0.00067,0.16,0.187,44.73
Yellow Onions,Organic Tomato Sauce,1126,0.00034,0.015,0.079,3.45
Organic Extra Large Brown Eggs,Banana,1810,0.00054,0.183,0.004,1.24
Extra Virgin Olive Oil,Honeycrisp Apple,1885,0.00056,0.036,0.023,1.45
Organic Baby Spinach,Organic Hass Avocado,36153,0.0108,0.144,0.164,2.18
Organic Baby Broccoli,Organic Zucchini,3781,0.00113,0.114,0.035,3.49
Total 2% with Strawberry Lowfat Greek Strained Yogurt,Total 2% Greek Strained Yogurt with Cherry 5.3 oz,5567,0.00166,0.18,0.298,32.29
Bag of Organic Bananas,Roasted Turkey Breast,3188,0.00095,0.008,0.175,1.48
Clementines,Seedless Cucumbers,1475,0.00044,0.046,0.103,10.75
Original Hummus,Grape White/Green Seedless,2278,0.00068,0.031,0.056,2.54
Banana,Organic Baby Spinach Salad,4130,0.00123,0.008,0.225,1.53
Organic Lemon,Banana,11255,0.00336,0.123,0.023,0.84
Organic Whole String Cheese,Banana,14978,0.00448,0.243,0.03,1.65
Organic Strawberries,Organic Roasted Turkey Breast,6561,0.00196,0.024,0.222,2.7
Banana,Raspberry on the Bottom Nonfat Greek Yogurt,1552,0.00046,0.003,0.298,2.03
Organic Egg Whites,Large Lemon,1704,0.00051,0.084,0.011,1.75
Bag of Organic Bananas,Pineapple Chunks,4989,0.00149,0.013,0.192,1.62
Seedless Red Grapes,Half & Half,2441,0.00073,0.028,0.034,1.31
Potato Yukon Gold Organic,Organic Hass Avocado,1693,0.00051,0.129,0.008,1.96
Half & Half,Organic Granny Smith Apple,1882,0.00056,0.026,0.031,1.44
Frozen Organic Wild Blueberries,Organic Granny Smith Apple,1584,0.00047,0.051,0.026,2.8
Total 2% All Natural Plain Greek Yogurt,Organic Hass Avocado,1671,0.0005,0.097,0.008,1.47
Organic Baby Spinach,Organic Mixed Vegetables,1531,0.00046,0.006,0.149,1.98
Organic Rainbow Carrots,Organic Garnet Sweet Potato (Yam),1117,0.00033,0.073,0.02,4.48
Large Alfresco Eggs,Organic Zucchini,3342,0.001,0.079,0.031,2.42
Green Bell Pepper,Ground Turkey Breast,1522,0.00045,0.026,0.055,3.17
Reduced Fat Milk 100% Lactose Free,Banana,2513,0.00075,0.237,0.005,1.61
Banana,Organic Tomato Basil Sauce,1042,0.00031,0.002,0.201,1.37
Red Raspberries,Grape White/Green Seedless,1326,0.0004,0.048,0.033,3.95
Shredded Parmesan,Shredded Mild Cheddar Cheese,1307,0.00039,0.035,0.047,4.17
Watermelon Chunks,Original Hummus,1013,0.0003,0.04,0.014,1.8
Baby Seedless Cucumbers,Large Lemon,1483,0.00044,0.147,0.009,3.06
Banana,Original Multigrain Spoonfuls Cereal,1404,0.00042,0.003,0.245,1.67
Banana,Philadelphia Cream Cheese Spread,1293,0.00039,0.003,0.244,1.66
Organic Whole String Cheese,Unsweetened Almondmilk,1611,0.00048,0.026,0.031,1.69
Organic Strawberries,Macaroni Shells & White Cheddar Cheese,1089,0.00033,0.004,0.126,1.53
Hass Avocados,Bartlett Pears,1055,0.00032,0.02,0.029,1.84
Organic Simply Naked Pita Chips,0% Greek Strained Yogurt,1071,0.00032,0.114,0.078,28.01
Organic Blackberries,Grape White/Green Seedless,1780,0.00053,0.028,0.044,2.28
Organic Strawberries,No Salt Added Black Beans,3328,0.00099,0.012,0.114,1.39
Yellow Onions,Orange Bell Pepper,2957,0.00088,0.038,0.072,3.13
Organic Spinach Bunch,Organic Small Bunch Celery,1138,0.00034,0.092,0.016,4.37
Orange Calcium & Vitamin D Pulp Free,Organic Strawberries,1540,0.00046,0.142,0.006,1.73
Organic Lacinato (Dinosaur) Kale,Organic Tomato Cluster,2025,0.00061,0.045,0.03,2.26
2% Reduced Fat DHA Omega-3 Reduced Fat Milk,Banana,3705,0.00111,0.265,0.008,1.81
Bunched Cilantro,Organic Grape Tomatoes,2182,0.00065,0.046,0.025,1.75
Natural Artisan Water,Banana,1541,0.00046,0.134,0.003,0.91
Bag of Organic Bananas,Organic Dill,3064,0.00092,0.008,0.185,1.57
Organic Whole String Cheese,Organic Cheese Frozen Pizza,1012,0.0003,0.016,0.068,3.7
Organic Baby Spinach,Butternut Squash,1248,0.00037,0.005,0.126,1.68
Emmentaler Swiss Slices,Organic Strawberries,1264,0.00038,0.147,0.005,1.79
Sliced Black Olives,Organic Baby Spinach,1884,0.00056,0.168,0.007,2.23
Organic Baby Spinach,Guacamole,2138,0.00064,0.008,0.115,1.53
Bag of Organic Bananas,Salted Butter,2250,0.00067,0.006,0.113,0.95
Total 2% All Natural Greek Strained Yogurt with Honey,Limes,1355,0.0004,0.057,0.009,1.3
Organic Whole Peeled Tomatoes,Organic Yellow Onion,1059,0.00032,0.186,0.009,5.28
Corn Chips,Banana,1411,0.00042,0.159,0.003,1.08
Bag of Organic Bananas,Frozen Organic Strawberries,1241,0.00037,0.003,0.199,1.69
Organic Reduced Fat 2% Milk,Organic Grape Tomatoes,2048,0.00061,0.041,0.023,1.58
Organic Strawberries,Roasted & Salted Almonds,1162,0.00035,0.004,0.133,1.62
Organic Carrot Bunch,Organic Avocado,2818,0.00084,0.075,0.015,1.36
Diced Tomatoes,Organic Strawberries,1258,0.00038,0.087,0.005,1.05
Organic Whole Kernel Sweet Corn No Salt Added,Organic Hass Avocado,1916,0.00057,0.144,0.009,2.18
Organic Greek Plain Nonfat Yogurt,Organic Hass Avocado,1013,0.0003,0.143,0.005,2.17
Organic Roasted Turkey Breast,Organic Kiwi,1183,0.00035,0.04,0.023,2.58
Organic Raspberries,Organic Beef Hot Dogs,1329,0.0004,0.009,0.077,1.8
Limes,Poblano Pepper,1886,0.00056,0.013,0.276,6.31
Organic Multigrain Waffles,Organic Whole Milk,1473,0.00044,0.132,0.01,3.1
Large Grapefruit,Large Lemon,2785,0.00083,0.125,0.017,2.6
Organic Lemon,Organic Rainbow Carrots,1299,0.00039,0.014,0.085,3.11
Limes,Organic Bell Pepper,2411,0.00072,0.016,0.099,2.26
Organic Low Sodium Vegetable Broth,Organic Avocado,1262,0.00038,0.117,0.007,2.12
Organic Garlic,Bartlett Pears,1452,0.00043,0.013,0.04,1.16
Banana,Vanilla Skyr Style Yogurt,2011,0.0006,0.004,0.218,1.48
Collard Greens,Organic Small Bunch Celery,1033,0.00031,0.096,0.015,4.52
Original Hummus,Large Lemon,5762,0.00172,0.078,0.036,1.62
Organic Low Sodium Chicken Cooking Stock,Organic Baby Spinach,1055,0.00032,0.157,0.004,2.09
Bag of Organic Bananas,Romaine Hearts,4342,0.0013,0.011,0.161,1.36
Seedless Red Grapes,Organic Whole Milk,6068,0.00181,0.07,0.042,1.64
Half & Half,Organic Whole Milk,5625,0.00168,0.079,0.039,1.84
Organic Thompson Seedless Raisins,Apple Honeycrisp Organic,1126,0.00034,0.087,0.013,3.34
Organic Raspberries,Organic Creamy Peanut Butter,1686,0.0005,0.012,0.09,2.1
Mild Salsa,Organic Strawberries,2550,0.00076,0.168,0.009,2.04
Shredded Parmesan,Honeycrisp Apple,2050,0.00061,0.054,0.025,2.18
Organic Whole String Cheese,Organic Gala Apples,3877,0.00116,0.063,0.051,2.78
Grape White/Green Seedless,Large Lemon,4015,0.0012,0.099,0.025,2.06
Organic Broccoli,Carrots,2529,0.00076,0.063,0.034,2.79
Bunched Cilantro,Organic Extra Firm Tofu,1163,0.00035,0.025,0.038,2.71
Bunched Cilantro,Unsalted Butter,1098,0.00033,0.023,0.03,2.09
Organic Butternut Squash,Banana,3736,0.00112,0.182,0.008,1.24
Mango Chunks,Bag of Organic Bananas,2832,0.00085,0.154,0.007,1.3
Banana,Non Fat Raspberry Yogurt,4165,0.00124,0.008,0.246,1.67
Michigan Organic Kale,Organic Cucumber,5540,0.00166,0.079,0.065,3.11
Strawberries,Organic Heavy Whipping Cream,1245,0.00037,0.008,0.049,1.09
Organic D'Anjou Pears,Honeycrisp Apple,3160,0.00094,0.062,0.038,2.5
"Organic Red Radish, Bunch",Organic Kiwi,1271,0.00038,0.045,0.024,2.89
Apple Honeycrisp Organic,Large Grapefruit,1274,0.00038,0.015,0.057,2.19
Red Peppers,Organic Kiwi,1502,0.00045,0.026,0.029,1.66
Organic Red Onion,Baby Spinach,1191,0.00036,0.017,0.049,2.32
Russet Potato,Organic Yellow Onion,2088,0.00062,0.068,0.018,1.93
Whipped Cream Cheese,Organic Avocado,3242,0.00097,0.1,0.018,1.82
Shallot,Organic Hass Avocado,1481,0.00044,0.081,0.007,1.23
Boneless Skinless Chicken Breasts,Organic Kiwi,1161,0.00035,0.022,0.022,1.43
Organic Kiwi,Honeycrisp Apple,2542,0.00076,0.049,0.031,1.96
Strawberries,Red Mango,1255,0.00038,0.008,0.145,3.25
Michigan Organic Kale,Organic Bell Pepper,1227,0.00037,0.018,0.05,2.41
Orange Bell Pepper,Organic Raspberries,2427,0.00073,0.059,0.017,1.39
Organic Lemon,Organic Broccoli,2662,0.0008,0.029,0.066,2.42
Organic Old Fashioned Rolled Oats,Organic Garnet Sweet Potato (Yam),1120,0.00033,0.054,0.021,3.29
Organic Tomato Basil Pasta Sauce,Organic Grape Tomatoes,1249,0.00037,0.071,0.014,2.7
Organic Rainbow Carrots,Organic Raspberries,1119,0.00033,0.073,0.008,1.72
Natural Spring Water,Bag of Organic Bananas,2452,0.00073,0.12,0.006,1.01
Fat Free Strawberry Yogurt,Total 0% Nonfat Greek Yogurt,1030,0.00031,0.101,0.037,12.17
Clementines,Packaged Grape Tomatoes,1988,0.00059,0.062,0.142,14.8
Organic Fat Free Milk,Organic Grape Tomatoes,1386,0.00041,0.051,0.016,1.92
Banana,Organic Baby Kale Mix,2104,0.00063,0.004,0.189,1.28
Lime Sparkling Water,Organic Small Bunch Celery,1125,0.00034,0.023,0.016,1.1
Orange Bell Pepper,Jalapeno Peppers,2158,0.00064,0.053,0.049,3.96
Air Chilled Organic Boneless Skinless Chicken Breasts,Limes,1852,0.00055,0.106,0.013,2.42
Organic Zucchini,Large Lemon,12039,0.0036,0.11,0.075,2.29
Carrots,Organic Yellow Onion,10490,0.00314,0.139,0.089,3.96
Limes,Organic Lacinato (Dinosaur) Kale,4947,0.00148,0.034,0.11,2.52
Apple Honeycrisp Organic,Organic Large Extra Fancy Fuji Apple,3190,0.00095,0.037,0.041,1.57
Bag of Organic Bananas,Organic Strawberry Fruit Spread,2551,0.00076,0.006,0.218,1.85
Bag of Organic Bananas,Unsweetened Original Almond Breeze Almond Milk,4530,0.00135,0.011,0.126,1.06
Organic Sour Cream,Large Lemon,2048,0.00061,0.074,0.013,1.54
Uncured Genoa Salami,Organic Cucumber,2534,0.00076,0.059,0.03,2.31
Limes,Organic Sour Cream,3379,0.00101,0.023,0.122,2.78
Organic Lemon,Organic Yellow Onion,11002,0.00329,0.121,0.093,3.43
"Milk, Organic, Vitamin D",Organic Large Grade AA Brown Eggs,1331,0.0004,0.064,0.05,8.07
Organic Strawberries,Organic Fresh Squeezed Orange Juice,1023,0.00031,0.004,0.178,2.16
Organic Whole Milk,Globe Eggplant,1556,0.00047,0.011,0.087,2.03
Organic Lemon,Lemon Hummus,1065,0.00032,0.012,0.062,2.29
Plain Greek Yogurt,Organic Strawberries,1810,0.00054,0.126,0.007,1.53
Banana,Organic Beans & Rice Cheddar Cheese Burrito,1872,0.00056,0.004,0.226,1.54
Organic Lacinato (Dinosaur) Kale,Collard Greens,1163,0.00035,0.026,0.108,8.03
Organic Carrot Bunch,Honeycrisp Apple,1350,0.0004,0.036,0.016,1.44
Organic Garlic,Cucumber Kirby,6048,0.00181,0.053,0.061,1.78
Organic Reduced Fat Milk,Organic Garnet Sweet Potato (Yam),1000,0.0003,0.027,0.018,1.67
Organic Egg Whites,Organic Zucchini,1617,0.00048,0.08,0.015,2.44
Organic Cripps Pink Apples,Organic Hass Avocado,1884,0.00056,0.139,0.009,2.1
Bag of Organic Bananas,Citrus Mandarins Organic,1482,0.00044,0.004,0.268,2.27
100% Raw Coconut Water,Organic Garnet Sweet Potato (Yam),1208,0.00036,0.031,0.022,1.89
Organic Original Hommus,Organic Yellow Onion,1031,0.00031,0.075,0.009,2.13
Organic Cottage Cheese,Organic Hass Avocado,1364,0.00041,0.167,0.006,2.53
Organic Romaine,Fresh Cauliflower,1521,0.00045,0.061,0.02,2.77
Organic Blue Corn Tortilla Chips,Limes,1303,0.00039,0.096,0.009,2.2
Blueberries,Extra Virgin Olive Oil,1128,0.00034,0.019,0.022,1.24
Spinach,Cucumber Kirby,1275,0.00038,0.072,0.013,2.42
Organic Baby Spinach,Organic Yellow Onion,20455,0.00611,0.081,0.174,2.31
Organic Red Bell Pepper,Orange Bell Pepper,2721,0.00081,0.045,0.066,3.7
Banana,Total 2% All Natural Low Fat 2% Milkfat Greek Strained Yogurt,3957,0.00118,0.008,0.261,1.78
Arancita Rossa,Banana,1297,0.00039,0.177,0.003,1.21
Organic Baby Arugula,Red Vine Tomato,2651,0.00079,0.035,0.047,2.07
Organic Italian Parsley Bunch,Grape White/Green Seedless,1182,0.00035,0.019,0.029,1.55
Vanilla Almond Breeze Almond Milk,Organic Fuji Apple,1826,0.00055,0.057,0.02,2.04
Organic Blackberries,Organic Baby Carrots,2613,0.00078,0.04,0.032,1.68
Organic Garlic,Organic Red Chard Greens,1431,0.00043,0.013,0.126,3.7
Organic Baby Arugula,Organic Kiwi,2470,0.00074,0.033,0.047,2.1
Jalapeno Peppers,Organic Basil,1204,0.00036,0.027,0.043,3.25
Shredded Mozzarella,Organic Grape Tomatoes,1427,0.00043,0.062,0.016,2.36
Organic Large Brown Eggs,Banana,3301,0.00099,0.222,0.007,1.51
100% Whole Wheat Bread,Organic Peeled Whole Baby Carrots,1880,0.00056,0.03,0.033,1.72
Organic Low Sodium Chicken Broth,Large Lemon,1988,0.00059,0.109,0.012,2.27
Original Hummus,Pineapple Chunks,1113,0.00033,0.015,0.043,1.93
Organic Red Bell Pepper,Organic Baby Carrots,3496,0.00104,0.058,0.043,2.43
Organic Red Bell Pepper,Organic Grade A Free Range Large Brown Eggs,2046,0.00061,0.034,0.049,2.73
Organic Red Lentils,Organic Hass Avocado,1242,0.00037,0.153,0.006,2.31
Organic Yellow Onion,Organic Jalapeno Pepper,3492,0.00104,0.03,0.165,4.7
Grated Parmesan,Sparkling Water Grapefruit,1568,0.00047,0.033,0.02,1.41
Organic Strawberries,Collard Greens,1163,0.00035,0.004,0.108,1.31
Organic Romaine,Organic Raspberries,1476,0.00044,0.06,0.01,1.4
Bag of Organic Bananas,Grated Parmesan Cheese,1033,0.00031,0.003,0.128,1.08
Lightly Salted Baked Snap Pea Crisps,Organic Blueberries,1187,0.00035,0.046,0.011,1.46
Organic Garlic,Salted Butter,1690,0.00051,0.015,0.085,2.49
Organic Broccoli,Green Bell Pepper,1613,0.00048,0.04,0.028,2.3
Extra Virgin Olive Oil,Cucumber Kirby,2447,0.00073,0.047,0.025,1.57
Original Hummus,Total 2% with Strawberry Lowfat Greek Strained Yogurt,1585,0.00047,0.021,0.051,2.32
Total 2% All Natural Greek Strained Yogurt with Honey,Original Hummus,1116,0.00033,0.047,0.015,2.11
Walnut Halves & Pieces,Organic Raspberries,1028,0.00031,0.094,0.007,2.21
100% Recycled Paper Towels,Organic Grape Tomatoes,1446,0.00043,0.05,0.016,1.89
Frozen Organic Wild Blueberries,Organic Italian Parsley Bunch,1355,0.0004,0.044,0.022,2.32
"YoKids Squeezers Organic Low-Fat Yogurt, Strawberry",Organic Raspberries,2066,0.00062,0.102,0.014,2.38
Pure Sparkling Water,Sparkling Lemon Water,4054,0.00121,0.135,0.118,13.21
Total 2% with Strawberry Lowfat Greek Strained Yogurt,Organic Blueberries,1361,0.00041,0.044,0.013,1.4
Red Raspberries,Organic Yellow Onion,1302,0.00039,0.047,0.011,1.34
Organic Lemon,Super Greens Salad,1119,0.00033,0.012,0.07,2.57
"Dressing, Jersey Sweet Onion, Calorie Free",Organic Baby Spinach,1017,0.0003,0.11,0.004,1.46
Bag of Organic Bananas,Organic Cauliflower,2430,0.00073,0.006,0.188,1.59
Banana,Organic Sliced Crimini Mushrooms,1417,0.00042,0.003,0.175,1.19
Organic Celery Hearts,Strawberries,1350,0.0004,0.054,0.009,1.21
Organic Russet Potato,Organic White Onions,1311,0.00039,0.039,0.054,5.31
100% Recycled Paper Towels,Original Hummus,1433,0.00043,0.049,0.019,2.23
Organic Fuji Apple,Organic Garnet Sweet Potato (Yam),1977,0.00059,0.021,0.036,1.31
Organic Tahini,Organic Garbanzo Beans,1041,0.00031,0.157,0.033,16.87
English Seedless Cucumber,Limes,1448,0.00043,0.105,0.01,2.39
Organic Thyme,Organic Grape Tomatoes,1094,0.00033,0.054,0.012,2.06
Organic Frozen Peas,Fresh Cauliflower,1416,0.00042,0.067,0.019,3.04
Red Onion,Large Lemon,6471,0.00193,0.145,0.04,3.03
Red Raspberries,Organic Blackberries,3522,0.00105,0.127,0.055,6.58
Grade A Large Eggs Cage Free Omega 3,Organic Avocado,1920,0.00057,0.211,0.01,3.83
Bag of Organic Bananas,Thin Crust Pepperoni Pizza,1658,0.0005,0.004,0.153,1.29
Organic Italian Parsley Bunch,Organic Red Chard Greens,1129,0.00034,0.018,0.099,5.27
Organic Baby Spinach,Raspberries,6131,0.00183,0.024,0.101,1.34
Honeycrisp Apple,Asparagus,3498,0.00105,0.042,0.049,1.97
Organic Garlic,Organic Basil,3803,0.00114,0.033,0.136,4.0
Banana,Organic Homestyle Waffles,2212,0.00066,0.005,0.246,1.68
Organic Strawberries,Unsweetened Vanilla Almond Milk,2962,0.00089,0.011,0.107,1.31
Organic Unsweetened Almond Milk,Organic Zucchini,4031,0.0012,0.067,0.037,2.05
Organic Italian Parsley Bunch,Organic Granny Smith Apple,3134,0.00094,0.05,0.051,2.72
Premium Pure Cane Granulated Sugar,Large Lemon,1025,0.00031,0.129,0.006,2.68
Organic Diced Tomatoes,Bag of Organic Bananas,4047,0.00121,0.177,0.01,1.5
Organic Chicken Bone Broth,Organic Strawberries,1030,0.00031,0.117,0.004,1.42
Broccoli Crown,Organic Red Onion,2006,0.0006,0.045,0.028,2.11
Organic Roasted Turkey Breast,Uncured Genoa Salami,1990,0.00059,0.067,0.046,5.22
Yellow Onions,Organic Low Sodium Chicken Broth,2110,0.00063,0.027,0.116,5.03
Original Hummus,Sea Salt Pita Chips,3119,0.00093,0.042,0.18,8.12
Banana,Original Hot Sauce,2254,0.00067,0.005,0.18,1.22
Organic Raspberries,Organic Sea Salt Roasted Seaweed Snacks,1210,0.00036,0.008,0.113,2.66
Banana,Firm Tofu,2296,0.00069,0.005,0.208,1.42
Banana,Organic YoBaby Vanilla Yogurt,1293,0.00039,0.003,0.252,1.71
Tomato Sauce,Organic Avocado,1227,0.00037,0.091,0.007,1.66
Organic Red Bell Pepper,Organic Frozen Peas,1108,0.00033,0.019,0.053,2.95
Sea Salt Potato Chips,Organic Hass Avocado,1627,0.00049,0.12,0.007,1.81
Florida Orange Juice With Calcium & Vitamin D,Organic Baby Spinach,1112,0.00033,0.152,0.004,2.02
Unsweetened Original Almond Breeze Almond Milk,Organic Avocado,3198,0.00096,0.089,0.017,1.61
Organic Reduced Fat 2% Milk,Grape White/Green Seedless,1001,0.0003,0.02,0.025,1.68
Seedless Red Grapes,Organic Large Extra Fancy Fuji Apple,3494,0.00104,0.04,0.045,1.73
Yellow Onions,Organic Cilantro,4420,0.00132,0.057,0.061,2.63
Organic Green Seedless Grapes,Organic Kiwi,1234,0.00037,0.055,0.024,3.55
Organic Lemon,Organic Baby Carrots,3264,0.00098,0.036,0.041,1.49
Green Beans,Honeycrisp Apple,1940,0.00058,0.064,0.023,2.58
Organic Baby Spinach,Organic Homestyle Waffles,1125,0.00034,0.004,0.125,1.67
Large Lemon,Orange Sparkling Water,1211,0.00036,0.008,0.08,1.67
Organic Navel Orange,Organic Blackberries,1729,0.00052,0.039,0.027,2.0
Basil Pesto,Organic Grape Tomatoes,1139,0.00034,0.07,0.013,2.65
Organic Raspberry Lowfat Yogurt,Bag of Organic Bananas,1212,0.00036,0.222,0.003,1.88
Organic Iceberg Lettuce,Organic Raspberries,1032,0.00031,0.069,0.007,1.61
Granny Smith Apples,Organic Raspberries,1055,0.00032,0.028,0.007,0.66
Jalapeno Peppers,Organic Blackberries,1017,0.0003,0.023,0.016,1.19
"Organic Red Radish, Bunch",Organic Fuji Apple,1026,0.00031,0.036,0.011,1.31
Organic Baby Spinach,Hint Of Sea Salt Almond Nut Thins,1632,0.00049,0.006,0.131,1.74
Organic Large Extra Fancy Fuji Apple,Limes,5063,0.00151,0.065,0.035,1.48
Organic D'Anjou Pears,Organic Lacinato (Dinosaur) Kale,1633,0.00049,0.032,0.036,2.4
Organic Baby Spinach,Organic Green Lentils,1655,0.00049,0.007,0.219,2.91
Original Veggie Straws,Organic Hass Avocado,2240,0.00067,0.128,0.01,1.94
Green Tea With Ginseng and Honey,Banana,2642,0.00079,0.228,0.005,1.55
Organic Grade A Free Range Large Brown Eggs,Half & Half,1034,0.00031,0.025,0.014,1.16
100% Whole Wheat Bread,Organic Raspberries,4723,0.00141,0.075,0.033,1.76
Apple Honeycrisp Organic,Organic Spring Mix Salad,1020,0.0003,0.012,0.046,1.76
Original Hummus,Bartlett Pears,1469,0.00044,0.02,0.04,1.81
Banana,YoKids Strawberry Banana/Strawberry Yogurt,2099,0.00063,0.004,0.301,2.05
Organic Raspberries,Total 2% Greek Strained Yogurt with Cherry 5.3 oz,1381,0.00041,0.01,0.074,1.73
Organic Yams,Carrots,1586,0.00047,0.076,0.021,3.37
Strawberries,Feta Cheese Crumbles,1960,0.00059,0.013,0.058,1.3
Organic Hass Avocado,Cucumber Kirby,9326,0.00279,0.042,0.094,1.42
Organic Garlic,Lime Sparkling Water,2097,0.00063,0.018,0.043,1.27
Yotoddler Organic Pear Spinach Mango Yogurt,Blueberry Whole Milk Yogurt Pouch,1862,0.00056,0.299,0.36,193.33
Vanilla Almond Breeze Almond Milk,Michigan Organic Kale,1274,0.00038,0.04,0.018,1.89
Seedless Red Grapes,Total 2% with Strawberry Lowfat Greek Strained Yogurt,1419,0.00042,0.016,0.046,1.77
Banana,Bicolor Sweet Corn,2334,0.0007,0.005,0.239,1.63
Organic Baby Spinach,Organic Cauliflower,1886,0.00056,0.007,0.146,1.94
Marinara Sauce,Organic Baby Carrots,1213,0.00036,0.058,0.015,2.43
Banana,Cucumber & Garlic  Tzatziki,1456,0.00044,0.003,0.194,1.32
Boneless Skinless Chicken Breast,Asparagus,1338,0.0004,0.057,0.019,2.67
Organic Good Seed Bread,Organic Strawberries,1707,0.00051,0.13,0.006,1.58
Organic Plain Whole Milk Yogurt,Organic Hass Avocado,2315,0.00069,0.163,0.01,2.48
Organic Butternut Squash,Organic Large Extra Fancy Fuji Apple,1049,0.00031,0.051,0.013,2.19
Crackers Harvest Whole Wheat,Banana,1654,0.00049,0.228,0.003,1.56
Plain Greek Yogurt,Organic Yellow Onion,1010,0.0003,0.07,0.009,2.0
Lime Sparkling Water,Cucumber Kirby,1824,0.00055,0.038,0.018,1.26
Uncured Genoa Salami,"Clementines, Bag",1051,0.00031,0.024,0.025,1.97
Bag of Organic Bananas,Wheat Gluten Free Waffles,1284,0.00038,0.003,0.188,1.6
Bag of Organic Bananas,Large Lemon,20464,0.00612,0.052,0.127,1.08
Bag of Organic Bananas,Organic Green Seedless Grapes,5357,0.0016,0.014,0.24,2.03
Organic Blueberry Waffles,Organic Strawberries,1804,0.00054,0.212,0.007,2.57
Organic Heavy Whipping Cream,Fresh Cauliflower,1170,0.00035,0.046,0.016,2.07
Limes,Vine Ripe Tomatoes,1541,0.00046,0.011,0.096,2.19
Organic Large Extra Fancy Fuji Apple,Organic Russet Potato,1962,0.00059,0.025,0.058,2.5
Organic Blackberries,Honeycrisp Apple,2972,0.00089,0.046,0.036,1.85
Organic Sour Cream,Organic Small Bunch Celery,1455,0.00043,0.052,0.021,2.48
Banana,Peach Pear Flavored Sparkling Water,4381,0.00131,0.009,0.198,1.35
Organic Kiwi,Organic Zucchini,4864,0.00145,0.094,0.044,2.86
Organic Medium Salsa,Organic Strawberries,1954,0.00058,0.127,0.007,1.54
Banana,Organic Large Grade AA Omega-3 Eggs,1575,0.00047,0.003,0.172,1.17
Sourdough Bread,Organic Hass Avocado,1824,0.00055,0.107,0.008,1.62
Grated Parmesan,Red Vine Tomato,1478,0.00044,0.031,0.026,1.86
Russet Potato,Broccoli Crown,1824,0.00055,0.059,0.041,4.42
Organic Garlic,Organic Dijon Mustard,1338,0.0004,0.012,0.116,3.42
Red Raspberries,Organic Garlic,1372,0.00041,0.05,0.012,1.45
Green Bell Pepper,Organic Gala Apples,2572,0.00077,0.044,0.034,1.96
Organic Baby Spinach,Seedless Cucumbers,1718,0.00051,0.007,0.12,1.6
Organic Frozen Peas,Organic D'Anjou Pears,1113,0.00033,0.053,0.022,3.49
Organic Cilantro,Organic Red Cabbage,2021,0.0006,0.028,0.129,5.92
Gluten Free Chocolate Chip Cookies,Organic Hass Avocado,1015,0.0003,0.105,0.005,1.59
Organic Carrot Bunch,Organic Garnet Sweet Potato (Yam),2130,0.00064,0.057,0.039,3.48
Organic Whole Milk,Berry Medley,1038,0.00031,0.007,0.07,1.63
Strawberries,Seedless Small Watermelon,1414,0.00042,0.009,0.098,2.2
Organic Romaine Hearts,Organic Hass Avocado,1117,0.00033,0.085,0.005,1.29
Organic Broccoli Florets,Grated Parmesan,1115,0.00033,0.033,0.024,2.32
Whipped Cream Cheese,Honeycrisp Apple,1648,0.00049,0.051,0.02,2.05
100% Raw Coconut Water,Michigan Organic Kale,1395,0.00042,0.036,0.02,1.7
Organic Baby Spinach,Organic Wheat Square Crackers,1019,0.0003,0.004,0.144,1.91
Bag of Organic Bananas,Organic Strawberries,64702,0.01934,0.164,0.235,1.99
Red Peppers,Organic Garlic,5352,0.0016,0.092,0.047,2.7
Organic Blueberry Waffles,Bag of Organic Bananas,1841,0.00055,0.216,0.005,1.83
Limes,Almonds & Sea Salt in Dark Chocolate,1034,0.00031,0.007,0.077,1.76
Unsweetened Almondmilk,Organic Garnet Sweet Potato (Yam),1588,0.00047,0.031,0.029,1.88
Organic Baby Spinach Salad,Organic Hass Avocado,3071,0.00092,0.167,0.014,2.53
Organic Kiwi,Organic Hass Avocado,9804,0.00293,0.188,0.044,2.86
Limes,Cucumber Kirby,11033,0.0033,0.075,0.111,2.52
Organic Garlic,Michigan Organic Kale,7667,0.00229,0.067,0.109,3.21
Broccoli Crown,Organic Gala Apples,1589,0.00047,0.035,0.021,1.56
Organic Hass Avocado,Uncured Hickory Smoked Sunday Bacon,2684,0.0008,0.012,0.124,1.88
Organic American Cheese Singles,Organic Large Extra Fancy Fuji Apple,1077,0.00032,0.057,0.014,2.46
Banana,Organic Romaine Hearts,2332,0.0007,0.005,0.178,1.21
Organic Grade A Free Range Large Brown Eggs,Organic Black Beans,1001,0.0003,0.024,0.025,2.02
Banana,Pineapple Chunks,6097,0.00182,0.012,0.234,1.6
Organic Sticks Low Moisture Part Skim Mozzarella String Cheese,Organic Garlic,1410,0.00042,0.04,0.012,1.16
Organic Yellow Onion,Uncured Hickory Smoked Sunday Bacon,1362,0.00041,0.012,0.063,1.79
Seedless Red Grapes,Organic Lemon,2826,0.00084,0.033,0.031,1.19
Bag of Organic Bananas,Macaroni Shells & White Cheddar Cheese,1152,0.00034,0.003,0.133,1.13
Organic Baby Spinach,Original No Pulp 100% Florida Orange Juice,1340,0.0004,0.005,0.066,0.88
Organic Strawberries,Boomchickapop Sea Salt Popcorn,1450,0.00043,0.005,0.139,1.69
"YoKids Squeezers Organic Low-Fat Yogurt, Strawberry",Organic Yellow Onion,1060,0.00032,0.052,0.009,1.48
Organic Hass Avocado,Synergy Organic Kombucha Gingerberry,1123,0.00034,0.005,0.121,1.83
White Corn,Organic Tomato Cluster,1156,0.00035,0.06,0.017,2.98
Banana,Organic Free Range Chicken Broth,2185,0.00065,0.004,0.163,1.11
Organic Roma Tomato,Organic Whole Milk,2716,0.00081,0.089,0.019,2.09
Limes,Organic Extra Large Grade AA Brown Eggs,1045,0.00031,0.007,0.074,1.69
Organic Roasted Turkey Breast,Organic Peeled Whole Baby Carrots,1386,0.00041,0.047,0.024,2.72
Organic Carrot Bunch,Half & Half,1091,0.00033,0.029,0.015,1.36
Organic Yellow Peaches,Organic Tomato Cluster,1348,0.0004,0.061,0.02,3.07
Bag of Organic Bananas,YoKids Squeeze! Organic Strawberry Flavor Yogurt,1435,0.00043,0.004,0.205,1.74
Organic Mint,Red Peppers,1064,0.00032,0.052,0.018,2.99
Organic Baby Carrots,Honeycrisp Apple,5046,0.00151,0.063,0.061,2.52
Bag of Organic Bananas,1% Lowfat Milk,2323,0.00069,0.006,0.158,1.34
Organic Lemon,Organic Peeled Whole Baby Carrots,2907,0.00087,0.032,0.05,1.84
Cinnamon Rolls with Icing,Organic Avocado,1212,0.00036,0.096,0.007,1.75
Organic Cilantro,Organic Blueberries,3590,0.00107,0.049,0.034,1.57
Organic Cilantro,Organic Red On the Vine Tomato,1212,0.00036,0.017,0.102,4.69
Organic Baby Arugula,Organic Grape Tomatoes,6370,0.0019,0.084,0.072,3.19
Blueberries,Organic Yellow Onion,1512,0.00045,0.026,0.013,0.74
Organic Lemon,Original Hummus,4225,0.00126,0.046,0.057,2.09
Banana,Romaine Lettuce,2917,0.00087,0.006,0.268,1.82
Organic Tomato Cluster,Organic Garnet Sweet Potato (Yam),2704,0.00081,0.04,0.05,2.48
Organic Roma Tomato,Organic Italian Parsley Bunch,1810,0.00054,0.059,0.029,3.15
Sparkling Natural Mineral Water,Organic Tomato Cluster,1170,0.00035,0.026,0.018,1.31
Organic Baby Arugula,Organic Avocado,10347,0.00309,0.137,0.056,2.48
YoKids Squeeze! Organic Strawberry Flavor Yogurt,Banana,1825,0.00055,0.261,0.004,1.78
Chicken & Maple Breakfast Sausage,Organic Blueberries,1037,0.00031,0.054,0.01,1.72
Uncured Genoa Salami,Organic Large Grade AA Brown Eggs,1002,0.0003,0.023,0.038,2.92
Bing Cherries,Organic Hass Avocado,1707,0.00051,0.115,0.008,1.74
Organic Sprouted English Muffin,Organic Hass Avocado,1018,0.0003,0.155,0.005,2.36
Bag of Organic Bananas,Vanilla Skyr Style Yogurt,1673,0.0005,0.004,0.181,1.54
Organic Baby Carrots,Raspberries,2567,0.00077,0.032,0.042,1.75
Total 0% Greek Yogurt,Organic Blackberries,1244,0.00037,0.046,0.019,2.37
Organic Raspberries,Guacamole,1293,0.00039,0.009,0.069,1.63
Banana,Organic Mixed Vegetables,1939,0.00058,0.004,0.189,1.29
Organic Baby Spinach,Smoked Turkey Breast Slices,1153,0.00034,0.005,0.113,1.5
Organic Whole Grassmilk Milk,Organic Strawberries,2715,0.00081,0.17,0.01,2.07
Organic Yellow Onion,Organic Romaine,1967,0.00059,0.017,0.079,2.26
Bag of Organic Bananas,Fresh Mozzarella Ball,1774,0.00053,0.004,0.168,1.42
"Organic Red Radish, Bunch",Asparagus,1585,0.00047,0.056,0.022,2.64
Large Lemon,Sweet Onion,1201,0.00036,0.007,0.059,1.22
Organic Garlic,Fresh Mozzarella Ball,1201,0.00036,0.011,0.114,3.34
Broccoli Crown,Bartlett Pears,1499,0.00045,0.033,0.041,3.05
Organic Diced Tomatoes,Original Hummus,1066,0.00032,0.047,0.014,2.11
Organic Yellow Peaches,Large Lemon,1352,0.0004,0.061,0.008,1.28
Bag of Organic Bananas,Orange Bell Pepper,5145,0.00154,0.013,0.125,1.06
Ancient Grain Original Granola,Organic Strawberries,1194,0.00036,0.177,0.004,2.14
Organic Navel Orange,Organic Baby Spinach,6268,0.00187,0.14,0.025,1.86
Organic American Cheese Singles,Bag of Organic Bananas,4203,0.00126,0.224,0.011,1.9
Small Hass Avocado,Organic Blueberries,1955,0.00058,0.038,0.019,1.19
Organic No Salt Added Diced Tomatoes,Large Lemon,1269,0.00038,0.119,0.008,2.48
Strawberries,Organic Whole Milk,7900,0.00236,0.053,0.055,1.24
Strawberries,Organic Sour Cream,1284,0.00038,0.009,0.046,1.04
Organic Sticks Low Moisture Part Skim Mozzarella String Cheese,Organic D'Anjou Pears,1557,0.00047,0.044,0.031,2.88
Banana,Organic Crushed Fire Roasted Tomatoes,1324,0.0004,0.003,0.181,1.23
Red Peppers,Organic Lacinato (Dinosaur) Kale,1968,0.00059,0.034,0.044,2.52
Carrots,Sweet Onion,1545,0.00046,0.021,0.076,3.37
No Salt Added Black Beans,Organic Garnet Sweet Potato (Yam),1731,0.00052,0.059,0.032,3.64
Bag of Organic Bananas,Organic Creamy Peanut Butter,4635,0.00139,0.012,0.247,2.09
Bag of Organic Bananas,Red Vine Tomato,7262,0.00217,0.018,0.128,1.09
Lightly Salted Baked Snap Pea Crisps,Original Hummus,1652,0.00049,0.064,0.022,2.87
Organic Raspberries,Organic Italian Parsley Bunch,4795,0.00143,0.034,0.076,1.79
Organic Italian Parsley Bunch,Globe Eggplant,1545,0.00046,0.025,0.086,4.58
Organic Garlic,Boneless Skinless Chicken Breasts,4137,0.00124,0.036,0.079,2.32
Organic Chicken Bone Broth,Organic Hass Avocado,1223,0.00037,0.139,0.006,2.1
Whipped Cream Cheese,Organic Small Bunch Celery,1171,0.00035,0.036,0.017,1.72
Bag of Organic Bananas,Original Semisoft Cheese,1777,0.00053,0.004,0.155,1.31
Banana,Smoked Turkey Breast Slices,2602,0.00078,0.005,0.255,1.74
Basil,Banana,1530,0.00046,0.196,0.003,1.33
Organic Broccoli Florets,Organic Tomato Cluster,1127,0.00034,0.033,0.017,1.65
Original Hummus,Organic Bartlett Pear,2010,0.0006,0.027,0.052,2.34
Bag of Organic Bananas,Organic Yellow Squash,2698,0.00081,0.007,0.232,1.97
Banana,Lemon Verbena Dish Soap,1116,0.00033,0.002,0.166,1.13
Orange Bell Pepper,Organic Large Extra Fancy Fuji Apple,1324,0.0004,0.032,0.017,1.38
Organic Red Onion,Organic Baby Spinach Salad,1095,0.00033,0.015,0.06,2.82
Bunched Cilantro,Organic Small Bunch Celery,1699,0.00051,0.036,0.024,1.69
Organic Broccoli,Cucumber Kirby,1940,0.00058,0.048,0.019,1.61
Vanilla Almond Breeze Almond Milk,Yellow Onions,1008,0.0003,0.031,0.013,1.36
Organic Heavy Whipping Cream,Organic Yellow Onion,2376,0.00071,0.093,0.02,2.65
Mini Cucumbers,Organic Avocado,1139,0.00034,0.14,0.006,2.55
Seedless Red Grapes,Organic Extra Firm Tofu,1128,0.00034,0.013,0.037,1.44
Organic Butternut Squash,Fresh Cauliflower,1774,0.00053,0.086,0.024,3.89
Bag of Organic Bananas,Pesto Tortellini  Bowls,1133,0.00034,0.003,0.129,1.09
Shallot,Honeycrisp Apple,1015,0.0003,0.056,0.012,2.24
White Corn,Organic Whole Milk,1566,0.00047,0.081,0.011,1.89
Total 2% All Natural Greek Strained Yogurt with Honey,Total 2% Greek Strained Yogurt with Cherry 5.3 oz,3073,0.00092,0.129,0.164,23.07
Organic Large Brown Grade AA Cage Free Eggs,Organic Hass Avocado,6013,0.0018,0.181,0.027,2.74
Organic Mint,Organic Grape Tomatoes,1405,0.00042,0.069,0.016,2.61
Fresh Cauliflower,Organic Large Brown Grade AA Cage Free Eggs,1647,0.00049,0.022,0.05,2.23
Organic Grade A Free Range Large Brown Eggs,Organic Blueberries,2324,0.00069,0.056,0.022,1.77
Frozen Organic Wild Blueberries,Large Lemon,2241,0.00067,0.072,0.014,1.51
Crackers Cheddar Bunnies Snack Packs,Organic Baby Carrots,1039,0.00031,0.081,0.013,3.39
Banana,Organic Golden Delicious Apple,2460,0.00074,0.005,0.24,1.63
Organic Strawberries,"Organic Pears, Peas and Broccoli Puree Stage 1",1117,0.00033,0.004,0.217,2.63
Organic Baby Spinach,Authentic French Brioche Hamburger Buns,1389,0.00042,0.006,0.129,1.72
Yellow Bell Pepper,Organic Yellow Onion,2202,0.00066,0.083,0.019,2.35
Watermelon Chunks,Organic Baby Spinach,3262,0.00097,0.128,0.013,1.71
XL Emerald White Seedless Grapes,Honeycrisp Apple,1430,0.00043,0.087,0.017,3.51
Banana,Spaghetti,4407,0.00132,0.009,0.268,1.82
Organic Cucumber,Grated Parmesan,2244,0.00067,0.026,0.048,1.88
Bag of Organic Bananas,Organic Large Green Asparagus,5329,0.00159,0.013,0.266,2.26
Organic Large Extra Fancy Fuji Apple,Organic Garnet Sweet Potato (Yam),3306,0.00099,0.042,0.061,2.6
Boneless Skinless Chicken Breast,Carrots,1213,0.00036,0.052,0.016,2.29
Organic Baby Spinach,Organic Yellow Squash,2437,0.00073,0.01,0.21,2.79
Green Bell Pepper,Half & Half,1469,0.00044,0.025,0.021,1.18
Unsweetened Almondmilk,Organic Half & Half,1707,0.00051,0.033,0.022,1.4
Total 0% Greek Yogurt,Organic Grape Tomatoes,1378,0.00041,0.051,0.016,1.92
Boneless Skinless Chicken Breast,Organic Avocado,2087,0.00062,0.089,0.011,1.61
"Super Spinach! Baby Spinach, Baby Bok Choy, Sweet Baby Kale",Organic Avocado,1091,0.00033,0.071,0.006,1.29
Small Hass Avocado,Uncured Genoa Salami,1177,0.00035,0.023,0.027,1.75
Organic Broccoli,Sparkling Water Grapefruit,1208,0.00036,0.03,0.015,1.26
Organic Red Onion,Organic Yellow Onion,8088,0.00242,0.114,0.069,3.25
Organic Green Seedless Grapes,Organic Baby Carrots,1474,0.00044,0.066,0.018,2.74
Organic Spring Mix,Honeycrisp Apple,1188,0.00036,0.036,0.014,1.44
Total 0% Raspberry Yogurt,Total 0% with Honey Nonfat Greek Strained Yogurt,1818,0.00054,0.144,0.156,41.58
Salted Tub of Butter,Organic Hass Avocado,1313,0.00039,0.114,0.006,1.72
Vanilla Skyr Nonfat Yogurt,Organic Whole Milk,1148,0.00034,0.061,0.008,1.42
Carrots,Organic Strawberries,10170,0.00304,0.135,0.037,1.64
Roasted Turkey,Large Lemon,1116,0.00033,0.106,0.007,2.21
100% Whole Wheat Bread,Organic Gala Apples,2826,0.00084,0.045,0.037,1.98
Shallot,Organic Garlic,2126,0.00064,0.117,0.019,3.43
Bag of Organic Bananas,Whipped Cream Cheese,6496,0.00194,0.016,0.201,1.71
Limes,No Salt Added Black Beans,5083,0.00152,0.035,0.174,3.98
Strawberries,Organic Egg Whites,1016,0.0003,0.007,0.05,1.12
Organic Sticks Low Moisture Part Skim Mozzarella String Cheese,Organic Yellow Onion,1645,0.00049,0.046,0.014,1.32
Organic Strawberries,Creamy Almond Butter,2521,0.00075,0.009,0.113,1.37
Distilled Water,Organic Hass Avocado,1379,0.00041,0.083,0.006,1.25
Half & Half,Michigan Organic Kale,1887,0.00056,0.026,0.027,1.26
Spring Water,Organic Tomato Cluster,1679,0.0005,0.029,0.025,1.44
Strawberry Rhubarb Yogurt,Banana,1546,0.00046,0.226,0.003,1.54
Apple Honeycrisp Organic,Organic Frozen Peas,1296,0.00039,0.015,0.062,2.37
Yellow Grape Tomatoes,Large Lemon,1303,0.00039,0.165,0.008,3.43
Organic Red Onion,"Organic Red Radish, Bunch",2251,0.00067,0.032,0.08,3.76
Organic Turkey Bacon,Limes,1082,0.00032,0.068,0.007,1.55
Yellow Bell Pepper,Seedless Red Grapes,1641,0.00049,0.062,0.019,2.38
Blueberry Whole Milk Yogurt Pouch,Organic Whole Milk Strawberry Beet Berry Yogurt Pouch,2146,0.00064,0.415,0.329,212.95
Frozen Peaches,Pineapple Chunks,1146,0.00034,0.209,0.044,26.83
Pure Coconut Water,Organic Baby Spinach,2423,0.00072,0.128,0.01,1.7
Bag of Organic Bananas,Organic Plain Whole Milk Yogurt,3745,0.00112,0.009,0.264,2.24
Icelandic Style Fat Free Plain Yogurt,Non Fat Raspberry Yogurt,1027,0.00031,0.128,0.061,25.2
Banana,Organic Red Lentils,1425,0.00043,0.003,0.175,1.19
Organic Garlic,Organic Green Lentils,1029,0.00031,0.009,0.136,4.0
Organic Yellow Onion,Raspberries,1217,0.00036,0.01,0.02,0.57
Organic Raspberries,Organic Plain Whole Milk Yogurt,1747,0.00052,0.012,0.123,2.89
100% Whole Wheat Bread,Organic Red Onion,1241,0.00037,0.02,0.018,0.93
Organic Red Onion,Organic Rainbow Carrots,1025,0.00031,0.014,0.067,3.17
Organic Iceberg Lettuce,Cucumber Kirby,1046,0.00031,0.069,0.01,2.33
Organic Blackberries,Organic Peeled Whole Baby Carrots,2068,0.00062,0.032,0.036,1.85
Organic Whole Milk,Organic Hass Avocado,15253,0.00456,0.107,0.069,1.62
Organic Red Grapes,Organic Raspberries,1130,0.00034,0.118,0.008,2.77
Organic Gala Apples,Organic Creamy Peanut Butter,1071,0.00032,0.014,0.057,2.52
Seedless Red Grapes,Organic Strawberries,14707,0.0044,0.17,0.053,2.06
Organic Fuji Apple,Organic Zucchini,4403,0.00132,0.047,0.04,1.45
Organic Strawberries,Organic AppleApple,4392,0.00131,0.016,0.262,3.18
Half & Half,Organic Zucchini,2972,0.00089,0.041,0.027,1.27
Organic Milk,Organic Yellow Onion,2035,0.00061,0.071,0.017,2.01
Organic Raspberries,Organic Red Chard Greens,1051,0.00031,0.007,0.092,2.17
Organic Chopped Spinach,Organic Garlic,1143,0.00034,0.092,0.01,2.71
Organic Unsweetened Almond Milk,Asparagus,1885,0.00056,0.031,0.026,1.48
Unsweetened Original Almond Breeze Almond Milk,Cucumber Kirby,2105,0.00063,0.058,0.021,1.96
Organic Broccoli Crowns,Organic Strawberries,3883,0.00116,0.203,0.014,2.46
Plain Non-Fat Greek Yogurt,Banana,1624,0.00049,0.289,0.003,1.96
Michigan Organic Kale,Organic Jalapeno Pepper,1221,0.00036,0.017,0.058,2.76
Organic Roma Tomato,Organic Garnet Sweet Potato (Yam),1320,0.00039,0.043,0.024,2.66
Shredded Parmesan,Extra Virgin Olive Oil,1240,0.00037,0.033,0.024,2.1
Banana,Provolone,2009,0.0006,0.004,0.231,1.57
Roasted Red Pepper Hummus,Organic Peeled Whole Baby Carrots,1049,0.00031,0.059,0.018,3.4
Organic Russet Potato,Fresh Cauliflower,2262,0.00068,0.067,0.03,3.02
Organic Good Seed Bread,Organic Hass Avocado,1755,0.00052,0.134,0.008,2.02
Organic Jalapeno Pepper,Organic Zucchini,2168,0.00065,0.103,0.02,3.14
Mild Cheddar Cheese Sticks,Organic Raspberries,1298,0.00039,0.111,0.009,2.6
Total 0% Raspberry Yogurt,Organic Avocado,1211,0.00036,0.096,0.007,1.75
Firm Tofu,Organic Hass Avocado,1408,0.00042,0.128,0.006,1.93
Organic Raspberries,YoKids Blueberry & Strawberry/Vanilla Yogurt,1169,0.00035,0.008,0.092,2.17
Red Peppers,Uncured Genoa Salami,1372,0.00041,0.024,0.032,1.82
Seedless Red Grapes,Green Seedless Grapes,1024,0.00031,0.012,0.079,3.03
Organic Large Green Asparagus,Organic Avocado,1558,0.00047,0.078,0.008,1.41
Organic Cucumber,Uncured Hickory Smoked Sunday Bacon,1017,0.0003,0.012,0.047,1.85
Organic Baby Broccoli,Organic Garnet Sweet Potato (Yam),1719,0.00051,0.052,0.032,3.18
Lowfat Small Curd Cottage Cheese,Bag of Organic Bananas,1473,0.00044,0.187,0.004,1.58
Organic Iceberg Lettuce,Organic Cucumber,1136,0.00034,0.075,0.013,2.97
Natural Sharp Cheddar Sliced Cheese,Banana,1716,0.00051,0.217,0.003,1.48
Limes,Organic Reduced Fat Milk,2257,0.00067,0.015,0.061,1.4
Yellow Bell Pepper,Organic Baby Carrots,1771,0.00053,0.067,0.022,2.77
Limes,White Corn,2477,0.00074,0.017,0.128,2.91
Broccoli Crown,Grape White/Green Seedless,1334,0.0004,0.03,0.033,2.45
Red Peppers,Limes,7033,0.0021,0.121,0.048,2.76
Organic Red Bell Pepper,Organic D'Anjou Pears,2725,0.00081,0.046,0.054,3.0
Total 2% Lowfat Greek Strained Yogurt With Blueberry,Organic Gala Apples,1166,0.00035,0.054,0.015,2.41
Organic Italian Salad,Organic Baby Spinach,1547,0.00046,0.143,0.006,1.9
Organic Small Bunch Celery,Cucumber Kirby,4263,0.00127,0.06,0.043,2.02
Baked Aged White Cheddar Rice and Corn Puffs,Organic Baby Carrots,1011,0.0003,0.071,0.013,2.95
Organic Small Bunch Celery,Organic Red Cabbage,1502,0.00045,0.021,0.096,4.54
Michigan Organic Kale,Grape White/Green Seedless,1572,0.00047,0.022,0.039,1.85
Green Bell Pepper,Organic Fuji Apple,2200,0.00066,0.038,0.024,1.37
Lemon Hummus,Organic Avocado,2286,0.00068,0.134,0.012,2.43
Bag of Organic Bananas,Orange Calcium & Vitamin D Pulp Free,1400,0.00042,0.004,0.129,1.09
Organic Strawberries,Fusilli No. 34,1170,0.00035,0.004,0.167,2.02
Green Bell Pepper,Organic Blackberries,1681,0.0005,0.029,0.026,1.5
Organic Blue Corn Tortilla Chips,Organic Raspberries,1089,0.00033,0.081,0.008,1.89
Organic Large Extra Fancy Fuji Apple,Ground Turkey Breast,1035,0.00031,0.013,0.037,1.6
Bag of Organic Bananas,Red Seedless Grapes,1448,0.00043,0.004,0.149,1.26
100% Raw Coconut Water,Organic Baby Carrots,1357,0.00041,0.035,0.017,1.44
Organic Raspberries,Organic Banana,2280,0.00068,0.016,0.109,2.56
Organic Coconut Milk,Organic Baby Carrots,1077,0.00032,0.038,0.013,1.58
Clementines,Bartlett Pears,1258,0.00038,0.039,0.034,3.57
Organic Sticks Low Moisture Part Skim Mozzarella String Cheese,Limes,2115,0.00063,0.059,0.014,1.36
Bag of Organic Bananas,Apple Pie Fruit & Nut Food Bar,1154,0.00034,0.003,0.149,1.27
Sparkling Lemon Water,Organic Whole String Cheese,1267,0.00038,0.037,0.021,2.01
Red Raspberries,Organic Baby Spinach,3507,0.00105,0.127,0.014,1.68
Organic Unbleached All-Purpose Flour,Organic Garlic,1016,0.0003,0.106,0.009,3.11
Fresh Cauliflower,Organic Garbanzo Beans,2449,0.00073,0.033,0.079,3.54
Red Vine Tomato,Organic Granny Smith Apple,1579,0.00047,0.028,0.026,1.53
Green Bell Pepper,Limes,6640,0.00198,0.114,0.045,2.61
Half & Half,Organic Hass Avocado,6796,0.00203,0.095,0.031,1.44
Bag of Organic Bananas,Dha Omega 3 Reduced Fat 2% Milk,2169,0.00065,0.005,0.206,1.75
Bag of Organic Bananas,Shredded Mild Cheddar Cheese,4586,0.00137,0.012,0.165,1.4
Uncured Genoa Salami,Organic Peeled Whole Baby Carrots,1832,0.00055,0.042,0.032,2.45
Apple Honeycrisp Organic,Unsweetened Vanilla Almond Milk,1313,0.00039,0.015,0.048,1.83
Shredded Parmesan,Organic Ginger Root,1021,0.00031,0.027,0.019,1.68
Medium Salsa Roja,Banana,1164,0.00035,0.181,0.002,1.24
Organic Turkey Bacon,Organic Cucumber,1073,0.00032,0.067,0.013,2.66
Banana,Red Leaf Lettuce,1803,0.00054,0.004,0.195,1.33
Organic Baby Spinach,Organic Tomato Sauce,2047,0.00061,0.008,0.144,1.92
Organic Sticks Low Moisture Part Skim Mozzarella String Cheese,Organic Grade A Free Range Large Brown Eggs,1496,0.00045,0.042,0.036,3.37
Shredded Parmesan,Organic Zucchini,3010,0.0009,0.08,0.028,2.44
Organic Cucumber,Large Lemon,7714,0.00231,0.091,0.048,1.89
Carrots,Organic Gala Apples,3581,0.00107,0.048,0.047,2.11
Baked Aged White Cheddar Rice and Corn Puffs,Organic Whole Milk,1664,0.0005,0.117,0.012,2.74
Iceberg Lettuce,Large Lemon,1038,0.00031,0.077,0.006,1.61
Organic Raw Unfiltered Apple Cider Vinegar,Organic Baby Spinach,1277,0.00038,0.145,0.005,1.93
Banana,Organic Cucumber,13371,0.004,0.027,0.157,1.07
Organic Black Beans,Feta Cheese Crumbles,1261,0.00038,0.032,0.037,3.15
Organic Whole String Cheese,Original Veggie Straws,1595,0.00048,0.026,0.091,4.94
Organic YoKids Very Berry Smoothies,Organic Strawberries,1988,0.00059,0.262,0.007,3.18
Apple Honeycrisp Organic,Hass Avocados,1181,0.00035,0.014,0.022,0.86
Seedless Red Grapes,Organic Large Brown Grade AA Cage Free Eggs,1065,0.00032,0.012,0.032,1.24
Organic Roma Tomato,Organic Romaine Lettuce,1168,0.00035,0.038,0.032,3.55
Organic Whole String Cheese,Organic Hothouse Cucumbers,1100,0.00033,0.018,0.044,2.4
100% Raw Coconut Water,Organic Ginger Root,1557,0.00047,0.04,0.029,2.45
Organic Whole Milk,Potato Yukon Gold Organic,1265,0.00038,0.009,0.097,2.26
Bag of Organic Bananas,Organic Yams,3646,0.00109,0.009,0.174,1.48
Organic Blackberries,"Clementines, Bag",1933,0.00058,0.03,0.047,2.42
Creamy Almond Butter,Organic Zucchini,1207,0.00036,0.054,0.011,1.65
Mango Chunks,Honeycrisp Apple,1073,0.00032,0.058,0.013,2.34
Organic Baby Arugula,Ground Turkey Breast,1410,0.00042,0.019,0.051,2.25
Organic Cucumber,Organic Dill,1359,0.00041,0.016,0.082,3.23
Organic Bell Pepper,Organic Ginger Root,1029,0.00031,0.042,0.019,2.62
Dried Mango,Bag of Organic Bananas,2082,0.00062,0.196,0.005,1.66
Organic Ginger Root,Organic Half & Half,1381,0.00041,0.026,0.017,1.08
Strawberries,Organic Unsweetened Almond Milk,2018,0.0006,0.014,0.034,0.75
2% Reduced Fat DHA Omega-3 Reduced Fat Milk,Strawberries,1190,0.00036,0.085,0.008,1.91
Organic Celery Hearts,Organic Zucchini,2605,0.00078,0.105,0.024,3.2
Banana,Seven Grain Crispy Tenders,1200,0.00036,0.002,0.162,1.1
Watermelon Chunks,Organic Blueberries,1526,0.00046,0.06,0.015,1.91
Organic Blackberries,Organic Tomato Cluster,2259,0.00068,0.035,0.034,1.75
Organic Blackberries,Fresh Cauliflower,2486,0.00074,0.038,0.033,1.73
Broccoli & Apple Stage 2 Baby Food,Spinach Peas & Pear Stage 2 Baby Food,2409,0.00072,0.342,0.29,137.63
Organic Red Bell Pepper,Organic Snipped Green Beans,1475,0.00044,0.025,0.081,4.53
Watermelon Chunks,Organic Strawberries,5193,0.00155,0.205,0.019,2.48
Apple Honeycrisp Organic,Organic Baby Spinach,12345,0.00369,0.141,0.049,1.88
Banana,Organic Baby Kale,4044,0.00121,0.008,0.213,1.45
Bag of Organic Bananas,Uncured Hickory Smoked Sunday Bacon,3611,0.00108,0.009,0.167,1.42
Organic Reduced Fat 2% Milk,Total 2% Lowfat Greek Strained Yogurt with Peach,1152,0.00034,0.023,0.056,3.8
Organic Leek,Organic Zucchini,3090,0.00092,0.151,0.028,4.62
Organic Whipped Naturally Buttery Spread,Organic Hass Avocado,1523,0.00046,0.115,0.007,1.75
Bartlett Pears,Raspberries,1727,0.00052,0.047,0.028,2.59
Frozen Organic Wild Blueberries,Original Hummus,1662,0.0005,0.054,0.022,2.42
Organic Fresh Basil,Organic Avocado,1337,0.0004,0.11,0.007,1.99
Organic Coconut Milk,Extra Virgin Olive Oil,1070,0.00032,0.038,0.02,2.42
Organic Sprouted English Muffin,Organic Baby Spinach,1008,0.0003,0.154,0.004,2.05
Organic Extra Firm Tofu,Organic Small Bunch Celery,1467,0.00044,0.048,0.021,2.29
Vanilla Pure Almond Milk,Organic Hass Avocado,1488,0.00044,0.125,0.007,1.89
Yellow Onions,Vine Ripe Tomatoes,1315,0.00039,0.017,0.082,3.56
2% Reduced Fat DHA Omega-3 Reduced Fat Milk,Large Lemon,1442,0.00043,0.103,0.009,2.15
Lavender Hand Soap,Banana,1121,0.00034,0.181,0.002,1.23
Organic Black Beans,Extra Virgin Olive Oil,1167,0.00035,0.029,0.022,1.89
Fresh Cauliflower,No Salt Added Black Beans,1437,0.00043,0.019,0.049,2.22
Red Vine Tomato,Ground Turkey Breast,1140,0.00034,0.02,0.041,2.43
Yellow Bell Pepper,Red Onion,1497,0.00045,0.056,0.034,4.23
Organic Grade A Free Range Large Brown Eggs,Green Bell Pepper,1376,0.00041,0.033,0.024,1.9
Organic Grade A Free Range Large Brown Eggs,Organic Granny Smith Apple,1646,0.00049,0.039,0.027,2.16
Organic Lemon,Organic Fat Free Milk,1234,0.00037,0.014,0.045,1.65
Organic Large Brown Grade AA Cage Free Eggs,Uncured Hickory Smoked Sunday Bacon,1135,0.00034,0.034,0.053,5.29
Organic Lemon,Pure Sparkling Water,1182,0.00035,0.013,0.039,1.44
Organic Yellow Onion,Organic Hothouse Cucumbers,2299,0.00069,0.02,0.093,2.63
Strawberries,Organic Fat Free Milk,1631,0.00049,0.011,0.06,1.33
Organic Yellow Onion,Total Greek Strained Yogurt,1874,0.00056,0.016,0.068,1.94
Organic Broccoli Florets,Organic Strawberries,5336,0.00159,0.156,0.019,1.89
Organic Extra Large Brown Eggs,Organic Hass Avocado,1190,0.00036,0.12,0.005,1.82
Organic Spinach Bunch,Banana,1640,0.00049,0.133,0.003,0.91
Hass Avocados,Romaine Hearts,1955,0.00058,0.037,0.073,4.62
Green Onions,Cucumber Kirby,2919,0.00087,0.104,0.029,3.5
Penne Rigate,Bag of Organic Bananas,1423,0.00043,0.15,0.004,1.27
Organic Red Onion,Organic Green Cabbage,1815,0.00054,0.026,0.082,3.87
Large Grapefruit,Organic Kiwi,1363,0.00041,0.061,0.026,3.93
Half & Half,Unsalted Butter,1686,0.0005,0.024,0.045,2.12
Organic Unsweetened Almond Milk,Honeycrisp Apple,1749,0.00052,0.029,0.021,1.17
Organic Baby Spinach,Oven Roasted Turkey Breast,2155,0.00064,0.009,0.103,1.37
Blueberries,Organic Avocado,4674,0.0014,0.08,0.025,1.46
Organic Strawberries,Sparkling Lemon Water,2998,0.0009,0.011,0.088,1.06
Bartlett Pears,Organic Baby Carrots,1803,0.00054,0.049,0.022,2.05
Organic Raspberries,Organic Spring Mix Salad,1679,0.0005,0.012,0.076,1.78
Organic D'Anjou Pears,Organic Cilantro,2265,0.00068,0.045,0.031,2.04
Michigan Organic Kale,Organic Garnet Sweet Potato (Yam),3928,0.00117,0.056,0.072,3.44
Organic Italian Parsley Bunch,Organic Grape Tomatoes,4530,0.00135,0.072,0.051,2.73
Organic Broccoli Crowns,Banana,2842,0.00085,0.148,0.006,1.01
Whole Milk,Bag of Organic Bananas,2634,0.00079,0.071,0.007,0.6
Organic Vegetable Broth,Large Lemon,1215,0.00036,0.1,0.008,2.09
Roma Tomato,Fresh Ginger Root,1066,0.00032,0.025,0.042,3.33
English Seedless Cucumber,Organic Avocado,1911,0.00057,0.138,0.01,2.51
Grape White/Green Seedless,Cucumber Kirby,3414,0.00102,0.084,0.034,2.83
Bag of Organic Bananas,Total 2% All Natural Low Fat 2% Milkfat Greek Strained Yogurt,2770,0.00083,0.007,0.183,1.55
100% Whole Wheat Bread,Organic D'Anjou Pears,1806,0.00054,0.029,0.036,1.88
Organic Large Extra Fancy Fuji Apple,Organic Tomato Cluster,3661,0.00109,0.047,0.055,2.35
Organic Baby Spinach,Total 2% All Natural Low Fat 2% Milkfat Greek Strained Yogurt,2496,0.00075,0.01,0.165,2.19
Organic Whole Milk,Organic Chicken Strips,1146,0.00034,0.008,0.099,2.32
Organic Baby Broccoli,Organic Avocado,2513,0.00075,0.076,0.014,1.38
Natural Spring Water,Banana,2517,0.00075,0.123,0.005,0.84
Organic Whole String Cheese,Michigan Organic Kale,1987,0.00059,0.032,0.028,1.54
Bag of Organic Bananas,All Natural Marinara Sauce,1563,0.00047,0.004,0.176,1.49
Spring Water,Organic Half & Half,1321,0.00039,0.023,0.017,0.96
Organic Fresh Basil,Organic Zucchini,1318,0.00039,0.108,0.012,3.31
Whipped Cream Cheese,Organic Peeled Whole Baby Carrots,1440,0.00043,0.045,0.025,2.58
Total 2% All Natural Greek Strained Yogurt with Honey,Honeycrisp Apple,1396,0.00042,0.059,0.017,2.35
Watermelon Chunks,Organic Kiwi,1031,0.00031,0.041,0.02,2.61
Organic Baby Spinach,Organic Mountain Forest Amber Honey,1041,0.00031,0.004,0.137,1.81
Whole Wheat Bread,Banana,3213,0.00096,0.292,0.007,1.99
Organic Baby Kale,Honeycrisp Apple,1044,0.00031,0.055,0.013,2.21
Green Onions,Red Onion,1982,0.00059,0.071,0.045,5.33
Pure Irish Butter,Large Lemon,2364,0.00071,0.067,0.015,1.39
Organic Grape Tomatoes,Sweet Onion,1172,0.00035,0.013,0.057,2.18
Organic Lemon,Sharp Cheddar Cheese,1203,0.00036,0.013,0.038,1.4
Organic Baby Arugula,Organic Green Cabbage,1016,0.0003,0.013,0.046,2.03
Organic Yellow Onion,Organic Peeled Whole Baby Carrots,3438,0.00103,0.029,0.059,1.69
Bag of Organic Bananas,Blackberry Cucumber Sparkling Water,1240,0.00037,0.003,0.105,0.89
Organic Raspberries,Roma Tomato,1197,0.00036,0.008,0.028,0.67
Mild Cheddar Cheese Sticks,Organic Strawberries,2726,0.00081,0.233,0.01,2.83
Original Orange Juice,Organic Raspberries,1477,0.00044,0.057,0.01,1.33
Organic Strawberries,Organic Bunch Beets,2248,0.00067,0.008,0.149,1.81
Crushed Tomatoes,Organic Strawberries,1292,0.00039,0.105,0.005,1.27
Organic Butternut Squash,Organic D'Anjou Pears,1027,0.00031,0.05,0.02,3.29
Organic Tomato Paste,Grated Parmesan,1123,0.00034,0.061,0.024,4.37
Organic Original Hommus,Organic Avocado,1412,0.00042,0.103,0.008,1.86
Bunched Cilantro,Cucumber Kirby,4175,0.00125,0.088,0.042,2.95
Bag of Organic Bananas,Organic Sliced Crimini Mushrooms,1606,0.00048,0.004,0.198,1.68
Banana,Ataulfo Mango,1595,0.00048,0.003,0.276,1.88
Bag of Organic Bananas,Enlightened Organic Raw Kombucha,1290,0.00039,0.003,0.179,1.51
Banana,Original Semisoft Cheese,2914,0.00087,0.006,0.254,1.73
Strawberries,Mandarin Oranges,1275,0.00038,0.009,0.109,2.43
Large Alfresco Eggs,Organic Carrot Bunch,1192,0.00036,0.028,0.032,2.51
Apple Honeycrisp Organic,Blueberries,1039,0.00031,0.012,0.018,0.68
Apple Honeycrisp Organic,Sparkling Natural Mineral Water,1500,0.00045,0.017,0.034,1.29
Organic Raspberries,Organic Bosc Pear,3241,0.00097,0.023,0.146,3.44
Original Semisoft Cheese,Organic Hass Avocado,1446,0.00043,0.126,0.007,1.91
100% Whole Wheat Bread,Organic Small Bunch Celery,1715,0.00051,0.027,0.024,1.29
Organic Grade A Free Range Large Brown Eggs,Cucumber Kirby,2390,0.00071,0.057,0.024,1.92
85% Lean Ground Beef,Limes,1305,0.00039,0.102,0.009,2.33
Organic Whole Milk,Organic Mexican Blend Finely Shredded Cheese,1443,0.00043,0.01,0.076,1.78
100% Whole Wheat Bread,Roma Tomato,1401,0.00042,0.022,0.033,1.76
Marinara Sauce,Grated Parmesan,1444,0.00043,0.07,0.031,4.96
Nonfat Icelandic Style Strawberry Yogurt,Bag of Organic Bananas,1955,0.00058,0.177,0.005,1.5
Original Hummus,Grated Parmesan,2335,0.0007,0.031,0.05,2.24
Organic Navel Orange,Organic Garlic,3739,0.00112,0.084,0.033,2.46
Organic Carrot Bunch,Organic Lacinato (Dinosaur) Kale,2189,0.00065,0.058,0.049,4.35
Organic Baby Carrots,Organic Zucchini,5492,0.00164,0.068,0.05,2.09
"Organic Red Radish, Bunch",Organic Small Bunch Celery,2636,0.00079,0.093,0.037,4.41
Organic Lemon,Organic Whole Milk,4722,0.00141,0.052,0.033,1.21
Trilogy Kombucha Drink,Large Lemon,1127,0.00034,0.065,0.007,1.35
"Organic Red Radish, Bunch",Bunched Cilantro,1192,0.00036,0.042,0.025,2.97
Organic Baby Spinach,Red Onion,4649,0.00139,0.018,0.105,1.39
Organic Ginger Root,Globe Eggplant,1138,0.00034,0.021,0.064,3.93
Cantaloupe,Organic Baby Carrots,1447,0.00043,0.058,0.018,2.4
Organic Strawberries,Potato Yukon Gold Organic,2042,0.00061,0.007,0.156,1.89
Banana,Everything Deli Style Pretzel Crisps Crackers,1257,0.00038,0.003,0.245,1.67
Organic No Salt Added Diced Tomatoes,Bag of Organic Bananas,1817,0.00054,0.17,0.005,1.44
Organic Yellow Onion,Organic Blackberries,2679,0.0008,0.023,0.041,1.18
Organic Strawberries,Gluten Free Chocolate Chip Cookies,1279,0.00038,0.005,0.132,1.61
Organic Spring Mix Salad,Cucumber Kirby,2055,0.00061,0.093,0.021,3.11
Russet Potato,Bunched Cilantro,1256,0.00038,0.041,0.026,2.88
Small Hass Avocado,Organic Kiwi,1508,0.00045,0.029,0.029,1.86
Organic Apple Juice,Organic Hass Avocado,1562,0.00047,0.129,0.007,1.95
Bag of Organic Bananas,Organic Homestyle Waffles,1872,0.00056,0.005,0.209,1.77
Organic Chocolate Chip Chewy Granola Bars,Banana,1721,0.00051,0.255,0.004,1.74
Yellow Onions,Lime Sparkling Water,1528,0.00046,0.02,0.031,1.37
Organic Broccoli Florets,Organic Granny Smith Apple,1054,0.00031,0.031,0.017,1.68
Organic Baby Spinach,Boneless Skinless Chicken Breasts,8823,0.00264,0.035,0.168,2.24
Organic Garlic,Organic Creamy Peanut Butter,1224,0.00037,0.011,0.065,1.91
Organic Italian Parsley Bunch,Organic Tomato Cluster,3531,0.00106,0.056,0.053,2.81
Red Peppers,Organic Granny Smith Apple,1829,0.00055,0.031,0.03,1.72
Lime Sparkling Water,Large Lemon,3453,0.00103,0.071,0.021,1.48
Organic Baby Spinach,Organic Black Beans,7307,0.00218,0.029,0.185,2.45
Organic Large Grade AA Brown Eggs,Organic Small Bunch Celery,1240,0.00037,0.047,0.018,2.21
Organic Grade A Free Range Large Brown Eggs,Organic Strawberries,7655,0.00229,0.183,0.028,2.22
Strawberries,Unsweetened Almondmilk,1964,0.00059,0.013,0.038,0.85
Organic Strawberries,Peach,1326,0.0004,0.005,0.208,2.52
Lemon Hummus,Organic Whole Milk,1195,0.00036,0.07,0.008,1.64
Total 2% Lowfat Greek Strained Yogurt With Blueberry,Total 2% Greek Strained Yogurt with Cherry 5.3 oz,5466,0.00163,0.255,0.292,45.71
Michigan Organic Kale,Organic Cilantro,4395,0.00131,0.063,0.06,2.87
Organic Carrot Bunch,Organic Cilantro,2680,0.0008,0.071,0.037,3.27
Organic Russet Potato,Organic Garnet Sweet Potato (Yam),2309,0.00069,0.069,0.042,4.21
Organic Butternut Squash,Organic Lacinato (Dinosaur) Kale,1082,0.00032,0.053,0.024,3.93
Lemon Yogurt,Raspberry Yoghurt,1548,0.00046,0.165,0.177,63.14
Strawberries,Roasted Turkey Breast,1186,0.00035,0.008,0.065,1.45
Honey Nut Cheerios,Large Lemon,1894,0.00057,0.068,0.012,1.41
Mango Chunks,Organic Baby Spinach,4241,0.00127,0.23,0.017,3.06
Seedless Red Grapes,Cherubs Heavenly Salad Tomatoes,1024,0.00031,0.012,0.045,1.75
No Salt Added Black Beans,Red Onion,1185,0.00035,0.041,0.027,3.06
Organic Strawberries,Red Onion,4229,0.00126,0.015,0.095,1.15
Organic Broccoli,Organic Romaine Lettuce,1320,0.00039,0.033,0.037,3.04
Fresh Cauliflower,Brussels Sprouts,1749,0.00052,0.024,0.075,3.37
Seedless Cucumbers,Organic Spring Mix,1033,0.00031,0.072,0.031,7.31
Carrots,Pure Irish Butter,1184,0.00035,0.016,0.033,1.49
Red Raspberries,Organic Kiwi,1091,0.00033,0.039,0.021,2.53
Organic Raspberries,Almonds & Sea Salt in Dark Chocolate,1202,0.00036,0.008,0.09,2.11
Soda,Banana,1460,0.00044,0.039,0.003,0.27
Spring Water,Organic Italian Parsley Bunch,1353,0.0004,0.023,0.021,1.23
Sourdough Bread,Organic Baby Spinach,2307,0.00069,0.135,0.009,1.8
"YoKids Squeezers Organic Low-Fat Yogurt, Strawberry",Organic Large Extra Fancy Fuji Apple,1194,0.00036,0.059,0.015,2.52
Organic No Salt Added Diced Tomatoes,Organic Zucchini,1262,0.00038,0.118,0.012,3.62
Organic Baby Spinach,Marinara Pasta Sauce,1955,0.00058,0.008,0.169,2.24
Fresh Cauliflower,Organic Extra Firm Tofu,2084,0.00062,0.028,0.069,3.1
Bag of Organic Bananas,"Milk, Organic, Vitamin D",5911,0.00177,0.015,0.285,2.41
Organic Spring Mix,Cucumber Kirby,2294,0.00069,0.069,0.023,2.32
Organic Garlic,Organic Bell Pepper,2289,0.00068,0.02,0.094,2.76
Goat Cheese Crumbles,Large Lemon,1469,0.00044,0.105,0.009,2.18
Banana,Almonds & Sea Salt in Dark Chocolate,2957,0.00088,0.006,0.221,1.51
Bag of Organic Bananas,Organic Whole Grain Wheat English Muffins,3730,0.00111,0.009,0.264,2.24
Bag of Organic Bananas,Organic Large Grade A Brown Eggs,2547,0.00076,0.006,0.174,1.47
Half & Half,Grated Parmesan,1969,0.00059,0.027,0.042,1.96
Plain Greek Yogurt,Organic Raspberries,1556,0.00047,0.108,0.011,2.54
Bag of Organic Bananas,Bartlett Pears,4694,0.0014,0.012,0.128,1.09
Organic Hass Avocado,Organic Garnet Sweet Potato (Yam),10692,0.0032,0.048,0.196,2.97
"Flat Parsley, Bunch",Organic Avocado,1732,0.00052,0.123,0.009,2.24
Strawberries,No Salt Added Black Beans,1924,0.00058,0.013,0.066,1.48
Apple Honeycrisp Organic,Organic Kiwi,3814,0.00114,0.044,0.073,2.81
"Clementines, Bag",Organic Bartlett Pear,1135,0.00034,0.027,0.029,2.38
Bag of Organic Bananas,Roasted Turkey,1679,0.0005,0.004,0.16,1.35
Plain Bagels,Organic Strawberries,1246,0.00037,0.116,0.005,1.41
Organic Whole String Cheese,Organic Tomato Cluster,2209,0.00066,0.036,0.033,1.79
Organic Large Extra Fancy Fuji Apple,Organic Half & Half,3278,0.00098,0.042,0.041,1.78
Strawberries,Marinara Sauce,1229,0.00037,0.008,0.059,1.33
Organic Red Bell Pepper,Globe Eggplant,1273,0.00038,0.021,0.071,3.97
Bag of Organic Bananas,Cereal,1169,0.00035,0.003,0.092,0.78
Yotoddler Organic Pear Spinach Mango Yogurt,Organic Strawberries,1388,0.00041,0.223,0.005,2.7
Organic Honey Sweet Whole Wheat Bread,Organic Hass Avocado,1961,0.00059,0.162,0.009,2.46
Electrolyte Enhanced Water,Organic Avocado,1465,0.00044,0.068,0.008,1.23
Organic Free Range Chicken Broth,Large Lemon,1438,0.00043,0.108,0.009,2.24
Organic & Raw Strawberry Serenity Kombucha,Banana,1340,0.0004,0.184,0.003,1.26
Orange Bell Pepper,Extra Virgin Olive Oil,1061,0.00032,0.026,0.02,1.65
Organic AppleApple,Organic Cucumber,1139,0.00034,0.068,0.013,2.67
Sparkling Water Grapefruit,Organic Ginger Root,1376,0.00041,0.017,0.025,1.07
Limes,Icelandic Style Skyr Blueberry Non-fat Yogurt,1162,0.00035,0.008,0.058,1.33
Sea Salt Pita Chips,Organic Hass Avocado,1789,0.00053,0.103,0.008,1.56
"YoKids Squeezers Organic Low-Fat Yogurt, Strawberry",Organic Avocado,2083,0.00062,0.102,0.011,1.86
Italian Extra Virgin Olive Oil,Organic Strawberries,1575,0.00047,0.122,0.006,1.48
Organic Sticks Low Moisture Part Skim Mozzarella String Cheese,Organic Baby Arugula,1164,0.00035,0.033,0.015,1.45
Grated Parmesan,Organic Reduced Fat Milk,1382,0.00041,0.029,0.037,2.67
Total Greek Strained Yogurt,Organic Small Bunch Celery,1020,0.0003,0.037,0.014,1.76
Organic Baby Spinach,Green Peas,1753,0.00052,0.007,0.149,1.98
Organic Baby Arugula,Organic Yellow Onion,6043,0.00181,0.08,0.051,2.27
Romaine Hearts,Organic Hass Avocado,2471,0.00074,0.092,0.011,1.39
Organic Tomato Cluster,Organic Small Bunch Celery,4069,0.00122,0.061,0.058,2.88
Bag of Organic Bananas,Apple Sauce,1658,0.0005,0.004,0.251,2.13
Organic Lacinato (Dinosaur) Kale,Organic Italian Parsley Bunch,3894,0.00116,0.087,0.062,4.61
Michigan Organic Kale,Organic Bartlett Pear,1511,0.00045,0.022,0.039,1.86
Tomato Ketchup,Bag of Organic Bananas,1178,0.00035,0.086,0.003,0.73
Organic Leek,Organic Grape Tomatoes,1364,0.00041,0.067,0.015,2.54
Organic Red Bell Pepper,Sparkling Water Grapefruit,1670,0.0005,0.028,0.021,1.18
Organic Distilled White Vinegar,Organic Hass Avocado,1308,0.00039,0.138,0.006,2.09
Hass Avocados,Banana,5363,0.0016,0.102,0.011,0.7
Orange Bell Pepper,Green Bell Pepper,4144,0.00124,0.101,0.071,5.82
Red Raspberries,Strawberries,4769,0.00143,0.172,0.032,3.85
Green Bell Pepper,Organic Ginger Root,2613,0.00078,0.045,0.048,2.79
Large Alfresco Eggs,Organic Cucumber,2349,0.0007,0.056,0.028,2.19
Organic Large Extra Fancy Fuji Apple,Red Vine Tomato,1700,0.00051,0.022,0.03,1.29
Shredded Parmesan,Organic Garnet Sweet Potato (Yam),1318,0.00039,0.035,0.024,2.15
Apple Honeycrisp Organic,Organic Roasted Turkey Breast,1991,0.0006,0.023,0.067,2.59
Total 2% Lowfat Greek Strained Yogurt With Blueberry,Apple Honeycrisp Organic,1192,0.00036,0.056,0.014,2.14
Organic Cheese Frozen Pizza,Organic Raspberries,1547,0.00046,0.104,0.011,2.44
Organic Cilantro,Pure Irish Butter,1026,0.00031,0.014,0.029,1.33
Italian Sparkling Mineral Water,Organic Red Onion,1390,0.00042,0.043,0.02,2.05
Thyme,Organic Garlic,1056,0.00032,0.197,0.009,5.78
Pure Baking Soda,Banana,1369,0.00041,0.164,0.003,1.12
Organic Low Sodium Chicken Cooking Stock,Bag of Organic Bananas,1023,0.00031,0.153,0.003,1.29
Red Vine Tomato,Bartlett Pears,1238,0.00037,0.022,0.034,2.0
Vitamin D Organic Whole Milk,Banana,2987,0.00089,0.277,0.006,1.88
Organic Salted Butter,Organic Avocado,1026,0.00031,0.066,0.006,1.19
Organic Whole Milk,Ground Turkey Breast,1932,0.00058,0.014,0.07,1.64
Organic Strawberries,Organic YoKids Smoothie Strawberry Banana Lowfat Yogurt,1974,0.00059,0.007,0.262,3.18
Organic Mint,Carrots,1238,0.00037,0.06,0.016,2.69
Organic Lemon,Fresh Ginger Root,1479,0.00044,0.016,0.058,2.13
Cantaloupe,Michigan Organic Kale,1021,0.00031,0.041,0.015,1.94
Broccoli Crown,Organic Whole String Cheese,1316,0.00039,0.029,0.021,1.59
Strawberries,Banana,43180,0.0129,0.289,0.088,1.97
Bag of Organic Bananas,Goat Cheese Crumbles,2143,0.00064,0.005,0.153,1.3
Organic Italian Parsley Bunch,Organic Thyme,3498,0.00105,0.056,0.173,9.19
Organic Garlic,Unsweetened Original Almond Breeze Almond Milk,1384,0.00041,0.012,0.038,1.13
Bag of Organic Bananas,Grated Parmesan,8241,0.00246,0.021,0.176,1.49
Large Alfresco Eggs,Organic Broccoli Florets,1001,0.0003,0.024,0.029,2.31
Half & Half,Organic Bartlett Pear,1549,0.00046,0.022,0.04,1.87
Organic Cilantro,Organic Extra Firm Tofu,1989,0.00059,0.027,0.066,3.01
Yellow Onions,Limes,10069,0.00301,0.131,0.069,2.99
Organic Celery Hearts,Organic Italian Parsley Bunch,2474,0.00074,0.099,0.039,5.28
Frozen Organic Wild Blueberries,Organic Garnet Sweet Potato (Yam),1519,0.00045,0.049,0.028,3.01
Organic Tomato Paste,Organic Whole Milk,1560,0.00047,0.085,0.011,1.99
Organic Yellow Onion,Organic Tomato Sauce,1985,0.00059,0.017,0.14,3.98
Medium Cheddar Cheese Block,Organic Strawberries,1755,0.00052,0.158,0.006,1.92
Organic Reduced Fat 2% Milk,Organic Whole String Cheese,2304,0.00069,0.047,0.037,2.53
Banana,Freshly Squeezed Orange Juice,1056,0.00032,0.002,0.164,1.11
Organic Grape Tomatoes,Organic Old Fashioned Rolled Oats,1189,0.00036,0.013,0.057,2.16
Red Peppers,Organic Garnet Sweet Potato (Yam),2168,0.00065,0.037,0.04,2.29
Organic Baby Spinach,Organic Raw Kombucha Gingerade,2735,0.00082,0.011,0.127,1.69
Organic Rainbow Carrots,Organic Zucchini,1768,0.00053,0.116,0.016,3.54
Small Hass Avocado,Organic Navel Orange,1213,0.00036,0.023,0.027,1.74
Organic Cream Cheese Bar,Organic Garlic,1062,0.00032,0.096,0.009,2.83
Organic Low Sodium Chicken Broth,Organic Avocado,2417,0.00072,0.132,0.013,2.41
Garlic Powder,Banana,1195,0.00036,0.182,0.002,1.24
Organic Grape Tomatoes,Honeycrisp Apple,4039,0.00121,0.046,0.048,1.84
Strawberries,Organic Bread with 21 Whole Grains,1042,0.00031,0.007,0.044,0.97
Organic Celery Hearts,Organic Red Bell Pepper,1120,0.00033,0.045,0.019,2.51
Organic Bell Pepper,Organic Small Bunch Celery,1683,0.0005,0.069,0.024,3.27
Organic Mango Chunks,Organic Blueberries,1162,0.00035,0.149,0.011,4.75
Organic Fuji Apple,Organic Baby Carrots,3972,0.00119,0.043,0.049,1.78
Organic White Onions,Cucumber Kirby,1199,0.00036,0.049,0.012,1.64
Banana,Kids Organic Chocolate Chip ZBars,3307,0.00099,0.007,0.27,1.84
Pure Coconut Water,Organic Avocado,1553,0.00046,0.082,0.008,1.49
Vanilla Skyr Nonfat Yogurt,Limes,1147,0.00034,0.061,0.008,1.38
Organic Strawberries,Grape White/Green Seedless,7829,0.00234,0.028,0.193,2.35
Organic Yellow Onion,Organic Whole Milk,8372,0.0025,0.071,0.059,1.67
Organic Red Bell Pepper,Organic Russet Potato,1577,0.00047,0.026,0.047,2.61
Sourdough Bread,Organic Avocado,2061,0.00062,0.121,0.011,2.19
Banana,YoKids Blueberry & Strawberry/Vanilla Yogurt,3764,0.00112,0.008,0.298,2.03
Fresh Mozzarella Ball,Organic Hass Avocado,1338,0.0004,0.127,0.006,1.92
Apple Honeycrisp Organic,Pure Sparkling Water,1332,0.0004,0.015,0.044,1.7
Green Bell Pepper,Organic Green Cabbage,1429,0.00043,0.025,0.065,3.72
Organic Strawberries,Organic Sour Cream,4113,0.00123,0.015,0.148,1.8
Seedless Red Grapes,Bunched Cilantro,1809,0.00054,0.021,0.038,1.47
Organic Strawberries,Cheese Pizza Snacks,1453,0.00043,0.005,0.164,1.99
Sliced Black Olives,Limes,1231,0.00037,0.11,0.008,2.5
Organic Reduced Fat 2% Milk,Unsweetened Almondmilk,1917,0.00057,0.039,0.037,2.51
Organic Navel Orange,Organic Roma Tomato,1187,0.00035,0.027,0.039,2.91
Large Alfresco Eggs,Organic Baby Arugula,1777,0.00053,0.042,0.023,1.86
Organic Baby Spinach,Heavy Whipping Cream,1923,0.00057,0.008,0.089,1.19
Organic Sour Cream,Organic Hass Avocado,4022,0.0012,0.145,0.018,2.2
Organic Large Green Asparagus,Organic Whole Milk,1335,0.0004,0.067,0.009,1.56
Organic Coconut Milk,Organic Cucumber,1595,0.00048,0.056,0.019,2.22
Roasted Red Pepper Hummus,Banana,4107,0.00123,0.23,0.008,1.57
"YoKids Squeezers Organic Low-Fat Yogurt, Strawberry",Organic Whole Milk,2506,0.00075,0.123,0.018,2.89
Fresh Cauliflower,Organic Zucchini,8921,0.00267,0.12,0.082,3.68
Strawberries,2% Reduced Fat Milk,2471,0.00074,0.017,0.064,1.43
Garlic,Organic Zucchini,2789,0.00083,0.072,0.025,2.21
Red Vine Tomato,Unsalted Butter,1369,0.00041,0.024,0.037,2.18
Organic Yellow Squash,Large Lemon,1160,0.00035,0.1,0.007,2.08
Organic Green Lentils,Organic Hass Avocado,1170,0.00035,0.155,0.005,2.35
Green Bell Pepper,Organic Unsweetened Almond Milk,1883,0.00056,0.032,0.031,1.81
Organic Large Extra Fancy Fuji Apple,Spring Water,1863,0.00056,0.024,0.032,1.37
Organic Broccoli,Organic Small Bunch Celery,3012,0.0009,0.075,0.043,3.53
Organic Fat Free Milk,Organic Baby Carrots,1448,0.00043,0.053,0.018,2.2
Seedless Red Grapes,Organic Roma Tomato,1144,0.00034,0.013,0.037,1.45
Red Peppers,Organic Unsweetened Almond Milk,1402,0.00042,0.024,0.023,1.34
Organic Rosemary,Organic Yellow Onion,1578,0.00047,0.146,0.013,4.16
Large Alfresco Eggs,Half & Half,1321,0.00039,0.031,0.018,1.46
Original Orange Juice,Cucumber Kirby,1027,0.00031,0.04,0.01,1.33
Small Hass Avocado,Fresh CA Grown Eggs,1376,0.00041,0.026,0.129,8.29
Organic & Raw Strawberry Serenity Kombucha,Trilogy Kombucha Drink,1293,0.00039,0.178,0.074,34.13
Total 2% All Natural Greek Strained Yogurt with Honey,Organic Whole Milk,1622,0.00048,0.068,0.011,1.59
Organic Romaine Lettuce,Organic Avocado,3752,0.00112,0.104,0.02,1.89
Organic Roma Tomato,Organic Avocado,3899,0.00117,0.128,0.021,2.32
Organic Garlic,Organic Baby Carrots,4490,0.00134,0.039,0.056,1.64
Organic Roasted Turkey Breast,Organic Baby Carrots,1916,0.00057,0.065,0.024,2.7
Half & Half,Icelandic Style Skyr Blueberry Non-fat Yogurt,1025,0.00031,0.014,0.051,2.4
Organic Baby Arugula,Organic Whole Milk,4821,0.00144,0.064,0.034,1.49
Organic Large Brown Grade AA Cage Free Eggs,Organic Tomato Cluster,1951,0.00058,0.059,0.029,2.94
Shredded Parmesan,Organic Raspberries,2846,0.00085,0.076,0.02,1.77
Organic Gala Apples,Organic Kiwi,3681,0.0011,0.049,0.071,3.13
Organic Strawberries,Honey Nut Cheerios,3556,0.00106,0.013,0.127,1.54
Organic Large Extra Fancy Fuji Apple,Sparkling Water Grapefruit,2463,0.00074,0.032,0.031,1.33
Bag of Organic Bananas,Organic Fat Free Milk,4748,0.00142,0.012,0.173,1.47
Blood Oranges,Organic Avocado,1143,0.00034,0.104,0.006,1.88
Unsalted Pure Irish Butter,Organic Cucumber,1014,0.0003,0.049,0.012,1.94
Organic Romaine,Limes,2599,0.00078,0.105,0.018,2.39
Bag of Organic Bananas,Green Peas,1064,0.00032,0.003,0.091,0.77
Yellow Onions,Organic Lacinato (Dinosaur) Kale,2449,0.00073,0.032,0.055,2.38
Organic Baby Arugula,Organic Leek,1384,0.00041,0.018,0.068,2.99
Organic Peeled Whole Baby Carrots,Organic Half & Half,1967,0.00059,0.034,0.025,1.44
Organic Raspberries,Organic Baby Kale,1513,0.00045,0.011,0.08,1.87
Carrots,Organic Spring Mix Salad,1089,0.00033,0.014,0.049,2.18
Organic Garnet Sweet Potato (Yam),Organic Half & Half,1519,0.00045,0.028,0.019,1.18
Organic Red Bell Pepper,Organic Tomato Cluster,3288,0.00098,0.055,0.049,2.75
Organic Whole Milk,Blueberry Whole Milk Yogurt Pouch,1059,0.00032,0.007,0.205,4.8
Yellow Grape Tomatoes,Organic Baby Spinach,1315,0.00039,0.166,0.005,2.21
Organic Ginger Root,Organic Red Cabbage,1441,0.00043,0.027,0.092,5.7
Organic Raspberries,Pineapple Chunks,2532,0.00076,0.018,0.097,2.28
Grated Parmesan,Organic Low Sodium Chicken Broth,1052,0.00031,0.022,0.058,4.11
Organic Reduced Fat Omega-3 Milk,Bag of Organic Bananas,1112,0.00033,0.21,0.003,1.78
Thin Crust Pepperoni Pizza,Organic Whole Milk,1006,0.0003,0.093,0.007,2.17
Pure Sparkling Water,Organic Peeled Whole Baby Carrots,1031,0.00031,0.034,0.018,1.99
Organic Lemon,Organic Red Cabbage,1420,0.00042,0.016,0.091,3.33
Organic Blueberries,Organic Bosc Pear,1539,0.00046,0.015,0.07,2.21
Original Semisoft Cheese,Large Lemon,1193,0.00036,0.104,0.007,2.16
Salted Butter,Cucumber Kirby,1416,0.00042,0.071,0.014,2.38
Michigan Organic Kale,Brussels Sprouts,1168,0.00035,0.017,0.05,2.38
Bag of Organic Bananas,Organic Lacinato (Dinosaur) Kale,9789,0.00293,0.025,0.218,1.85
Bag of Organic Bananas,Organic Cucumber,22802,0.00681,0.058,0.268,2.27
Banana,"Clementines, Bag",12872,0.00385,0.026,0.312,2.12
Organic Russet Potato,Organic Italian Parsley Bunch,2149,0.00064,0.064,0.034,3.38
Bag of Organic Bananas,Organic Baby Kale Mix,2691,0.0008,0.007,0.241,2.04
Apple Honeycrisp Organic,Organic Large Grade AA Brown Eggs,1712,0.00051,0.02,0.064,2.47
Shallot,Organic Strawberries,1811,0.00054,0.1,0.007,1.21
Organic Carrot Bunch,Organic Strawberries,5408,0.00162,0.144,0.02,1.75
Air Chilled Organic Boneless Skinless Chicken Breasts,Organic Yellow Onion,1726,0.00052,0.099,0.015,2.81
Orange Bell Pepper,Organic Gala Apples,1515,0.00045,0.037,0.02,1.63
Organic Strawberries,Organic Vanilla Almond Milk,1820,0.00054,0.007,0.152,1.84
Organic Strawberries,Organic Roma Tomato,4706,0.00141,0.017,0.154,1.87
Bag of Organic Bananas,Total 2% All Natural Greek Strained Yogurt with Honey,3324,0.00099,0.008,0.139,1.18
Carrots,Roma Tomato,1610,0.00048,0.021,0.038,1.7
Spinach Pizza,Banana,1192,0.00036,0.224,0.002,1.52
Banana,Creamy Deluxe Shells & Real Aged Cheddar Sauce,1316,0.00039,0.003,0.256,1.74
No Salt Added Black Beans,Organic Grape Tomatoes,2050,0.00061,0.07,0.023,2.67
Organic Red Onion,Sweet Onion,1189,0.00036,0.017,0.058,2.75
Fresh Cauliflower,Organic Green Seedless Grapes,1043,0.00031,0.014,0.047,2.1
Yellow Onions,Organic Kiwi,1494,0.00045,0.019,0.029,1.25
Sharp Cheddar Cheese,Organic Zucchini,1783,0.00053,0.057,0.016,1.73
YoBaby Peach Pear Yogurt,Organic Strawberries,1793,0.00054,0.201,0.007,2.44
Organic Raspberries,Total 2% Lowfat Greek Strained Yogurt with Peach,1617,0.00048,0.011,0.079,1.85
100% Whole Wheat Bread,Whipped Cream Cheese,1100,0.00033,0.017,0.034,1.81
Blueberries,Cherubs Heavenly Salad Tomatoes,1310,0.00039,0.022,0.058,3.33
Mini Original Babybel Cheese,Organic Hass Avocado,1925,0.00058,0.121,0.009,1.83
Seedless Red Grapes,Honey Nut Cheerios,1487,0.00044,0.017,0.053,2.05
Organic Coconut Milk,Honeycrisp Apple,1030,0.00031,0.036,0.012,1.46
Organic Blueberries,Organic Basil,1268,0.00038,0.012,0.045,1.45
Organic Red Onion,Orange Bell Pepper,2447,0.00073,0.035,0.06,2.82
Blueberries,Roma Tomato,1632,0.00049,0.028,0.039,2.22
Organic Lemon,Organic Baby Broccoli,3051,0.00091,0.033,0.092,3.38
Limes,Serrano Chile Peppers,1961,0.00059,0.013,0.235,5.36
Mini Cucumbers,Organic Strawberries,1189,0.00036,0.146,0.004,1.78
Original Veggie Straws,Cucumber Kirby,1085,0.00032,0.062,0.011,2.08
Organic White Onions,Asparagus,1096,0.00033,0.045,0.015,2.1
Almond Nut & Rice Cracker Snacks,Bag of Organic Bananas,1418,0.00042,0.155,0.004,1.31
Cinnamon Rolls with Icing,Organic Strawberries,2277,0.00068,0.181,0.008,2.2
Large Alfresco Eggs,Banana,6413,0.00192,0.152,0.013,1.03
Original Hummus,Organic Grape Tomatoes,4568,0.00137,0.062,0.052,2.34
Organic Leek,Organic Tomato Cluster,1080,0.00032,0.053,0.016,2.65
Hass Avocados,Raspberries,5296,0.00158,0.101,0.087,5.54
Organic Lacinato (Dinosaur) Kale,Garlic,1258,0.00038,0.028,0.033,2.44
Vanilla Almond Breeze Almond Milk,Bag of Organic Bananas,3848,0.00115,0.119,0.01,1.01
Salted Tub of Butter,Organic Raspberries,1052,0.00031,0.091,0.007,2.14
Organic Whole Milk,Uncured Hickory Smoked Sunday Bacon,1332,0.0004,0.009,0.062,1.44
Banana,Berry Medley,4710,0.00141,0.01,0.316,2.15
Organic Romaine,Organic Cucumber,2060,0.00062,0.083,0.024,3.27
Raisin Bran Cereal,Organic Whole Milk,1228,0.00037,0.077,0.009,1.8
Organic Dill,Organic Avocado,1688,0.0005,0.102,0.009,1.85
Grated Parmesan,Organic Ginger Root,1294,0.00039,0.028,0.024,1.71
Broccoli Crown,Unsalted Butter,1327,0.0004,0.03,0.036,2.66
Watermelon Chunks,Organic Zucchini,1229,0.00037,0.048,0.011,1.48
Authentic French Brioche Hamburger Buns,Large Lemon,1030,0.00031,0.096,0.006,1.99
Organic Whole Milk,Organic Basil,1689,0.0005,0.012,0.061,1.42
Air Chilled Organic Boneless Skinless Chicken Breasts,Asparagus,1103,0.00033,0.063,0.016,2.97
Organic Yellow Onion,Total 0% Nonfat Greek Yogurt,1081,0.00032,0.009,0.039,1.1
Original Pure Creamy Almond Milk,Organic Avocado,1123,0.00034,0.074,0.006,1.34
Yellow Onions,Organic Romaine Lettuce,1570,0.00047,0.02,0.044,1.9
Organic Large Brown Grade AA Cage Free Eggs,Organic Small Bunch Celery,1359,0.00041,0.041,0.019,1.93
Organic D'Anjou Pears,Organic Hothouse Cucumbers,1145,0.00034,0.023,0.046,3.04
100% Whole Wheat Bread,Organic Baby Carrots,1913,0.00057,0.03,0.024,1.26
Organic Navel Orange,Red Peppers,1028,0.00031,0.023,0.018,1.32
Organic Whole Milk,Orange Juice,1186,0.00035,0.008,0.068,1.58
Organic Baby Spinach,Organic Grape Tomatoes,16773,0.00501,0.067,0.19,2.53
Bag of Organic Bananas,Organic Yellow Onion,25574,0.00764,0.065,0.217,1.84
Packaged Grape Tomatoes,Baby Cucumbers,2980,0.00089,0.213,0.198,47.5
100% Whole Wheat Bread,Organic Zucchini,2315,0.00069,0.037,0.021,1.12
Non Fat Acai & Mixed Berries Yogurt,Non Fat Raspberry Yogurt,3275,0.00098,0.361,0.193,71.17
Organic Yellow Onion,Organic Mexican Blend Finely Shredded Cheese,1430,0.00043,0.012,0.075,2.14
Fat Free Blueberry Yogurt,Total 2% Greek Strained Yogurt with Cherry 5.3 oz,1062,0.00032,0.143,0.057,25.65
Soda,Clementines,3361,0.001,0.09,0.104,9.37
Bag of Organic Bananas,Almond Breeze Original Almond Milk,1388,0.00041,0.004,0.122,1.03
European Cucumber,Banana,4878,0.00146,0.256,0.01,1.75
Sustainably Soft Bath Tissue,Large Lemon,1407,0.00042,0.074,0.009,1.54
Organic Baby Arugula,Grape White/Green Seedless,1756,0.00052,0.023,0.043,1.92
Banana,Red Onion,11226,0.00335,0.023,0.252,1.72
Frozen Organic Wild Blueberries,Organic Tomato Cluster,1191,0.00036,0.038,0.018,1.93
2% Reduced Fat Organic Milk,Honeycrisp Apple,1154,0.00034,0.068,0.014,2.72
Organic Baby Spinach,Green Bell Pepper,9688,0.0029,0.038,0.167,2.22
Organic Reduced Fat 2% Milk,Organic Red Bell Pepper,1149,0.00034,0.023,0.019,1.3
Blueberries,Organic Baby Spinach,5772,0.00173,0.099,0.023,1.32
100% Whole Wheat Bread,Grated Parmesan,1289,0.00039,0.02,0.027,1.46
Organic Roma Tomato,Organic Zucchini,3198,0.00096,0.105,0.029,3.2
Organic Roma Tomato,Organic Blueberries,1572,0.00047,0.052,0.015,1.64
Banana,Colby Cheese Sticks,3267,0.00098,0.007,0.258,1.76
Roasted Turkey,Organic Avocado,2164,0.00065,0.206,0.012,3.74
Organic Blueberries,Honeycrisp Apple,4084,0.00122,0.039,0.049,1.56
Organic Baby Spinach,Organic Grade A Large Brown Eggs,2037,0.00061,0.008,0.123,1.63
Organic Russet Potato,Limes,2840,0.00085,0.084,0.019,1.92
Strawberries,Organic Bosc Pear,1150,0.00034,0.008,0.052,1.16
Banana,Organic Mango,1853,0.00055,0.004,0.191,1.3
Organic Broccoli,Organic Whole Strawberries,1015,0.0003,0.025,0.031,2.58
Organic Coconut Milk,Organic Gala Apples,1025,0.00031,0.036,0.014,1.6
Organic Baby Spinach,Provolone,1412,0.00042,0.006,0.162,2.16
Organic Large Brown Grade AA Cage Free Eggs,Organic Italian Parsley Bunch,1151,0.00034,0.035,0.018,1.84
Organic Coconut Milk,Organic Tomato Cluster,1032,0.00031,0.036,0.015,1.83
Organic White Onions,Organic Small Bunch Celery,2061,0.00062,0.084,0.029,3.98
Chopped Walnuts,Organic Avocado,1171,0.00035,0.112,0.006,2.03
Bag of Organic Bananas,Cran Raspberry Sparkling Water,1025,0.00031,0.003,0.094,0.8
Whole Grain Cheddar Baked Snack Crackers,Trail Mix,1080,0.00032,0.142,0.086,37.6
Collard Greens,Organic Hass Avocado,1383,0.00041,0.128,0.006,1.94
Limes,Organic Dijon Mustard,1132,0.00034,0.008,0.098,2.25
Organic Beef Uncured Hot Dogs,Banana,2620,0.00078,0.211,0.005,1.44
Organic Italian Parsley Bunch,Red Onion,1706,0.00051,0.027,0.038,2.04
Bag of Organic Bananas,Original Hummus,13353,0.00399,0.034,0.18,1.53
Grated Parmesan,Organic Grape Tomatoes,3202,0.00096,0.068,0.036,2.59
Organic Summer Strawberry Bunny Fruit Snacks,Banana,2919,0.00087,0.224,0.006,1.52
Organic Avocado,Sweet Onion,1262,0.00038,0.007,0.062,1.12
Original Hummus,Organic Peeled Whole Baby Carrots,5228,0.00156,0.07,0.09,4.08
Original Hummus,Ground Turkey Breast,1349,0.0004,0.018,0.049,2.2
Organic Whole Milk,Organic Creamy Peanut Butter,1808,0.00054,0.013,0.096,2.25
Whole Wheat English Muffins,Organic Avocado,1202,0.00036,0.177,0.007,3.21
Organic Blackberries,Uncured Genoa Salami,1390,0.00042,0.022,0.032,1.66
Organic Small Bunch Celery,Organic Zucchini,7374,0.0022,0.104,0.067,3.19
Shredded Parmesan,Shredded Mozzarella,1629,0.00049,0.043,0.071,6.3
Organic Red Onion,Jalapeno Peppers,4207,0.00126,0.059,0.095,4.47
Bag of Organic Bananas,Organic Shells And White Cheddar,1487,0.00044,0.004,0.225,1.91
Whipped Cream Cheese,Organic Zucchini,1682,0.0005,0.052,0.015,1.59
Cherry Pomegranate Greek Yogurt,Total 0% Raspberry Yogurt,1903,0.00057,0.269,0.151,71.57
Banana,Honey Nut Cheerios,7485,0.00224,0.015,0.268,1.82
Organic Jalapeno Pepper,Large Lemon,2030,0.00061,0.096,0.013,2.0
Organic Red Onion,Organic Mint,1682,0.0005,0.024,0.082,3.88
Organic Grade A Free Range Large Brown Eggs,Organic Ginger Root,1138,0.00034,0.027,0.021,1.68
Limes,Organic Red On the Vine Tomato,1030,0.00031,0.007,0.087,1.98
Carrots,Shredded Mild Cheddar Cheese,1041,0.00031,0.014,0.037,1.66
Shredded Mild Cheddar Cheese,Organic Gala Apples,1206,0.00036,0.043,0.016,1.92
Organic Hass Avocado,Organic Lite Coconut Milk,1006,0.0003,0.005,0.121,1.83
Extra Virgin Olive Oil,Organic Small Bunch Celery,1948,0.00058,0.037,0.028,1.76
Bag of Organic Bananas,Roasted & Salted Almonds,1629,0.00049,0.004,0.187,1.58
Organic Vanilla Extract,Organic Baby Spinach,1505,0.00045,0.154,0.006,2.05
Organic Low Sodium Vegetable Broth,Organic Cilantro,1007,0.0003,0.093,0.014,4.28
Pure Coconut Water,Large Lemon,1405,0.00042,0.074,0.009,1.55
Banana,Vanilla Almond Milk Yogurt,1001,0.0003,0.002,0.178,1.21
Organic Whole Milk,Organic Greek Whole Milk Blended Vanilla Bean Yogurt,1432,0.00043,0.01,0.146,3.42
Organic Strawberries,Frozen Broccoli Florets,1722,0.00051,0.006,0.107,1.3
Apple Honeycrisp Organic,Organic Bread with 21 Whole Grains,1402,0.00042,0.016,0.059,2.24
Organic Baby Spinach,Original Semisoft Cheese,1258,0.00038,0.005,0.11,1.46
Packaged Grape Tomatoes,Organic Baby Spinach,1742,0.00052,0.125,0.007,1.66
Honey & Maple Turkey Breast,Organic Strawberries,1042,0.00031,0.183,0.004,2.22
Organic Coconut Milk,Organic Unsweetened Almond Milk,1571,0.00047,0.056,0.026,3.09
Broccoli Crown,Feta Cheese Crumbles,1006,0.0003,0.022,0.03,2.21
Organic Yellow Onion,Organic Zucchini,12727,0.0038,0.108,0.116,3.31
Organic Celery Hearts,Red Peppers,1245,0.00037,0.05,0.021,2.88
Large Lemon,Cucumber Kirby,14881,0.00445,0.093,0.149,3.11
Organic Reduced Fat 2% Milk,Banana,9361,0.0028,0.19,0.019,1.29
Pineapple,Organic Avocado,1150,0.00034,0.151,0.006,2.74
Limes,Organic Large Grade AA Brown Eggs,1702,0.00051,0.012,0.064,1.46
Organic Red Onion,Half & Half,2141,0.00064,0.03,0.03,1.41
Extra Virgin Olive Oil,Organic Grape Tomatoes,2363,0.00071,0.045,0.027,1.72
Limes,Half & Half,4838,0.00145,0.033,0.068,1.54
Limes,Organic Hass Avocado,20816,0.00622,0.142,0.094,2.15
Blueberries,Organic Baby Arugula,1586,0.00047,0.027,0.021,1.2
Yellow Onions,Shredded Parmesan,1934,0.00058,0.025,0.051,2.23
Bag of Organic Bananas,Plain Bagelettes,1423,0.00043,0.004,0.254,2.15
Blueberries,Organic Peeled Whole Baby Carrots,1660,0.0005,0.028,0.029,1.65
Bag of Organic Bananas,Organic Chocolate Chip Chewy Granola Bars,1409,0.00042,0.004,0.209,1.77
"Yogurt, Lowfat, Strawberry",Bag of Organic Bananas,1944,0.00058,0.235,0.005,1.99
Seedless Red Grapes,Organic Ginger Root,1572,0.00047,0.018,0.029,1.12
Organic Strawberries,Plain Whole Milk Yogurt,1359,0.00041,0.005,0.179,2.17
Organic Fuji Apple,Extra Virgin Olive Oil,1863,0.00056,0.02,0.036,1.28
Pretzel Crisps Original Deli Style Pretzel Crackers,Honeycrisp Apple,1084,0.00032,0.065,0.013,2.62
Bag of Organic Bananas,Organic Unsweetened Vanilla Almond Milk,3930,0.00117,0.01,0.238,2.02
Organic Garlic,"Clementines, Bag",1679,0.0005,0.015,0.041,1.19
Bag of Organic Bananas,Original Instant Oatmeal,1386,0.00041,0.004,0.218,1.85
Organic Raspberries,Uncured Hickory Smoked Sunday Bacon,2089,0.00062,0.015,0.097,2.27
Banana,Organic Green Lentils,1482,0.00044,0.003,0.196,1.34
Yellow Onions,Granny Smith Apples,1391,0.00042,0.018,0.037,1.61
Organic Italian Parsley Bunch,Feta Cheese Crumbles,2185,0.00065,0.035,0.065,3.43
Organic Mint,Bunched Cilantro,1136,0.00034,0.055,0.024,3.91
Organic Raspberries,Total 0% Nonfat Greek Yogurt,2013,0.0006,0.014,0.072,1.69
Organic Original Hommus,Organic Large Extra Fancy Fuji Apple,1158,0.00035,0.084,0.015,3.61
Small Hass Avocado,Large Alfresco Eggs,1271,0.00038,0.024,0.03,1.93
Organic Yellow Onion,"Tomatoes, Whole Peeled",1027,0.00031,0.009,0.16,4.54
Yellow Straightneck Squash,Organic Avocado,1099,0.00033,0.162,0.006,2.94
Hass Avocados,Cucumber Kirby,1176,0.00035,0.022,0.012,0.75
Organic Chicken Stock,Organic Baby Spinach,1590,0.00048,0.144,0.006,1.92
Organic D'Anjou Pears,Red Peppers,1283,0.00038,0.025,0.022,1.45
Organic Reduced Fat 2% Milk,"Clementines, Bag",1157,0.00035,0.023,0.028,1.9
Organic Lacinato (Dinosaur) Kale,Organic Half & Half,1402,0.00042,0.031,0.018,1.32
Organic Whole Milk,Organic Tomato Basil Pasta Sauce,1777,0.00053,0.012,0.101,2.37
Organic Italian Parsley Bunch,Organic Basil,2848,0.00085,0.045,0.102,5.42
Roma Tomato,Garlic,1289,0.00039,0.031,0.033,2.65
Blueberries,Strawberries,9400,0.00281,0.161,0.063,3.61
Spring Water,Organic Lacinato (Dinosaur) Kale,1004,0.0003,0.017,0.022,1.29
Organic Strawberries,Organic Yellow Onion,17322,0.00518,0.063,0.147,1.79
"Clementines, Bag",Organic Hass Avocado,3269,0.00098,0.079,0.015,1.2
Carrots,"Flat Parsley, Bunch",1083,0.00032,0.014,0.077,3.43
Seedless Red Grapes,Salted Butter,1021,0.00031,0.012,0.051,1.97
Original Hummus,Feta Cheese Crumbles,2516,0.00075,0.034,0.074,3.36
Organic Baby Spinach,Uncured Hickory Smoked Sunday Bacon,2306,0.00069,0.009,0.107,1.42
Organic Red Bell Pepper,Organic Raspberries,6443,0.00193,0.108,0.045,2.52
Organic Italian Parsley Bunch,Organic Low Sodium Chicken Broth,1444,0.00043,0.023,0.079,4.2
Organic Green Leaf Lettuce,Limes,1348,0.0004,0.092,0.009,2.1
Bag of Organic Bananas,Flax Plus Organic Pumpkin Flax Granola,1295,0.00039,0.003,0.223,1.89
Limes,Total 2% All Natural Low Fat 2% Milkfat Greek Strained Yogurt,1268,0.00038,0.009,0.084,1.91
Original No Pulp 100% Florida Orange Juice,Cucumber Kirby,1252,0.00037,0.062,0.013,2.08
Organic AppleApple,Organic Whole Milk,2010,0.0006,0.12,0.014,2.81
Organic Unsalted Butter,Organic Grape Tomatoes,1100,0.00033,0.049,0.012,1.88
Green Bell Pepper,Organic Tomato Sauce,1048,0.00031,0.018,0.074,4.26
Seedless Red Grapes,Organic Spring Mix,1325,0.0004,0.015,0.04,1.54
Organic Baby Arugula,Organic Baby Broccoli,2055,0.00061,0.027,0.062,2.74
Apple Honeycrisp Organic,Uncured Genoa Salami,2192,0.00066,0.025,0.051,1.94
Organic Vegetable Broth,Organic Small Bunch Celery,1150,0.00034,0.095,0.016,4.49
Organic Baby Spinach,Peanut Butter Chocolate Chip Fruit & Nut Food Bar,1039,0.00031,0.004,0.131,1.74
Organic Lacinato (Dinosaur) Kale,Organic Baby Broccoli,2118,0.00063,0.047,0.064,4.77
Small Hass Avocado,Organic Large Grade AA Brown Eggs,1175,0.00035,0.023,0.044,2.84
Total 2% Lowfat Plain Greek Yogurt,Large Lemon,1758,0.00053,0.104,0.011,2.17
Spring Water,Organic Small Bunch Celery,1816,0.00054,0.031,0.026,1.47
Organic Frozen Peas,Organic Whole String Cheese,1257,0.00038,0.06,0.02,3.25
Organic Black Beans,Organic Sour Cream,1441,0.00043,0.036,0.052,4.39
Celery Hearts,Large Lemon,1335,0.0004,0.097,0.008,2.02
Large Alfresco Eggs,Red Peppers,1207,0.00036,0.029,0.021,1.64
Bag of Organic Bananas,Hint Of Sea Salt Almond Nut Thins,1942,0.00058,0.005,0.156,1.32
Organic Rainbow Carrots,Organic Whole Milk,1041,0.00031,0.068,0.007,1.59
Fat Free Milk,Organic Avocado,2109,0.00063,0.069,0.011,1.25
Organic Whole Milk with DHA Omega-3,Large Lemon,1250,0.00037,0.089,0.008,1.85
Organic Whole String Cheese,Sea Salt Pita Chips,1042,0.00031,0.017,0.06,3.26
Broccoli Crown,Organic Reduced Fat Milk,1135,0.00034,0.025,0.031,2.29
Strawberries,Organic Russet Potato,1501,0.00045,0.01,0.045,1.0
Carrots,Gold Potato,1158,0.00035,0.015,0.128,5.69
Organic Large Extra Fancy Fuji Apple,Organic Baby Rainbow Carrots,1160,0.00035,0.015,0.056,2.42
Banana,"Hummus, Hope, Original Recipe",1115,0.00033,0.002,0.182,1.24
Broccoli & Apple Stage 2 Baby Food,Organic Hass Avocado,1161,0.00035,0.165,0.005,2.49
Total 2% Lowfat Plain Greek Yogurt,Banana,4373,0.00131,0.259,0.009,1.77
Soda,Reduced Fat 2% Milk,1311,0.00039,0.035,0.072,6.5
Banana,Synergy Organic Kombucha Gingerberry,1619,0.00048,0.003,0.175,1.19
Banana,Organic Coconut Milk,5119,0.00153,0.01,0.181,1.23
Trilogy Kombucha Drink,Organic Hass Avocado,2317,0.00069,0.133,0.01,2.01
Bag of Organic Bananas,Cream Cheese Spread,3258,0.00097,0.008,0.263,2.23
Organic Baby Arugula,Organic Bartlett Pear,1669,0.0005,0.022,0.043,1.91
Plain Whole Milk Yogurt,Organic Whole Milk,1428,0.00043,0.188,0.01,4.41
Yobaby Organic Plain Yogurt,Organic Baby Spinach,1310,0.00039,0.153,0.005,2.03
Organic Strawberries,Large Grapefruit,3101,0.00093,0.011,0.139,1.69
Organic Strawberries,"Organic Red Radish, Bunch",4854,0.00145,0.018,0.172,2.09
Small Hass Avocado,Organic Cucumber,2556,0.00076,0.049,0.03,1.93
2% Reduced Fat Organic Milk,Organic Hass Avocado,1409,0.00042,0.083,0.006,1.25
Shredded Parmesan,Grape White/Green Seedless,1025,0.00031,0.027,0.025,2.25
Red Peppers,Organic Garbanzo Beans,1458,0.00044,0.025,0.047,2.69
Organic Blackberries,Organic Bosc Pear,1019,0.0003,0.016,0.046,2.38
Organic Baby Spinach,Electrolyte Enhanced Water,2205,0.00066,0.009,0.102,1.36
Small Hass Avocado,Orange Bell Pepper,1127,0.00034,0.022,0.027,1.76
Limes,Organic Granny Smith Apple,5447,0.00163,0.037,0.089,2.03
100% Whole Wheat Bread,Organic Whole Milk,3258,0.00097,0.052,0.023,1.21
100% Whole Wheat Bread,Organic Unsweetened Almond Milk,1184,0.00035,0.019,0.02,1.04
Marinara Sauce,Organic Zucchini,1537,0.00046,0.074,0.014,2.27
Sharp Cheddar Cheese,Organic Cilantro,1206,0.00036,0.038,0.017,1.76
Organic Hothouse Cucumbers,Organic Bell Pepper,1143,0.00034,0.046,0.047,6.33
Limes,Organic Cripps Pink Apples,1038,0.00031,0.007,0.077,1.75
Sweet Cream Salted Butter,Banana,1094,0.00033,0.197,0.002,1.34
Red Peppers,Organic Baby Broccoli,1593,0.00048,0.027,0.048,2.76
Organic Baby Arugula,Organic Hass Avocado,11304,0.00338,0.149,0.051,2.26
Organic Strawberries,Banana,58330,0.01743,0.212,0.119,1.44
Traditional Hummus,Bag of Organic Bananas,1185,0.00035,0.139,0.003,1.18
Organic Raspberries,Organic Hothouse Cucumbers,3059,0.00091,0.021,0.123,2.89
Organic Grade A Free Range Large Brown Eggs,Organic Raspberries,3855,0.00115,0.092,0.027,2.16
Organic Unsweetened Almond Milk,Organic Half & Half,2168,0.00065,0.036,0.027,1.53
Baby Portabella Mushrooms,Organic Baby Spinach,1103,0.00033,0.186,0.004,2.48
Organic Blackberries,Michigan Organic Kale,2253,0.00067,0.035,0.032,1.67
Apple Honeycrisp Organic,Lime Sparkling Water,2192,0.00066,0.025,0.045,1.73
Organic Kiwi,Organic Grape Tomatoes,3716,0.00111,0.071,0.042,2.71
Bag of Organic Bananas,Organic Lightly Salted Brown Rice Cakes,1584,0.00047,0.004,0.182,1.54
Organic Lemon,Organic D'Anjou Pears,3648,0.00109,0.04,0.072,2.63
Carrots,Organic Kiwi,2900,0.00087,0.039,0.056,2.48
Half & Half,Uncured Genoa Salami,2190,0.00065,0.031,0.051,2.36
Organic Unsweetened Almond Milk,Organic Granny Smith Apple,2404,0.00072,0.04,0.039,2.19
100% Whole Wheat Bread,Organic Reduced Fat Milk,1284,0.00038,0.02,0.035,1.85
Organic Vegetable Broth,Bag of Organic Bananas,2159,0.00065,0.178,0.005,1.51
Organic Red Potato,Organic Garlic,1446,0.00043,0.148,0.013,4.34
Green Bell Pepper,Organic Baby Broccoli,1268,0.00038,0.022,0.038,2.21
Organic Grape Tomatoes,Pineapple Chunks,1176,0.00035,0.013,0.045,1.72
Shallot,Organic Zucchini,1424,0.00043,0.078,0.013,2.4
Nonfat Icelandic Style Strawberry Yogurt,Non Fat Acai & Mixed Berries Yogurt,2196,0.00066,0.199,0.242,73.39
100% Raw Coconut Water,Organic Lacinato (Dinosaur) Kale,1060,0.00032,0.027,0.024,2.01
Organic Strawberries,Provolone,1386,0.00041,0.005,0.159,1.93
Strawberries,Non Fat Raspberry Yogurt,1066,0.00032,0.007,0.063,1.41
Carrots,Unsweetened Almondmilk,1726,0.00052,0.023,0.033,1.48
Cinnamon Raisin Bread,Bag of Organic Bananas,1269,0.00038,0.191,0.003,1.62
Grilled Chicken Breast Strips,Organic Strawberries,1101,0.00033,0.156,0.004,1.9
Organic Cream Cheese Bar,Organic Whole Milk,1466,0.00044,0.133,0.01,3.12
Organic Cilantro,Organic Half & Half,1849,0.00055,0.025,0.023,1.07
Celery Hearts,Organic Hass Avocado,1562,0.00047,0.114,0.007,1.72
Sparkling Natural Mineral Water,Organic Baby Carrots,1116,0.00033,0.025,0.014,1.04
Boneless Skinless Chicken Breast,Organic Yellow Onion,1752,0.00052,0.074,0.015,2.12
Organic Small Bunch Celery,Organic Hass Avocado,12174,0.00364,0.172,0.055,2.61
Banana,Asparagus,15738,0.0047,0.032,0.221,1.51
Organic Grade A Free Range Large Brown Eggs,Organic Cilantro,1732,0.00052,0.041,0.024,1.9
Bag of Organic Bananas,Organic Peeled Whole Baby Carrots,11626,0.00347,0.029,0.201,1.7
Organic Basil,Organic Zucchini,3193,0.00095,0.114,0.029,3.5
Organic Strawberries,Ground Turkey Breast,4469,0.00134,0.016,0.161,1.96
Organic Strawberries,Organic Small Curd Cottage Cheese,2215,0.00066,0.008,0.185,2.25
Organic Broccoli,Organic Gala Apples,2144,0.00064,0.053,0.028,2.35
Seedless Red Grapes,Organic Garbanzo Beans,1043,0.00031,0.012,0.033,1.29
Strawberries,Medium Scarlet Raspberries,2099,0.00063,0.014,0.399,8.92
Organic Red Bell Pepper,Half & Half,1538,0.00046,0.026,0.021,1.2
Organic Strawberries,Natural Chicken & Maple Breakfast Sausage Patty,1029,0.00031,0.004,0.19,2.3
No Salt Added Black Beans,Organic Small Bunch Celery,1144,0.00034,0.039,0.016,1.86
Romaine Hearts,Organic Grape Tomatoes,1393,0.00042,0.052,0.016,1.96
Organic Honey Sweet Whole Wheat Bread,Organic Baby Spinach,1567,0.00047,0.13,0.006,1.72
Organic Leek,Organic Avocado,1987,0.00059,0.097,0.011,1.77
Limes,Sea Salt Pita Chips,1355,0.0004,0.009,0.078,1.78
Spaghetti,Organic Hass Avocado,1234,0.00037,0.075,0.006,1.14
Organic Bartlett Pear,Organic Half & Half,1401,0.00042,0.036,0.018,1.53
Organic Quick Oats,Banana,2317,0.00069,0.226,0.005,1.54
Limes,Berry Medley,1284,0.00038,0.009,0.086,1.97
Organic Strawberries,Electrolyte Enhanced Water,2091,0.00062,0.008,0.097,1.18
Organic Boneless Skinless Chicken Breast,Limes,1245,0.00037,0.117,0.008,2.67
Organic Reduced Fat 2% Milk,Organic Tomato Cluster,1906,0.00057,0.039,0.029,1.93
Banana,Organic Soft Wheat Bread,1187,0.00035,0.002,0.226,1.54
Organic Free Range Chicken Broth,Organic Avocado,1126,0.00034,0.084,0.006,1.53
Organic Granny Smith Apple,Organic Half & Half,2294,0.00069,0.038,0.029,1.59
Organic Extra Large Brown Eggs,Large Lemon,1033,0.00031,0.104,0.006,2.17
Fat Free Milk,Organic Strawberries,2118,0.00063,0.069,0.008,0.84
Macaroni & Cheese Dinner Original Flavor,Banana,1510,0.00045,0.236,0.003,1.61
Seedless Red Grapes,Original No Pulp 100% Florida Orange Juice,1001,0.0003,0.012,0.05,1.91
Spring Water,Organic Cilantro,1434,0.00043,0.025,0.02,1.13
Mini Original Babybel Cheese,Organic Baby Spinach,1539,0.00046,0.097,0.006,1.28
Organic Raspberries,Organic Spring Mix,2000,0.0006,0.014,0.06,1.42
Red Vine Tomato,Organic Gala Apples,1925,0.00058,0.034,0.025,1.5
Organic Snipped Green Beans,Organic Cucumber,1401,0.00042,0.077,0.016,3.03
Fresh Cauliflower,Sparkling Natural Mineral Water,1134,0.00034,0.015,0.025,1.14
Cantaloupe,Large Lemon,2316,0.00069,0.092,0.014,1.92
Organic Salted Butter,Organic Strawberries,2509,0.00075,0.161,0.009,1.95
Bag of Organic Bananas,Spaghetti,2086,0.00062,0.005,0.127,1.07
Apple Honeycrisp Organic,Strawberries,4457,0.00133,0.051,0.03,1.14
Bag of Organic Bananas,Aged White Cheddar Baked Rice & Corn Puffs Gluten Free Lunch Packs,2692,0.0008,0.007,0.237,2.01
Organic Baby Carrots,Whipped Cream Cheese,1932,0.00058,0.024,0.06,2.49
Organic Tahini,Large Lemon,1109,0.00033,0.168,0.007,3.49
Orange Bell Pepper,Organic Tomato Cluster,1629,0.00049,0.04,0.024,1.99
Organic Sliced White Mushrooms,Organic Strawberries,1287,0.00038,0.151,0.005,1.84
Total 2% Lowfat Greek Strained Yogurt With Blueberry,Organic Hass Avocado,2093,0.00063,0.098,0.009,1.48
Organic Diced Tomatoes,Grated Parmesan,1001,0.0003,0.044,0.021,3.13
Total 2% All Natural Plain Greek Yogurt,Total 2% with Strawberry Lowfat Greek Strained Yogurt,1293,0.00039,0.075,0.042,8.11
Organic Tomato Cluster,Grape White/Green Seedless,1577,0.00047,0.024,0.039,1.95
Seedless Red Grapes,"Clementines, Bag",2513,0.00075,0.029,0.061,2.35
Organic Baby Spinach,Vanilla Skyr Nonfat Yogurt,1945,0.00058,0.008,0.103,1.37
Yellow Bell Pepper,Michigan Organic Kale,1385,0.00041,0.052,0.02,2.48
Organic Baby Spinach,Bunny-Luv Fresh Organic Carrots,1603,0.00048,0.006,0.149,1.99
Organic Red Onion,Organic Banana,1110,0.00033,0.016,0.053,2.51
Banana,Organic Roasted Sliced Chicken Breast,2324,0.00069,0.005,0.186,1.26
Black Plum,Organic Avocado,1021,0.00031,0.106,0.006,1.92
Banana,Organic Ginger Root,8607,0.00257,0.018,0.159,1.08
100% Whole Wheat Bread,Organic Garlic,2348,0.0007,0.037,0.021,1.09
Soda,Organic Simply Naked Pita Chips,1041,0.00031,0.028,0.111,9.96
Green Onions,Boneless Skinless Chicken Breasts,1135,0.00034,0.041,0.022,2.59
Blueberries,Honeycrisp Apple,2495,0.00075,0.043,0.03,1.72
Half & Half,Bunched Cilantro,1033,0.00031,0.014,0.022,1.02
Organic Red Bell Pepper,Organic Kiwi,3066,0.00092,0.051,0.059,3.29
Organic Garlic,Organic Large Green Asparagus,2259,0.00068,0.02,0.113,3.31
Organic Romaine,Boneless Skinless Chicken Breasts,1097,0.00033,0.044,0.021,2.83
Total 0% Greek Yogurt,Organic Avocado,2911,0.00087,0.107,0.016,1.94
Apple Honeycrisp Organic,Organic Yellow Onion,7800,0.00233,0.089,0.066,2.54
Organic Roma Tomato,Organic Baby Carrots,1391,0.00042,0.046,0.017,1.89
Organic Strawberries,Natural Premium Coconut Water,1505,0.00045,0.005,0.122,1.48
Organic Strawberries,Organic Berry Blend,1053,0.00031,0.004,0.156,1.89
Total 0% with Honey Nonfat Greek Strained Yogurt,Total 2% with Strawberry Lowfat Greek Strained Yogurt,1756,0.00052,0.151,0.057,16.39
Organic Garlic,Organic Low Sodium Chicken Broth,2910,0.00087,0.026,0.159,4.68
Guacamole,Cucumber Kirby,1006,0.0003,0.054,0.01,1.81
Lightly Salted Baked Snap Pea Crisps,Organic Yellow Onion,1280,0.00038,0.049,0.011,1.4
Organic Cucumber,Organic Creamy Peanut Butter,1119,0.00033,0.013,0.06,2.34
Organic 1% Low Fat Milk,Organic Large Brown Grade AA Cage Free Eggs,1000,0.0003,0.08,0.03,8.03
Organic Strawberries,XL Emerald White Seedless Grapes,2686,0.0008,0.01,0.164,1.99
Organic Granny Smith Apple,Organic Bell Pepper,1338,0.0004,0.022,0.055,3.01
Asparation/Broccolini/Baby Broccoli,Cucumber Kirby,1527,0.00046,0.089,0.015,2.98
Basil Pesto,Bag of Organic Bananas,2564,0.00077,0.157,0.006,1.33
Bag of Organic Bananas,White Peach,1459,0.00044,0.004,0.163,1.38
Boneless Skinless Chicken Breast,Organic Strawberries,2675,0.0008,0.114,0.01,1.38
Organic Chicken Broth,Organic Yellow Onion,1779,0.00053,0.151,0.015,4.3
Organic Yellow Onion,Total 2% with Strawberry Lowfat Greek Strained Yogurt,1271,0.00038,0.011,0.041,1.17
Organic Red Grapes,Organic Whole Milk,1037,0.00031,0.108,0.007,2.54
Spring Water,Green Bell Pepper,1100,0.00033,0.019,0.019,1.09
Organic Unsweetened Almond Milk,Organic Small Bunch Celery,2846,0.00085,0.047,0.04,2.24
Organic Raspberries,XL Emerald White Seedless Grapes,1319,0.00039,0.009,0.081,1.89
Organic Strawberries,Dairy Free Unsweetened Coconut Milk,1044,0.00031,0.004,0.123,1.49
Organic Strawberries,Bunny Pasta with Yummy Cheese Macaroni & Cheese,1591,0.00048,0.006,0.189,2.29
Reduced Fat Milk,Banana,2261,0.00068,0.227,0.005,1.55
Lowfat Vanilla Yogurt,Banana,2214,0.00066,0.258,0.005,1.75
Organic Russet Potato,Banana,5412,0.00162,0.161,0.011,1.09
2% Reduced Fat Organic Milk,Organic Avocado,1547,0.00046,0.091,0.008,1.65
Organic American Cheese Singles,Large Lemon,1200,0.00036,0.064,0.007,1.33
Boneless Skinless Chicken Breasts,Organic Avocado,8119,0.00243,0.155,0.044,2.82
Organic Zucchini,Organic Garnet Sweet Potato (Yam),7181,0.00215,0.066,0.132,4.03
Green Bell Pepper,Extra Virgin Olive Oil,1612,0.00048,0.028,0.031,1.78
Organic Celery Hearts,Carrots,2808,0.00084,0.113,0.037,5.02
Organic Baby Carrots,Organic Avocado,8463,0.00253,0.105,0.046,1.91
Organic Baby Spinach,Vanilla Skyr Style Yogurt,1014,0.0003,0.004,0.11,1.46
Organic Salted Butter,Organic Raspberries,1185,0.00035,0.076,0.008,1.78
Mild Cheddar Cheese Sticks,Organic Hass Avocado,1609,0.00048,0.137,0.007,2.08
Total 2% All Natural Low Fat 2% Milkfat Greek Strained Yogurt,Organic Zucchini,1087,0.00032,0.072,0.01,2.19
Romaine Hearts,Organic Avocado,1450,0.00043,0.054,0.008,0.98
Russet Potato,Honeycrisp Apple,1745,0.00052,0.057,0.021,2.28
100% Recycled Paper Towels,Apple Honeycrisp Organic,1275,0.00038,0.044,0.015,1.68
100% Recycled Paper Towels,Organic Cilantro,1017,0.0003,0.035,0.014,1.6
Organic Reduced Fat Milk,Organic Small Bunch Celery,1112,0.00033,0.03,0.016,1.43
Organic Lemon,Pineapple Chunks,1367,0.00041,0.015,0.053,1.93
Organic Grape Tomatoes,Large Lemon,9630,0.00288,0.109,0.06,2.28
Bag of Organic Bananas,Electrolyte Enhanced Water,3365,0.00101,0.009,0.156,1.32
Organic Strawberries,Total 0% with Honey Nonfat Greek Strained Yogurt,1143,0.00034,0.004,0.098,1.19
Bag of Organic Bananas,"Organic Red Radish, Bunch",5333,0.00159,0.014,0.189,1.6
Organic Bunny Fruit Snacks Berry Patch,Organic Strawberries,2604,0.00078,0.188,0.009,2.28
Total 2% All Natural Low Fat 2% Milkfat Greek Strained Yogurt,Organic Hass Avocado,1791,0.00054,0.118,0.008,1.79
Organic Quick Oats,Organic Avocado,1134,0.00034,0.111,0.006,2.01
Organic Large Extra Fancy Fuji Apple,Extra Virgin Olive Oil,1588,0.00047,0.02,0.03,1.3
Blueberry on the Bottom Nonfat Greek Yogurt,Raspberry on the Bottom Nonfat Greek Yogurt,1741,0.00052,0.264,0.334,169.73
Bag of Organic Bananas,Veggie Chips,1638,0.00049,0.004,0.188,1.59
Organic Red Onion,Grated Parmesan,2354,0.0007,0.033,0.05,2.37
Organic Roma Tomato,Organic Unsweetened Almond Milk,1205,0.00036,0.039,0.02,2.2
"Parsley, Italian (Flat), New England Grown",Organic Hass Avocado,1116,0.00033,0.122,0.005,1.85
Bag of Organic Bananas,Creamy Peanut Butter,1849,0.00055,0.005,0.088,0.75
Orange Bell Pepper,Raspberries,1028,0.00031,0.025,0.017,1.38
Organic Coconut Milk,Fresh Cauliflower,2285,0.00068,0.081,0.031,3.64
Basil Pesto,Organic Yellow Onion,1092,0.00033,0.067,0.009,1.9
Yellow Onions,Organic Navel Orange,1445,0.00043,0.019,0.032,1.41
Organic Red Potatoes,Organic Hass Avocado,1244,0.00037,0.14,0.006,2.13
Organic Red Potato,Organic Avocado,1067,0.00032,0.109,0.006,1.98
Blueberries,Organic Strawberries,6260,0.00187,0.107,0.023,1.3
Organic Lacinato (Dinosaur) Kale,Organic Fuji Apple,1606,0.00048,0.036,0.017,1.29
Organic Lacinato (Dinosaur) Kale,Organic Cucumber,3953,0.00118,0.088,0.047,3.47
Organic Fat Free Milk,Organic Avocado,2588,0.00077,0.094,0.014,1.72
Organic Roasted Turkey Breast,Organic Blueberries,1780,0.00053,0.06,0.017,1.92
Organic D'Anjou Pears,Red Vine Tomato,1277,0.00038,0.025,0.023,1.48
Organic Strawberries,Unsalted Butter,4320,0.00129,0.016,0.116,1.41
Organic Large Extra Fancy Fuji Apple,Organic Yellow Onion,6424,0.00192,0.082,0.055,2.34
Apple Honeycrisp Organic,Half & Half,3287,0.00098,0.038,0.046,1.76
Organic Baby Spinach,Mandarin Oranges,1225,0.00037,0.005,0.104,1.39
Organic Spring Mix,Organic Zucchini,2006,0.0006,0.061,0.018,1.85
Organic Cannellini Beans,Banana,1613,0.00048,0.197,0.003,1.34
Passionfruit Sparkling Water,Sparkling Water Grapefruit,1082,0.00032,0.135,0.014,5.71
Organic Broccoli,Organic Reduced Fat Milk,1067,0.00032,0.026,0.029,2.4
Fresh Cauliflower,Organic Fuji Apple,3005,0.0009,0.04,0.032,1.46
Organic Baby Spinach,Peach Pear Flavored Sparkling Water,1791,0.00054,0.007,0.081,1.08
Organic Granny Smith Apple,Organic Garbanzo Beans,1114,0.00033,0.018,0.036,1.96
Organic Reduced Fat Milk,Organic Zucchini,1836,0.00055,0.05,0.017,1.52
Packaged Grape Tomatoes,Bag of Organic Bananas,2519,0.00075,0.18,0.006,1.53
Pure Irish Butter,Organic Half & Half,1710,0.00051,0.048,0.022,2.05
Jalapeno Peppers,Red Vine Tomato,2858,0.00085,0.064,0.05,3.8
Carrots,Organic Dill,1261,0.00038,0.017,0.076,3.38
Organic Yams,Organic Garlic,1428,0.00043,0.068,0.013,2.0
Creamy Almond Butter,Organic Avocado,2135,0.00064,0.096,0.012,1.74
Organic Baby Spinach,Crushed Tomatoes With Basil,1026,0.00031,0.004,0.183,2.43
Large Alfresco Eggs,Sparkling Water Grapefruit,1470,0.00044,0.035,0.019,1.47
Organic Cauliflower,Organic Hass Avocado,1804,0.00054,0.139,0.008,2.11
Globe Eggplant,Cucumber Kirby,1116,0.00033,0.062,0.011,2.09
Large Alfresco Eggs,Organic Unsweetened Almond Milk,1342,0.0004,0.032,0.022,1.77
Organic Original Almond Milk,Banana,2036,0.00061,0.196,0.004,1.34
Original Hummus,Organic Baby Broccoli,1408,0.00042,0.019,0.042,1.92
Organic Baby Spinach Salad,Limes,1676,0.0005,0.091,0.011,2.08
Lemonade,Large Lemon,1296,0.00039,0.063,0.008,1.32
Yellow Onions,Organic Hass Avocado,6245,0.00187,0.081,0.028,1.23
Carrots,Frozen Organic Wild Blueberries,1598,0.00048,0.021,0.052,2.29
Organic Baby Carrots,Organic Spring Mix Salad,1028,0.00031,0.013,0.046,1.93
Organic Grade A Free Range Large Brown Eggs,Organic Baby Carrots,2377,0.00071,0.057,0.03,2.36
Yellow Onions,Shredded Mozzarella,1437,0.00043,0.019,0.063,2.72
Bag of Organic Bananas,Sweet Kale Salad Mix,1844,0.00055,0.005,0.154,1.31
Organic Baby Spinach,Garlic,4479,0.00134,0.018,0.116,1.55
Organic Lacinato (Dinosaur) Kale,Organic Kiwi,1597,0.00048,0.036,0.031,2.29
Baked Aged White Cheddar Rice and Corn Puffs,Organic Hass Avocado,1895,0.00057,0.133,0.009,2.02
Organic Red Bell Pepper,Uncured Genoa Salami,1246,0.00037,0.021,0.029,1.61
Pure Sparkling Water,Organic Hass Avocado,2757,0.00082,0.092,0.012,1.39
Organic Fuji Apple,Organic Spring Mix,1071,0.00032,0.012,0.032,1.16
Organic Whole String Cheese,Organic Peeled Whole Baby Carrots,2874,0.00086,0.047,0.05,2.7
Organic Yellow Onion,Gold Potato,1655,0.00049,0.014,0.183,5.2
Bunny-Luv Fresh Organic Carrots,Organic Hass Avocado,1391,0.00042,0.13,0.006,1.96
Organic Red Bell Pepper,Organic Carrot Bunch,2077,0.00062,0.035,0.055,3.09
Lemon Yogurt,Coconut Yoghurt,1323,0.0004,0.141,0.202,71.88
Organic Fuji Apple,Organic Gala Apples,1659,0.0005,0.018,0.022,0.79
Honey Nut Cheerios,Organic Hass Avocado,2112,0.00063,0.076,0.01,1.14
Organic Kiwi,Organic Bell Pepper,1384,0.00041,0.027,0.057,3.66
Jalapeno Peppers,No Salt Added Black Beans,2131,0.00064,0.048,0.073,5.5
No Salt Added Black Beans,Unsalted Butter,1036,0.00031,0.036,0.028,3.2
Red Raspberries,Organic Strawberries,4123,0.00123,0.149,0.015,1.81
Organic Baby Spinach,Organic Tomato Basil Pasta Sauce,3157,0.00094,0.013,0.179,2.39
Shredded Mild Cheddar Cheese,Organic Blueberries,1176,0.00035,0.042,0.011,1.35
Organic Baby Spinach,"Yogurt, Strained Low-Fat, Coconut",1462,0.00044,0.006,0.116,1.55
Banana,Organic Bell Pepper,4133,0.00124,0.008,0.17,1.16
Organic Frozen Mango Chunks,Organic Sliced Peaches,1634,0.00049,0.149,0.159,48.53
Tilapia Filet,Banana,3291,0.00098,0.216,0.007,1.47
Organic Cucumber,Organic Baby Broccoli,2313,0.00069,0.027,0.07,2.75
Green Bell Pepper,Shredded Mozzarella,1117,0.00033,0.019,0.049,2.81
Green Bell Pepper,Garlic,1640,0.00049,0.028,0.043,2.45
Organic D'Anjou Pears,Organic Garlic,3520,0.00105,0.069,0.031,2.03
Wild Berry Smoothie,Banana,2083,0.00062,0.251,0.004,1.71
Apple Honeycrisp Organic,Organic Gala Apples,2741,0.00082,0.031,0.036,1.39
Organic Whole Milk,Bunny Pasta with Yummy Cheese Macaroni & Cheese,1090,0.00033,0.008,0.129,3.03
Organic Tomato Basil Pasta Sauce,Organic Baby Carrots,1067,0.00032,0.061,0.013,2.52
Limes,Ground Turkey Breast,3024,0.0009,0.021,0.109,2.49
Carrots,Organic Baby Spinach Salad,1021,0.00031,0.014,0.056,2.47
Organic Grape Tomatoes,Organic Green Cabbage,1204,0.00036,0.014,0.054,2.07
Jalapeno Peppers,Organic Garnet Sweet Potato (Yam),1759,0.00053,0.04,0.032,2.43
Banana,Sliced White Mushrooms,2018,0.0006,0.004,0.23,1.57
Seedless Red Grapes,Original Orange Juice,1009,0.0003,0.012,0.039,1.5
Bag of Organic Bananas,Organic Spring Mix Salad,3978,0.00119,0.01,0.179,1.52
Uncured Beef Hot Dogs,Banana,1324,0.0004,0.258,0.003,1.76
Organic Yellow Onion,Salted Butter,1245,0.00037,0.011,0.062,1.77
Total 2% All Natural Plain Greek Yogurt,Total 2% Lowfat Greek Strained Yogurt with Peach,1056,0.00032,0.061,0.051,9.95
Organic Grape Tomatoes,Organic Tomato Cluster,3621,0.00108,0.041,0.054,2.06
Sustainably Soft Bath Tissue,Limes,1296,0.00039,0.068,0.009,1.55
Organic Yams,Asparagus,1100,0.00033,0.053,0.015,2.47
Limes,Total 0% Nonfat Greek Yogurt,2266,0.00068,0.015,0.081,1.85
Organic Raw Kombucha Gingerade,Organic Hass Avocado,2798,0.00084,0.13,0.013,1.97
Corn Tortillas,Limes,2849,0.00085,0.184,0.019,4.19
Organic No Salt Added Diced Tomatoes,Organic Strawberries,1263,0.00038,0.118,0.005,1.44
Organic Yellow Onion,Organic Extra Large Grade AA Brown Eggs,1021,0.00031,0.009,0.072,2.05
Watermelon Chunks,Organic Hass Avocado,3481,0.00104,0.137,0.016,2.08
Large Grapefruit,Organic Baby Carrots,1002,0.0003,0.045,0.012,1.87
Strawberries,Organic White Onions,1094,0.00033,0.007,0.045,1.0
Organic Large Grade AA Brown Eggs,Sparkling Water Grapefruit,1125,0.00034,0.042,0.014,1.79
Organic Sticks Low Moisture Part Skim Mozzarella String Cheese,Fresh Cauliflower,1396,0.00042,0.039,0.019,1.77
Lightly Salted Baked Snap Pea Crisps,Organic Fuji Apple,1305,0.00039,0.05,0.014,1.81
Banana,Dha Omega 3 Reduced Fat 2% Milk,1649,0.00049,0.003,0.157,1.07
Organic Red Bell Pepper,Organic Baby Spinach Salad,1367,0.00041,0.023,0.074,4.16
Organic Sticks Low Moisture Part Skim Mozzarella String Cheese,Organic Peeled Whole Baby Carrots,1632,0.00049,0.046,0.028,2.66
Apple Honeycrisp Organic,Organic Avocado,7594,0.00227,0.087,0.041,1.58
Jalapeno Peppers,Organic Avocado,6878,0.00206,0.155,0.037,2.81
Jalapeno Peppers,Organic Garlic,5459,0.00163,0.123,0.048,3.61
Organic Green Leaf Lettuce,Organic Baby Spinach,1627,0.00049,0.111,0.006,1.48
Bag of Organic Bananas,Organic Ezekiel 49 Bread Cinnamon Raisin,1036,0.00031,0.003,0.201,1.7
Organic Strawberries,Organic Banana,3102,0.00093,0.011,0.148,1.8
Limes,Organic Cucumber,7762,0.00232,0.053,0.091,2.08
100% Raw Coconut Water,Spring Water,1466,0.00044,0.037,0.025,2.14
Banana,Vanilla Blueberry Clusters With Flax Seeds Granola,1568,0.00047,0.003,0.247,1.68
Organic Ginger Root,Asparagus,2384,0.00071,0.044,0.034,2.07
Bag of Organic Bananas,Banana,1204,0.00036,0.003,0.002,0.02
Bunched Cilantro,Fresh Ginger Root,2299,0.00069,0.048,0.09,6.38
Organic Raspberries,Organic Whole Cashews,1468,0.00044,0.01,0.11,2.59
Organic Romaine Lettuce,Organic Ginger Root,1757,0.00053,0.049,0.032,3.02
Ginger Ale,Banana,1904,0.00057,0.145,0.004,0.98
Frozen Organic Wild Blueberries,Organic Gala Apples,1791,0.00054,0.058,0.024,2.56
Orange Bell Pepper,Grated Parmesan,1046,0.00031,0.025,0.022,1.82
Clementines,Blueberries,1199,0.00036,0.037,0.021,2.14
Organic Granny Smith Apple,Organic Tomato Cluster,2815,0.00084,0.046,0.042,2.31
Organic Reduced Fat Milk,Cucumber Kirby,2133,0.00064,0.058,0.021,1.94
YoBaby Peach Pear Yogurt,Bag of Organic Bananas,1718,0.00051,0.192,0.004,1.63
Organic Fuji Apple,Bunched Cilantro,1912,0.00057,0.021,0.04,1.45
Organic Black Beans,Red Vine Tomato,1311,0.00039,0.033,0.023,1.96
Unsalted Pure Irish Butter,Organic Italian Parsley Bunch,1105,0.00033,0.054,0.018,2.85
Organic Whole Milk,Organic Cripps Pink Apples,1073,0.00032,0.008,0.079,1.85
Cantaloupe,Apple Honeycrisp Organic,1346,0.0004,0.054,0.015,2.05
Organic Diced Tomatoes,Organic Baby Spinach,3930,0.00117,0.172,0.016,2.29
Organic Bartlett Pear,Organic Bosc Pear,1056,0.00032,0.027,0.048,4.13
Organic Broccoli Crowns,Organic Grape Tomatoes,1326,0.0004,0.069,0.015,2.63
Organic Milk,Sparkling Water Grapefruit,1278,0.00038,0.044,0.016,1.87
Organic Broccoli Crowns,Organic Large Extra Fancy Fuji Apple,1284,0.00038,0.067,0.016,2.88
Fat Free Milk,Banana,7167,0.00214,0.234,0.015,1.6
Walnut Halves & Pieces,Banana,2051,0.00061,0.188,0.004,1.28
Small Hass Avocado,Bunched Cilantro,1717,0.00051,0.033,0.036,2.32
Organic Yellow Onion,Organic Cilantro,8939,0.00267,0.076,0.122,3.48
Organic Yellow Onion,Banana,17374,0.00519,0.148,0.035,1.01
Organic Tomato Cluster,Organic Zucchini,6129,0.00183,0.092,0.056,2.8
Shredded Parmesan,Organic Fuji Apple,1565,0.00047,0.042,0.017,1.5
Organic Whole Grassmilk Milk,Bag of Organic Bananas,4228,0.00126,0.265,0.011,2.25
Angel Hair Pasta,Banana,1357,0.00041,0.205,0.003,1.39
Organic Grade A Free Range Large Brown Eggs,Organic Avocado,3908,0.00117,0.093,0.021,1.7
Large Alfresco Eggs,Large Lemon,3604,0.00108,0.085,0.022,1.77
Organic Broccoli Florets,Organic Whole String Cheese,1466,0.00044,0.043,0.024,2.32
Seedless Red Grapes,Organic Half & Half,2652,0.00079,0.031,0.034,1.29
Organic Blueberries,Organic Ginger Root,2749,0.00082,0.026,0.051,1.62
Bag of Organic Bananas,Original Multigrain Spoonfuls Cereal,1392,0.00042,0.004,0.243,2.06
Frozen Organic Wild Blueberries,Organic Black Beans,1162,0.00035,0.038,0.029,3.17
Organic Cucumber,Organic Green Seedless Grapes,1640,0.00049,0.019,0.073,2.89
Organic Roma Tomato,Cucumber Kirby,2130,0.00064,0.07,0.021,2.34
Organic Carrot Bunch,Organic Granny Smith Apple,1770,0.00053,0.047,0.029,2.58
Bag of Organic Bananas,Organic Tomato Basil Pasta Sauce,3670,0.0011,0.009,0.209,1.77
Baby Spinach,Organic Raspberries,2047,0.00061,0.084,0.014,1.98
Honey Yoghurt,Lemon Yogurt,1295,0.00039,0.132,0.138,47.09
Soda,Sparkling Mineral Water,1864,0.00056,0.05,0.099,8.87
Strawberries,Total Greek Strained Yogurt,1442,0.00043,0.01,0.053,1.18
Limes,Organic Brown Rice,1385,0.00041,0.009,0.093,2.13
Marinara Sauce,Cucumber Kirby,1025,0.00031,0.049,0.01,1.66
Large Lemon,Globe Eggplant,2035,0.00061,0.013,0.114,2.36
Organic Red Onion,Organic Large Green Asparagus,1240,0.00037,0.018,0.062,2.93
Organic Strawberries,"Milk, Vitamin D",1094,0.00033,0.004,0.121,1.47
Granny Smith Apples,Michigan Organic Kale,1126,0.00034,0.03,0.016,1.43
Good Seed Organic Thin Sliced Bread,Banana,1200,0.00036,0.206,0.002,1.4
Organic Baby Spinach,Organic Dill,2636,0.00079,0.01,0.159,2.11
Organic Garlic,Organic Tomato Sauce,1654,0.00049,0.015,0.117,3.43
Organic Garlic,Organic Whole Milk,8722,0.00261,0.077,0.061,1.79
Organic Multigrain Waffles,Bag of Organic Bananas,2597,0.00078,0.233,0.007,1.98
Organic Small Bunch Celery,Globe Eggplant,1075,0.00032,0.015,0.06,2.84
Organic Navel Orange,Organic Cilantro,2475,0.00074,0.055,0.034,2.54
Baby Spinach,Organic Cucumber,1441,0.00043,0.059,0.017,2.34
Organic Garlic,Organic Blackberries,2895,0.00087,0.025,0.045,1.32
Pure Sparkling Water,Organic Yellow Onion,1391,0.00042,0.046,0.012,1.32
Air Chilled Organic Boneless Skinless Chicken Breasts,Organic Cilantro,1147,0.00034,0.066,0.016,3.01
Organic Large Green Asparagus,Organic Garnet Sweet Potato (Yam),1146,0.00034,0.057,0.021,3.51
"Clementines, Bag",Organic Cucumber,1605,0.00048,0.039,0.019,1.53
"Dressing, Jersey Sweet Onion, Calorie Free",Large Lemon,1145,0.00034,0.124,0.007,2.58
Organic Strawberries,Pretzel Crisps Original Deli Style Pretzel Crackers,2355,0.0007,0.009,0.142,1.72
Organic Creamy Peanut Butter,Organic Hass Avocado,2686,0.0008,0.143,0.012,2.16
Organic Baby Spinach Salad,Organic Zucchini,1418,0.00042,0.077,0.013,2.36
Organic Strawberries,Kids Sensible Foods Broccoli Littles,1284,0.00038,0.005,0.218,2.65
Bag of Organic Bananas,Rainbow Bell Peppers,2144,0.00064,0.005,0.179,1.52
Organic Yams,Cucumber Kirby,1391,0.00042,0.066,0.014,2.23
Organic Yams,Organic Grape Tomatoes,1123,0.00034,0.054,0.013,2.04
Mini Original Babybel Cheese,Bag of Organic Bananas,3081,0.00092,0.193,0.008,1.64
Banana,Sinfully Sweet Campari Tomatoes,2224,0.00066,0.005,0.136,0.93
Large Yellow Flesh Nectarine,Limes,1388,0.00041,0.089,0.009,2.03
Feta Cheese Crumbles,Red Onion,1464,0.00044,0.043,0.033,3.26
Organic Broccoli Crowns,Organic Garlic,1710,0.00051,0.089,0.015,2.62
Organic Large Green Asparagus,Organic Italian Parsley Bunch,1303,0.00039,0.065,0.021,3.46
Original Orange Juice,Organic Fuji Apple,1310,0.00039,0.05,0.014,1.82
Whole Milk Ricotta Cheese,Grated Parmesan,1219,0.00036,0.113,0.026,8.06
Chicken Breast Tenders Breaded,Organic Hass Avocado,1031,0.00031,0.118,0.005,1.78
Alpine Spring Water,Organic Hass Avocado,1106,0.00033,0.1,0.005,1.52
"Yogurt, Lowfat, Strawberry",Organic Strawberries,1843,0.00055,0.223,0.007,2.7
Organic Strawberries,Organic Baby Arugula,11032,0.0033,0.04,0.146,1.77
Organic Blueberries,Organic Baby Carrots,5022,0.0015,0.048,0.062,1.99
Banana,Grated Parmesan,9575,0.00286,0.019,0.204,1.39
Clementines,Hass Avocados,4191,0.00125,0.13,0.08,8.3
Organic Cilantro,Organic Grape Tomatoes,4714,0.00141,0.065,0.054,2.45
Yobaby Organic Plain Yogurt,Bag of Organic Bananas,2442,0.00073,0.284,0.006,2.41
Banana,Coke Zero,1078,0.00032,0.002,0.178,1.21
Asparation/Broccolini/Baby Broccoli,Organic Avocado,1862,0.00056,0.108,0.01,1.97
Organic D'Anjou Pears,Organic Grape Tomatoes,3532,0.00106,0.07,0.04,2.64
Green Onions,Organic Fuji Apple,1209,0.00036,0.043,0.013,1.56
Blueberry on the Bottom Nonfat Greek Yogurt,Banana,1822,0.00054,0.276,0.004,1.88
Organic Yellow Onion,Organic Spring Mix,1735,0.00052,0.015,0.052,1.49
Organic Yellow Onion,Globe Eggplant,2112,0.00063,0.018,0.118,3.35
Organic Unsweetened Almond Milk,Feta Cheese Crumbles,1053,0.00031,0.018,0.031,1.74
Purified Water,Banana,2045,0.00061,0.177,0.004,1.21
Frozen Organic Wild Blueberries,Organic Cucumber,2320,0.00069,0.075,0.027,2.95
Carrots,Bunched Cilantro,2526,0.00075,0.034,0.053,2.37
Pure Sparkling Water,Organic Strawberries,2881,0.00086,0.096,0.01,1.17
Organic Grade A Free Range Large Brown Eggs,Organic Roasted Turkey Breast,1011,0.0003,0.024,0.034,2.74
Banana,Tuna Salad,1232,0.00037,0.003,0.197,1.34
Jalapeno Peppers,Organic White Onions,1552,0.00046,0.035,0.063,4.77
Organic Yellow Onion,Organic Tomato Basil Pasta Sauce,1444,0.00043,0.012,0.082,2.33
Organic Red Delicious Apple,Organic Hass Avocado,2010,0.0006,0.14,0.009,2.12
Organic Unsalted Butter,Organic Cucumber,1237,0.00037,0.056,0.015,2.19
Plain Greek Yogurt,Organic Baby Spinach,1219,0.00036,0.085,0.005,1.13
Organic Whole Strawberries,Organic Grape Tomatoes,1816,0.00054,0.056,0.021,2.11
Carrots,Lime Sparkling Water,1174,0.00035,0.016,0.024,1.08
Organic Red Bell Pepper,Organic Blackberries,2155,0.00064,0.036,0.033,1.86
Clementines,Trail Mix,2870,0.00086,0.089,0.228,23.67
Blueberries,Red Vine Tomato,1606,0.00048,0.028,0.028,1.63
Bunched Cilantro,Organic Cucumber,1352,0.0004,0.028,0.016,1.12
Cola Soft Drink,Classic Soda,1018,0.0003,0.142,0.171,79.78
Hass Avocados,Organic Half & Half,1457,0.00044,0.028,0.018,1.18
Organic Broccoli Florets,Limes,1847,0.00055,0.054,0.013,1.23
Red Onion,Sparkling Water Grapefruit,1355,0.0004,0.03,0.017,1.29
Sparkling Water Grapefruit,Cucumber Kirby,3077,0.00092,0.039,0.031,1.3
Organic Garlic,Organic Ginger Root,11236,0.00336,0.099,0.208,6.1
Organic Strawberries,Organic Blueberries,25025,0.00748,0.091,0.238,2.89
Organic Apple Juice,Organic Whole Milk,1168,0.00035,0.096,0.008,2.26
Sweet Baguette,Organic Strawberries,1093,0.00033,0.152,0.004,1.85
Limes,Fresh Cauliflower,7171,0.00214,0.049,0.097,2.2
Pure Sparkling Water,Organic Whole String Cheese,1147,0.00034,0.038,0.019,2.07
Organic Strawberries,Organic 21 Grain Thin Sliced Bread,1767,0.00053,0.006,0.144,1.75
Banana,Mixed Fruit Fruit Snacks,1175,0.00035,0.002,0.113,0.77
"Organic Red Radish, Bunch",Organic Granny Smith Apple,1236,0.00037,0.044,0.02,2.39
Organic Lemon,Grape White/Green Seedless,1623,0.00049,0.018,0.04,1.47
Broccoli Crown,Organic Fuji Apple,3031,0.00091,0.067,0.033,2.43
Organic Fuji Apple,Oven Roasted Turkey Breast,1077,0.00032,0.012,0.051,1.85
Organic Yellow Squash,Organic Zucchini,5173,0.00155,0.446,0.047,13.63
Organic Grade A Free Range Large Brown Eggs,Organic Bartlett Pear,1216,0.00036,0.029,0.031,2.52
Organic Navel Orange,Organic Red Bell Pepper,2632,0.00079,0.059,0.044,3.29
Banana,Sweet Onion,2964,0.00089,0.006,0.145,0.99
Gluten Free SpongeBob Spinach Littles,Bag of Organic Bananas,1579,0.00047,0.215,0.004,1.82
Roasted Turkey,Banana,3098,0.00093,0.294,0.006,2.01
Naturals Savory Turkey Breakfast Sausage,Banana,1699,0.00051,0.2,0.003,1.36
Total 2% Lowfat Plain Greek Yogurt,Limes,1553,0.00046,0.092,0.011,2.1
Green Beans,Cucumber Kirby,3037,0.00091,0.1,0.03,3.37
Organic Raspberries,Vanilla Pure Almond Milk,1005,0.0003,0.007,0.084,1.98
Mild Salsa,Organic Whole Milk,1279,0.00038,0.084,0.009,1.97
Bunched Cilantro,Garlic,2082,0.00062,0.044,0.054,3.81
Sharp Cheddar Cheese,Organic Raspberries,1838,0.00055,0.058,0.013,1.37
Diced Tomatoes,Organic Hass Avocado,1195,0.00036,0.083,0.005,1.25
Carrots,Organic Leek,2284,0.00068,0.03,0.112,4.97
Bag of Organic Bananas,Blueberry Yoghurt,1691,0.00051,0.004,0.164,1.39
Natural Free & Clear Dish Liquid,Banana,1405,0.00042,0.149,0.003,1.01
Organic Baby Spinach,Sea Salt & Vinegar Potato Chips,1272,0.00038,0.005,0.083,1.1
Bunched Cilantro,Organic White Onions,1114,0.00033,0.023,0.045,3.21
100% Whole Wheat Bread,Orange Bell Pepper,1187,0.00035,0.019,0.029,1.53
Total 2% All Natural Greek Strained Yogurt with Honey,Organic Half & Half,1472,0.00044,0.062,0.019,2.61
Organic Garlic,Sparkling Natural Mineral Water,1602,0.00048,0.014,0.036,1.05
Total 0% Greek Yogurt,Organic Garlic,1340,0.0004,0.049,0.012,1.45
Organic Garlic,Half & Half,3891,0.00116,0.034,0.054,1.6
Gluten Free Whole Grain Bread,Organic Strawberries,2151,0.00064,0.151,0.008,1.84
Organic Gala Apples,Organic Bartlett Pear,3485,0.00104,0.046,0.09,3.98
100% Whole Wheat Bread,Organic Baby Arugula,1550,0.00046,0.025,0.02,1.08
"Organic Milk Reduced Fat, 2% Milkfat",Half & Half,1086,0.00032,0.083,0.015,3.87
Banana,Organic Peeled Whole Baby Carrots,15237,0.00455,0.031,0.263,1.79
Organic Old Fashioned Rolled Oats,Large Lemon,1765,0.00053,0.085,0.011,1.76
Organic Strawberries,Organic Old Fashioned Rolled Oats,3494,0.00104,0.013,0.167,2.03
Organic Strawberries,Organic Strawberry Fruit Spread,2244,0.00067,0.008,0.192,2.33
Organic Strawberries,Plain Bagelettes,1478,0.00044,0.005,0.264,3.2
Organic Large Brown Eggs,Organic Whole Milk,2402,0.00072,0.161,0.017,3.78
Original Hummus,Original Veggie Straws,1170,0.00035,0.016,0.067,3.01
Uncured Hickory Smoked Sunday Bacon,Organic Avocado,1429,0.00043,0.066,0.008,1.2
Half & Half,Original Hummus,3402,0.00102,0.047,0.046,2.14
Banana,Jalapeno Potato Chips,1405,0.00042,0.003,0.207,1.41
"Clementines, Bag",Original Hummus,1815,0.00054,0.044,0.024,1.98
Organic Coconut Milk,Organic Lacinato (Dinosaur) Kale,1416,0.00042,0.05,0.032,3.73
Bag of Organic Bananas,Organic Whole Crimini Mushrooms,1347,0.0004,0.003,0.192,1.63
Organic Sticks Low Moisture Part Skim Mozzarella String Cheese,Organic Strawberries,7202,0.00215,0.203,0.026,2.46
Dairy Free Unsweetened Coconut Milk,Organic Hass Avocado,1128,0.00034,0.133,0.005,2.01
Organic Celery Hearts,Organic Baby Arugula,1292,0.00039,0.052,0.017,2.29
Green Peas,Cucumber Kirby,1050,0.00031,0.089,0.011,3.0
Mini Original Babybel Cheese,Organic Raspberries,1855,0.00055,0.116,0.013,2.73
Organic Carrot Bunch,Original Hummus,1458,0.00044,0.039,0.02,1.75
Organic Shredded Mozzarella,Fresh Cauliflower,1021,0.00031,0.054,0.014,2.42
Organic 1% Low Fat Milk,Banana,2333,0.0007,0.186,0.005,1.27
Mozzarella String Cheese,Clementines,1555,0.00046,0.143,0.048,14.84
Organic Garlic,Berry Medley,1007,0.0003,0.009,0.068,1.99
Bag of Organic Bananas,Organic Mixed Berry Yogurt & Fruit Snack,1454,0.00043,0.004,0.253,2.15
Organic Lacinato (Dinosaur) Kale,Organic Green Cabbage,1131,0.00034,0.025,0.051,3.81
Strawberry Rhubarb Yogurt,Vanilla Skyr Style Yogurt,1592,0.00048,0.233,0.172,84.39
Organic Diced Tomatoes,Michigan Organic Kale,1205,0.00036,0.053,0.017,2.52
Organic Whole String Cheese,Total 2% Lowfat Greek Strained Yogurt with Peach,1103,0.00033,0.018,0.054,2.91
Organic Diced Tomatoes,Jalapeno Peppers,1073,0.00032,0.047,0.024,3.54
Bag of Organic Bananas,Dark with 70% Cacao Content Organic Chocolate Bar,1032,0.00031,0.003,0.191,1.62
Organic Broccoli,Organic D'Anjou Pears,2006,0.0006,0.05,0.039,3.27
Organic Granny Smith Apple,Cucumber Kirby,3230,0.00097,0.053,0.032,1.77
Organic Plain Greek Whole Milk Yogurt,Organic Whole Milk,1848,0.00055,0.153,0.013,3.59
Original Hummus,Organic Romaine Lettuce,1521,0.00045,0.021,0.042,1.9
Oats & Honey Gluten Free Granola,Gluten Free Peanut Butter Dark Chocolate Chewy With a Crunch Granola Bars,1179,0.00035,0.142,0.17,68.67
Bag of Organic Bananas,Organic Golden Delicious Apple,2820,0.00084,0.007,0.275,2.33
Organic Fuji Apple,Organic Peeled Whole Baby Carrots,2874,0.00086,0.031,0.05,1.79
100% Whole Wheat Bread,Banana,15746,0.00471,0.249,0.032,1.7
Frozen Organic Wild Blueberries,Michigan Organic Kale,2040,0.00061,0.066,0.029,3.15
Strawberries,Salted Butter,1284,0.00038,0.009,0.064,1.44
Organic Strawberries,Total 2% Greek Strained Yogurt with Cherry 5.3 oz,2439,0.00073,0.009,0.13,1.58
Organic Gala Apples,Organic Baby Carrots,4431,0.00132,0.059,0.055,2.43
Limes,Organic Bartlett Pear,2875,0.00086,0.02,0.074,1.7
Organic Garlic,Organic Green Cabbage,2778,0.00083,0.024,0.125,3.69
Watermelon Chunks,Organic Whole String Cheese,1016,0.0003,0.04,0.016,2.17
Organic Whole Milk,Shredded Mild Cheddar Cheese,2870,0.00086,0.02,0.103,2.42
Organic Baby Spinach,Organic Baby Broccoli,5771,0.00172,0.023,0.174,2.31
Organic Lemon,Organic Garnet Sweet Potato (Yam),3951,0.00118,0.043,0.072,2.66
Organic Garlic,Globe Eggplant,2345,0.0007,0.021,0.131,3.84
Russet Potato,Organic Strawberries,2789,0.00083,0.091,0.01,1.1
Limes,Organic Unsweetened Almond Milk,4131,0.00123,0.028,0.069,1.57
Limes,Gala Apples,1379,0.00041,0.009,0.055,1.26
Organic Yellow Onion,Organic Basil,3430,0.00103,0.029,0.123,3.5
Shredded Parmesan,Whipped Cream Cheese,1406,0.00042,0.037,0.044,3.87
Original Hummus,Shredded Mild Cheddar Cheese,1329,0.0004,0.018,0.048,2.16
Soda,Milk Chocolate Almonds,1054,0.00031,0.028,0.2,17.92
Blackberry Cucumber Sparkling Water,Curate Melon Pomelo Sparking Water,2476,0.00074,0.211,0.336,95.64
Orange Bell Pepper,Organic Hass Avocado,4262,0.00127,0.104,0.019,1.57
Organic Reduced Fat Milk,Organic Avocado,4408,0.00132,0.12,0.024,2.17
Baby Seedless Cucumbers,Organic Strawberries,2100,0.00063,0.208,0.008,2.53
Organic Russet Potato,Organic Tomato Cluster,2272,0.00068,0.067,0.034,3.37
Organic Strawberries,Organic Red Lentils,1032,0.00031,0.004,0.127,1.54
Garlic,Feta Cheese Crumbles,1071,0.00032,0.028,0.032,2.75
White Sandwich Bread,Banana,1627,0.00049,0.24,0.003,1.64
Organic Baby Spinach,Organic Dijon Mustard,1940,0.00058,0.008,0.169,2.24
Organic Chicken & Apple Sausage,Bag of Organic Bananas,3221,0.00096,0.239,0.008,2.03
Organic Yellow Onion,Organic Pinto Beans,1680,0.0005,0.014,0.15,4.26
Unrefined Virgin Coconut Oil,Organic Avocado,1048,0.00031,0.107,0.006,1.94
Icelandic Style Fat Free Plain Yogurt,Vanilla Skyr Nonfat Yogurt,1319,0.00039,0.164,0.07,29.03
Limes,Organic Red Chard Greens,1085,0.00032,0.007,0.095,2.18
Organic Strawberries,Original Multigrain Spoonfuls Cereal,1165,0.00035,0.004,0.204,2.47
Spring Water,Organic Garnet Sweet Potato (Yam),1399,0.00042,0.024,0.026,1.47
Crunchy Peanut Butter,Banana,1593,0.00048,0.296,0.003,2.02
Macaroni & Cheese,Organic Avocado,1392,0.00042,0.077,0.008,1.39
100% Whole Wheat Bread,Organic Garnet Sweet Potato (Yam),1162,0.00035,0.018,0.021,1.13
Banana,Organic Unsweetened Almond Milk,10952,0.00327,0.022,0.182,1.24
Organic Apple Juice,Organic Strawberries,1769,0.00053,0.146,0.006,1.77
Organic Red Onion,Organic Hothouse Cucumbers,1744,0.00052,0.025,0.07,3.32
Organic Cucumber,Organic Avocado,8271,0.00247,0.097,0.045,1.77
Yellow Onions,Organic Spring Mix,1054,0.00031,0.014,0.032,1.38
"Dressing, Jersey Sweet Onion, Calorie Free",Bag of Organic Bananas,1057,0.00032,0.114,0.003,0.97
Sparkling Lemon Water,Lime Sparkling Water,8874,0.00265,0.259,0.183,17.89
Jalapeno Peppers,Organic Peeled Whole Baby Carrots,1078,0.00032,0.024,0.019,1.4
Organic Fuji Apple,Unsweetened Original Almond Breeze Almond Milk,1995,0.0006,0.021,0.055,1.99
Organic Baby Spinach,Lime Sparkling Water,4545,0.00136,0.018,0.094,1.25
Organic Baby Spinach,Chicken & Maple Breakfast Sausage,2298,0.00069,0.009,0.12,1.59
Bag of Organic Bananas,Authentic French Brioche Hamburger Buns,2158,0.00064,0.005,0.201,1.7
Organic Whole Milk,Organic Yellow Peaches,2301,0.00069,0.016,0.105,2.45
Jalapeno Peppers,Organic Sour Cream,1131,0.00034,0.025,0.041,3.07
Mint,Organic Strawberries,1107,0.00033,0.102,0.004,1.24
Chopped Walnuts,Organic Hass Avocado,1130,0.00034,0.108,0.005,1.63
Organic Lemon,Sparkling Lemon Water,1215,0.00036,0.013,0.036,1.3
Organic Baby Carrots,Organic Bell Pepper,1543,0.00046,0.019,0.063,2.64
Limes,Sugar Snap Peas,1329,0.0004,0.009,0.09,2.05
Organic Romaine Lettuce,Organic Bartlett Pear,1023,0.00031,0.028,0.026,2.46
Organic Strawberries,Uncured Pepperoni,1404,0.00042,0.005,0.169,2.05
Organic Baby Spinach,Organic Green Seedless Grapes,3042,0.00091,0.012,0.136,1.81
Organic Russet Potato,Organic Romaine Lettuce,1153,0.00034,0.034,0.032,3.18
Organic Peeled Whole Baby Carrots,Red Onion,1144,0.00034,0.02,0.026,1.49
Organic Cucumber,Organic Spring Mix Salad,1458,0.00044,0.017,0.066,2.59
Granny Smith Apples,Organic Blueberries,1353,0.0004,0.036,0.013,1.15
Organic Yellow Onion,Organic Bosc Pear,1856,0.00055,0.016,0.084,2.38
Organic Vanilla Soymilk,Bag of Organic Bananas,1001,0.0003,0.183,0.003,1.55
Organic Red Onion,Organic Baby Carrots,3292,0.00098,0.046,0.041,1.93
Baby Portabella Mushrooms,Banana,1281,0.00038,0.216,0.003,1.47
Skim Milk,Organic Avocado,1192,0.00036,0.081,0.006,1.46
Baby Cucumbers,Bag of Organic Bananas,3038,0.00091,0.202,0.008,1.71
Organic Strawberries,Panko Bread Crumbs,1048,0.00031,0.004,0.112,1.36
Apple Honeycrisp Organic,Organic Peeled Whole Baby Carrots,3113,0.00093,0.036,0.054,2.06
100% Whole Wheat Bread,Organic Cilantro,1209,0.00036,0.019,0.017,0.88
Green Beans,Organic Blackberries,1008,0.0003,0.033,0.016,1.73
Pure Irish Butter,Organic Blueberries,1420,0.00042,0.04,0.014,1.28
Organic Strawberries,Pure Irish Butter,4354,0.0013,0.016,0.123,1.49
Organic Tomato Paste,Organic Zucchini,1746,0.00052,0.095,0.016,2.91
Seedless Cucumbers,Sinfully Sweet Campari Tomatoes,1109,0.00033,0.078,0.068,15.94
Soda,Organic Coconut Water,1058,0.00032,0.028,0.186,16.69
Red Peppers,Michigan Organic Kale,2842,0.00085,0.049,0.041,2.33
Icelandic Style Skyr Blueberry Non-fat Yogurt,Large Lemon,1535,0.00046,0.077,0.01,1.6
Bag of Organic Bananas,Organic Whole Cashews,3378,0.00101,0.009,0.254,2.15
Half & Half,Uncured Hickory Smoked Sunday Bacon,1010,0.0003,0.014,0.047,2.18
Organic Russet Potato,Organic Cilantro,1947,0.00058,0.058,0.027,2.65
Carrots,Organic Tomato Cluster,3210,0.00096,0.043,0.048,2.14
Organic Shredded Carrots,Organic Hass Avocado,2944,0.00088,0.14,0.013,2.12
Organic Diced Tomatoes,Organic Small Bunch Celery,1634,0.00049,0.072,0.023,3.39
Sugar Snap Peas,Large Lemon,1297,0.00039,0.088,0.008,1.83
Banana,Goldfish Cheddar Baked Snack Crackers Multi Packs,1117,0.00033,0.002,0.219,1.49
Gala Apples,Bartlett Pears,1315,0.00039,0.053,0.036,4.8
Air Chilled Organic Boneless Skinless Chicken Breasts,Organic Whole Milk,1284,0.00038,0.074,0.009,1.72
Banana,Organic Whole Wheat Fusilli,1890,0.00056,0.004,0.262,1.79
Bag of Organic Bananas,Walnut Halves & Pieces,2165,0.00065,0.005,0.198,1.68
Whole Milk Ricotta Cheese,Bag of Organic Bananas,1811,0.00054,0.168,0.005,1.42
Organic Baby Arugula,Unsweetened Original Almond Breeze Almond Milk,1031,0.00031,0.014,0.029,1.26
Mild Cheddar Cheese Sticks,Organic Baby Spinach,1611,0.00048,0.138,0.006,1.83
Organic Shredded Mozzarella,Organic Whole Milk,1965,0.00059,0.103,0.014,2.42
Orange Bell Pepper,Organic Black Beans,1066,0.00032,0.026,0.027,2.2
Organic Strawberries,Organic Wheat-Free & Gluten-Free Original Crackers,1209,0.00036,0.004,0.142,1.73
Organic Gala Apples,Large Lemon,6131,0.00183,0.081,0.038,1.69
Strawberries,Organic Half & Half,3862,0.00115,0.026,0.049,1.09
93% Ground Beef,Organic Strawberries,1216,0.00036,0.154,0.004,1.87
Apple Honeycrisp Organic,Spring Water,1564,0.00047,0.018,0.027,1.03
Red Peppers,Organic Romaine Lettuce,1726,0.00052,0.03,0.048,2.76
Organic Baby Spinach,"Milk, Organic, Vitamin D",2240,0.00067,0.009,0.108,1.43
Banana,Original Hummus,18861,0.00564,0.038,0.254,1.73
Organic Avocado,Organic Half & Half,5173,0.00155,0.028,0.065,1.19
Sinfully Sweet Campari Tomatoes,Organic Avocado,1393,0.00042,0.085,0.008,1.55
Organic Grade A Free Range Large Brown Eggs,Organic Cucumber,2357,0.0007,0.056,0.028,2.22
Frozen Organic Wild Blueberries,Organic Zucchini,2189,0.00065,0.071,0.02,2.16
Organic Garlic,Organic Romaine Lettuce,3688,0.0011,0.032,0.102,3.01
Organic Garlic,Organic Peeled Whole Baby Carrots,3556,0.00106,0.031,0.061,1.81
Organic Baby Arugula,Organic Garbanzo Beans,2024,0.0006,0.027,0.065,2.87
Organic Tomato Basil Pasta Sauce,Cucumber Kirby,1159,0.00035,0.066,0.012,2.21
Collard Greens,Organic Zucchini,1053,0.00031,0.097,0.01,2.98
Banana,Blackberry Cucumber Sparkling Water,2155,0.00064,0.004,0.183,1.25
Organic Blackberries,Organic Avocado,6058,0.00181,0.094,0.033,1.7
Nonfat Icelandic Style Strawberry Yogurt,Banana,2513,0.00075,0.228,0.005,1.55
Fresh Cauliflower,Large Lemon,7311,0.00218,0.098,0.045,2.05
Organic Cucumber,Organic Italian Parsley Bunch,5118,0.00153,0.06,0.081,3.2
Organic Whole Crimini Mushrooms,Organic Hass Avocado,1011,0.0003,0.144,0.005,2.19
Jalapeno Peppers,Organic Romaine Lettuce,1186,0.00035,0.027,0.033,2.48
"Organic Red Radish, Bunch",Organic Lacinato (Dinosaur) Kale,1613,0.00048,0.057,0.036,4.26
Banana,Medium Navel Orange,3515,0.00105,0.007,0.327,2.23
Strawberries,Organic Large Brown Grade AA Cage Free Eggs,1535,0.00046,0.01,0.046,1.03
Guacamole,Organic Hass Avocado,2086,0.00062,0.112,0.009,1.7
Gold Potato,Organic Avocado,1112,0.00033,0.123,0.006,2.23
Organic Raspberries,Organic Baby Rainbow Carrots,1876,0.00056,0.013,0.091,2.14
Organic Broccoli,Organic Extra Firm Tofu,1106,0.00033,0.027,0.036,3.02
Baby Cucumbers,Organic Blueberries,1265,0.00038,0.084,0.012,2.68
Sparkling Lemon Water,Limes,1943,0.00058,0.057,0.013,1.3
Uncured Genoa Salami,Cucumber Kirby,2003,0.0006,0.046,0.02,1.55
Organic Yellow Onion,Organic Uncured Sliced Black Forest Ham,1043,0.00031,0.009,0.085,2.42
Unsalted Butter,Organic Hass Avocado,2853,0.00085,0.077,0.013,1.16
Organic Baby Broccoli,Organic Grape Tomatoes,2207,0.00066,0.067,0.025,2.53
European Cucumber,Red Onion,1170,0.00035,0.061,0.026,4.62
Limes,Total 0% Nonfat Plain Greek Yogurt,1355,0.0004,0.009,0.089,2.03
Organic Red Bell Pepper,Organic Large Green Asparagus,1608,0.00048,0.027,0.08,4.49
Organic Red Onion,Organic Baby Kale,1175,0.00035,0.017,0.062,2.93
Organic Gala Apples,Grape White/Green Seedless,1903,0.00057,0.025,0.047,2.08
Organic Thyme,Asparagus,1045,0.00031,0.052,0.015,2.43
Banana,Cran Raspberry Sparkling Water,2160,0.00065,0.004,0.199,1.35
Organic Large Extra Fancy Fuji Apple,Unsweetened Vanilla Almond Milk,1202,0.00036,0.015,0.044,1.87
Organic Chicken Broth,Organic Hass Avocado,1259,0.00038,0.107,0.006,1.62
Banana,Authentic French Brioche,1335,0.0004,0.003,0.17,1.16
Organic Garlic,Organic Whole Cashews,1253,0.00037,0.011,0.094,2.77
Penne Rigate #41 Pasta,Organic Strawberries,1135,0.00034,0.161,0.004,1.95
Italian Sparkling Mineral Water,Original Hummus,1712,0.00051,0.053,0.023,2.41
Organic Ginger Root,Organic Bunch Beets,1671,0.0005,0.031,0.111,6.86
Organic Red Onion,Organic Coconut Milk,2010,0.0006,0.028,0.071,3.36
Organic Banana,Large Lemon,1352,0.0004,0.065,0.008,1.35
All Natural Marinara Sauce,Organic Strawberries,1226,0.00037,0.138,0.004,1.68
Organic Strawberries,Organic Whipping Cream,1612,0.00048,0.006,0.147,1.78
Fresh Cauliflower,Shredded Mozzarella,1110,0.00033,0.015,0.048,2.18
Italian Sparkling Mineral Water,Organic Baby Spinach,4032,0.0012,0.126,0.016,1.67
100% Whole Wheat Bread,Organic Strawberries,8856,0.00265,0.14,0.032,1.7
Cinnamon Rolls with Icing,Flaky Biscuits,1029,0.00031,0.082,0.143,37.97
Unsalted Butter,Organic Zucchini,1883,0.00056,0.051,0.017,1.55
Yellow Onions,Organic Garlic,9076,0.00271,0.118,0.08,3.46
Boneless Skinless Chicken Breast,Cucumber Kirby,1055,0.00032,0.045,0.011,1.5
Organic Large Extra Fancy Fuji Apple,Banana,13531,0.00404,0.173,0.028,1.18
Organic Red Bell Pepper,Organic Romaine Lettuce,2051,0.00061,0.034,0.057,3.18
Organic Baby Spinach,Natural Chicken & Sage Breakfast Sausage,2193,0.00066,0.009,0.145,1.93
Banana,Organic Lowfat 1% Milk,4058,0.00121,0.008,0.264,1.8
Organic Blackberries,Original Hummus,2334,0.0007,0.036,0.031,1.63
Organic Large Extra Fancy Fuji Apple,Sparkling Natural Mineral Water,1579,0.00047,0.02,0.035,1.51
Strawberries,Chocolate Chip Cookies,1059,0.00032,0.007,0.072,1.61
Uncured Genoa Salami,Asparagus,1587,0.00047,0.037,0.022,1.73
Super Greens Salad,Organic Zucchini,1144,0.00034,0.072,0.01,2.19
Organic Reduced Fat 2% Milk,Apple Honeycrisp Organic,2893,0.00086,0.059,0.033,2.25
Organic Heavy Whipping Cream,Organic Cilantro,1234,0.00037,0.048,0.017,2.21
Green Beans,Organic Baby Arugula,1306,0.00039,0.043,0.017,1.91
Banana,Original Veggie Straws,4392,0.00131,0.009,0.25,1.71
Organic Raspberries,Organic Mango,1553,0.00046,0.011,0.16,3.76
Banana,Organic Large Green Asparagus,2432,0.00073,0.005,0.122,0.83
Banana,Organic Jalapeno Pepper,3282,0.00098,0.007,0.155,1.06
Bag of Organic Bananas,Organic Green Lentils,1671,0.0005,0.004,0.221,1.87
Organic Italian Parsley Bunch,Organic Bartlett Pear,1624,0.00049,0.026,0.042,2.23
Organic D'Anjou Pears,Organic Tomato Cluster,2501,0.00075,0.049,0.037,2.46
"YoKids Squeezers Organic Low-Fat Yogurt, Strawberry",Limes,1259,0.00038,0.062,0.009,1.41
Grated Parmesan,Organic Basil,1594,0.00048,0.034,0.057,4.07
Frozen Organic Wild Blueberries,Organic D'Anjou Pears,1300,0.00039,0.042,0.026,2.76
Crunchy Almond Butter,Organic Hass Avocado,1146,0.00034,0.133,0.005,2.01
Organic Black Beans,Organic Jalapeno Pepper,1297,0.00039,0.033,0.061,5.19
Organic Simply Naked Pita Chips,Trail Mix,1096,0.00033,0.117,0.087,31.05
Organic Zucchini,Uncured Hickory Smoked Sunday Bacon,1118,0.00033,0.01,0.052,1.58
Carrots,Organic Low Sodium Vegetable Broth,1216,0.00036,0.016,0.113,5.01
Organic Yellow Onion,Organic Green Cabbage,2950,0.00088,0.025,0.133,3.79
Garlic,"Flat Parsley, Bunch",1149,0.00034,0.03,0.082,7.11
Organic Black Beans,Organic Bartlett Pear,1111,0.00033,0.028,0.029,2.43
Organic Lacinato (Dinosaur) Kale,No Salt Added Black Beans,1019,0.0003,0.023,0.035,2.61
Organic Baby Arugula,Green Bell Pepper,2612,0.00078,0.034,0.045,1.99
Organic Baby Spinach,Globe Eggplant,3523,0.00105,0.014,0.197,2.61
Organic Baby Spinach,Organic Free Range Chicken Broth,1699,0.00051,0.007,0.127,1.69
Strawberries,Organic Raspberries,7546,0.00226,0.05,0.053,1.18
Organic Garlic,Organic Garbanzo Beans,3905,0.00117,0.034,0.125,3.68
Sliced Black Olives,Organic Strawberries,1784,0.00053,0.159,0.006,1.93
Organic Garlic,Large Lemon,16098,0.00481,0.141,0.1,2.94
Large Alfresco Eggs,Cucumber Kirby,1533,0.00046,0.036,0.015,1.22
Organic Garlic,Organic Jalapeno Pepper,4054,0.00121,0.036,0.192,5.64
Bag of Organic Bananas,Half & Half,10494,0.00314,0.027,0.146,1.24
Organic Strawberries,Sinfully Sweet Campari Tomatoes,2048,0.00061,0.007,0.126,1.52
Jalapeno Peppers,Limes,11940,0.00357,0.269,0.081,6.13
Clementines,Rainbow Bell Peppers,1163,0.00035,0.036,0.097,10.08
Organic Baby Spinach,Organic Cinnamon Crunch Cereal,1020,0.0003,0.004,0.121,1.6
Unsweetened Almondmilk,Red Vine Tomato,1088,0.00033,0.021,0.019,1.24
Red Peppers,Roma Tomato,1893,0.00057,0.033,0.045,2.58
Banana,Classic Chicken Salad,1176,0.00035,0.002,0.225,1.53
Seedless Red Grapes,Red Vine Tomato,2750,0.00082,0.032,0.049,1.87
Organic Cucumber,Organic White Onions,1794,0.00054,0.021,0.073,2.88
Yellow Straightneck Squash,Organic Zucchini,2143,0.00064,0.316,0.02,9.67
Half & Half,Pure Irish Butter,1281,0.00038,0.018,0.036,1.69
Blueberries,Bartlett Pears,1554,0.00046,0.027,0.042,2.44
Cantaloupe,Organic Grape Tomatoes,1886,0.00056,0.075,0.021,2.85
Spaghetti  No 12,Banana,1747,0.00052,0.207,0.004,1.41
Icelandic Style Skyr Blueberry Non-fat Yogurt,Sparkling Water Grapefruit,1411,0.00042,0.071,0.018,2.98
Organic Russet Potato,Organic Peeled Whole Baby Carrots,1081,0.00032,0.032,0.019,1.86
Baby Spinach,Limes,1590,0.00048,0.065,0.011,1.49
Organic Chicken Stock,Organic Yellow Onion,1418,0.00042,0.129,0.012,3.65
Granny Smith Apples,Organic Gala Apples,1090,0.00033,0.029,0.014,1.28
Organic Raspberries,Red Onion,1327,0.0004,0.009,0.03,0.7
Original Hummus,Organic Hothouse Cucumbers,1618,0.00048,0.022,0.065,2.94
Organic Lemon,Organic Whole Strawberries,2162,0.00065,0.024,0.066,2.43
100% Recycled Paper Towels,Organic Baby Arugula,1284,0.00038,0.044,0.017,1.95
Organic Tomato Sauce,Organic Zucchini,1254,0.00037,0.088,0.011,2.7
Garnet Sweet Potato (Yam),Organic Baby Spinach,1035,0.00031,0.147,0.004,1.95
Organic Extra Virgin Olive Oil,Organic Baby Spinach,1565,0.00047,0.113,0.006,1.5
Organic Blackberries,Asparagus,2510,0.00075,0.039,0.035,1.83
Organic Heavy Whipping Cream,Limes,2079,0.00062,0.081,0.014,1.86
Tilapia Filet,Organic Whole Milk,1392,0.00042,0.091,0.01,2.14
Broccoli Crown,Banana,14767,0.00441,0.328,0.03,2.24
Organic Lemon,Large Alfresco Eggs,2506,0.00075,0.027,0.059,2.17
Organic Strawberries,Pineapple Chunks,3581,0.00107,0.013,0.138,1.67
Bag of Organic Bananas,Organic Low Fat Milk,1822,0.00054,0.005,0.207,1.75
Organic Lemon,Organic Hass Avocado,22027,0.00658,0.241,0.1,3.66
Organic Baby Spinach,Organic Whole String Cheese,9045,0.0027,0.036,0.147,1.95
Organic Baby Spinach,Cream Cheese Spread,1598,0.00048,0.006,0.129,1.71
Frozen Organic Wild Blueberries,Organic Whole String Cheese,1384,0.00041,0.045,0.022,2.42
Broccoli Crown,Organic Small Bunch Celery,1535,0.00046,0.034,0.022,1.61
Garlic,Organic Kiwi,1013,0.0003,0.026,0.019,1.69
Sparkling Natural Mineral Water,Organic Avocado,2181,0.00065,0.049,0.012,0.89
Garlic,Sparkling Water Grapefruit,1021,0.00031,0.026,0.013,1.12
Organic Baby Spinach,Organic Mango,1205,0.00036,0.005,0.124,1.65
Organic Lemon,Limes,12045,0.0036,0.132,0.082,3.01
100% Recycled Paper Towels,Limes,1896,0.00057,0.065,0.013,1.49
Electrolyte Enhanced Water,Large Lemon,1472,0.00044,0.068,0.009,1.42
Sparkling Lemon Water,Organic Hass Avocado,2791,0.00083,0.082,0.013,1.24
Red Vine Tomato,Grape White/Green Seedless,1510,0.00045,0.027,0.037,2.2
Organic Strawberries,Organic Mixed Berry Yogurt & Fruit Snack,1297,0.00039,0.005,0.226,2.74
Organic Red Onion,Brussels Sprouts,1202,0.00036,0.017,0.051,2.43
No Salt Added Black Beans,Organic Tomato Cluster,1022,0.00031,0.035,0.015,1.75
Nectarines,Bag of Organic Bananas,1168,0.00035,0.234,0.003,1.98
Provolone,Organic Hass Avocado,1112,0.00033,0.128,0.005,1.94
Organic Romaine Leaf,Banana,2246,0.00067,0.19,0.005,1.29
Limes,Goat Cheese Crumbles,1376,0.00041,0.009,0.098,2.24
Organic Celery Hearts,Michigan Organic Kale,1586,0.00047,0.064,0.023,3.04
Bag of Organic Bananas,Low Fat 1% Milk,1061,0.00032,0.003,0.117,0.99
Banana,Organic Hass Avocado,32169,0.00961,0.065,0.146,0.99
Seedless Red Grapes,Organic Blackberries,3596,0.00107,0.041,0.056,2.15
Organic Yellow Onion,Asparagus,5131,0.00153,0.044,0.072,2.05
Mozzarella String Cheese,Bag of Organic Bananas,1386,0.00041,0.127,0.004,1.08
Limes,Shredded Mozzarella,2177,0.00065,0.015,0.095,2.16
Organic Baby Arugula,Organic Romaine,1655,0.00049,0.022,0.067,2.95
Organic Large Extra Fancy Fuji Apple,Total 0% Nonfat Greek Yogurt,1049,0.00031,0.013,0.038,1.61
Tommy/Kent/Keitt/Haden Mango,Banana,2352,0.0007,0.271,0.005,1.85
Organic Tomato Cluster,Sparkling Water Grapefruit,1580,0.00047,0.024,0.02,1.0
Total 0% Nonfat Greek Yogurt,Large Lemon,2567,0.00077,0.092,0.016,1.92
Organic Garbanzo Beans,Organic Zucchini,3072,0.00092,0.098,0.028,3.01
Bag of Organic Bananas,Tommy/Kent/Keitt/Haden Mango,1671,0.0005,0.004,0.193,1.63
Strawberries,Sweet Kale Salad Mix,1598,0.00048,0.011,0.134,2.99
Organic Baby Arugula,Organic Roma Tomato,1565,0.00047,0.021,0.051,2.27
Organic Chopped Spinach,Organic Yellow Onion,1220,0.00036,0.099,0.01,2.8
Organic Baby Arugula,Grated Parmesan,2810,0.00084,0.037,0.06,2.64
Organic Whole Milk,Bartlett Pears,2857,0.00085,0.02,0.078,1.83
Strawberries,Garlic,1858,0.00056,0.012,0.048,1.08
Organic Strawberries,Blood Oranges,1412,0.00042,0.005,0.128,1.55
Red Onion,Organic Avocado,6580,0.00197,0.148,0.036,2.69
Organic Leek,Organic Cilantro,1649,0.00049,0.081,0.023,3.7
Red Raspberries,Organic Cucumber,1221,0.00036,0.044,0.014,1.73
English Seedless Cucumber,Organic Baby Spinach,1716,0.00051,0.124,0.007,1.65
Roma Tomato,Organic Hass Avocado,2122,0.00063,0.05,0.01,0.76
Organic Spring Mix,Organic Avocado,3246,0.00097,0.098,0.018,1.78
Yellow Onions,Organic Heavy Whipping Cream,1213,0.00036,0.016,0.048,2.07
Seedless Red Grapes,Organic Whole String Cheese,3413,0.00102,0.039,0.055,2.13
Organic Broccoli Florets,Organic Blueberries,2222,0.00066,0.065,0.021,2.07
Organic Garlic,Large Grapefruit,1503,0.00045,0.013,0.067,1.98
Organic Strawberries,Organic Beans & Rice Cheddar Cheese Burrito,1133,0.00034,0.004,0.137,1.66
Organic Navel Orange,Large Grapefruit,1006,0.0003,0.023,0.045,3.38
Whole Milk,Roma Tomato,1122,0.00034,0.03,0.027,2.41
Organic Lacinato (Dinosaur) Kale,Organic Bartlett Pear,1281,0.00038,0.029,0.033,2.47
Small Hass Avocado,Organic Whole String Cheese,1820,0.00054,0.035,0.03,1.89
Raisin Bran Cereal,Large Lemon,1041,0.00031,0.065,0.006,1.35
Green Beans,Bartlett Pears,1061,0.00032,0.035,0.029,3.21
Fresh Cauliflower,Organic Half & Half,2030,0.00061,0.027,0.026,1.16
Organic Plain Greek Whole Milk Yogurt,Organic Hass Avocado,2086,0.00062,0.173,0.009,2.62
Baby Spinach,Organic Garlic,1541,0.00046,0.063,0.014,1.86
Organic Whole Kernel Sweet Corn No Salt Added,Limes,1806,0.00054,0.135,0.012,3.09
Organic Fuji Apples,Bag of Organic Bananas,1900,0.00057,0.319,0.005,2.71
Broccoli Crown,Strawberries,3952,0.00118,0.088,0.026,1.97
Organic Low Sodium Vegetable Broth,Organic Yellow Onion,1873,0.00056,0.174,0.016,4.94
Organic White Onions,Organic Ginger Root,1454,0.00043,0.059,0.027,3.67
Strawberries,Original No Pulp 100% Florida Orange Juice,1562,0.00047,0.01,0.077,1.73
Bag of Organic Bananas,Peanut Butter Chocolate Chip Fruit & Nut Food Bar,1475,0.00044,0.004,0.186,1.58
Unsalted Pure Irish Butter,Organic Yellow Onion,1678,0.0005,0.082,0.014,2.32
Organic Romaine,Organic Baby Carrots,1449,0.00043,0.058,0.018,2.43
Bag of Organic Bananas,Fusilli No. 34,1348,0.0004,0.003,0.192,1.63
Organic Sticks Low Moisture Part Skim Mozzarella String Cheese,Organic Raspberries,3678,0.0011,0.103,0.026,2.43
Banana,Organic Old Fashioned Rolled Oats,4615,0.00138,0.009,0.221,1.5
Organic Blueberry Waffles,Organic Hass Avocado,1102,0.00033,0.129,0.005,1.96
Total 2% Lowfat Greek Strained Yogurt With Blueberry,Total 2% Lowfat Greek Strained Yogurt with Peach,6461,0.00193,0.302,0.314,49.14
Organic Raspberries,Cucumber Kirby,4660,0.00139,0.033,0.047,1.1
100% Whole Wheat Bread,Honeycrisp Apple,2031,0.00061,0.032,0.024,1.29
Bag of Organic Bananas,"Yogurt, Strained Low-Fat, Coconut",2146,0.00064,0.005,0.171,1.45
Baked Aged White Cheddar Rice and Corn Puffs,Organic Avocado,1588,0.00047,0.112,0.009,2.03
Medium Cheddar Cheese Block,Organic Whole Milk,1654,0.00049,0.149,0.012,3.49
Organic Large Extra Fancy Fuji Apple,Organic Green Cabbage,1056,0.00032,0.014,0.048,2.04
Fresh Cauliflower,Organic Small Bunch Celery,5412,0.00162,0.073,0.077,3.45
Strawberries,Total 2% Lowfat Plain Greek Yogurt,1122,0.00034,0.008,0.066,1.49
Organic Lemon,Organic Half & Half,3112,0.00093,0.034,0.039,1.44
Light Brown Sugar,Limes,1205,0.00036,0.087,0.008,1.98
Blackberries,Organic Avocado,1559,0.00047,0.065,0.008,1.18
Hass Avocados,Blackberries,2050,0.00061,0.039,0.086,5.46
Organic Whipping Cream,Organic Hass Avocado,1457,0.00044,0.132,0.007,2.01
Organic Mint,Fresh Cauliflower,1286,0.00038,0.063,0.017,2.83
Pretzel Crisps Original Deli Style Pretzel Crackers,Limes,1201,0.00036,0.072,0.008,1.65
Organic Short Grain Brown Rice,Bag of Organic Bananas,1686,0.0005,0.199,0.004,1.69
Sharp Cheddar Cheese,Organic Baby Carrots,1201,0.00036,0.038,0.015,1.59
Organic Green Seedless Grapes,Organic Granny Smith Apple,1111,0.00033,0.05,0.018,2.72
Poblano Pepper,Organic Avocado,1138,0.00034,0.167,0.006,3.03
Large Alfresco Eggs,Organic Granny Smith Apple,1542,0.00046,0.036,0.025,2.0
Organic Yellow Onion,Organic Brown Rice,1117,0.00033,0.009,0.075,2.14
Cream Top Smooth & Creamy Vanilla Yogurt,Banana,1700,0.00051,0.27,0.003,1.84
Caramel Cookie Crunch Gelato,Banana,1050,0.00031,0.184,0.002,1.25
Organic Honey Sweet Whole Wheat Bread,Organic Strawberries,2893,0.00086,0.239,0.01,2.91
Lime Sparkling Water,Organic Blueberries,1501,0.00045,0.031,0.014,0.99
Red Raspberries,Limes,2049,0.00061,0.074,0.014,1.69
Banana,Whole Organic Omega 3 Milk,1493,0.00045,0.003,0.159,1.08
Pure Irish Butter,Organic Baby Carrots,1053,0.00031,0.03,0.013,1.24
Basil Pesto,Original Hummus,1010,0.0003,0.062,0.014,2.79
Organic Sticks Low Moisture Part Skim Mozzarella String Cheese,Organic Small Bunch Celery,1105,0.00033,0.031,0.016,1.47
Sparkling Lemon Water,Sparkling Water Grapefruit,9553,0.00285,0.279,0.121,11.79
Unsweetened Almondmilk,Organic Blackberries,1481,0.00044,0.029,0.023,1.48
Organic Raspberries,Organic Extra Large Grade AA Brown Eggs,1642,0.00049,0.012,0.116,2.72
Organic Extra Firm Tofu,Large Lemon,3136,0.00094,0.103,0.02,2.15
Natural Chicken & Sage Breakfast Sausage,Organic Hass Avocado,1892,0.00057,0.125,0.009,1.89
Banana,Large Lemon,43038,0.01286,0.088,0.268,1.82
Limes,Fresh Mozzarella Ball,1138,0.00034,0.008,0.108,2.46
Honeycrisp Apple,Large Lemon,10027,0.003,0.12,0.062,2.5
Apple Honeycrisp Organic,Boneless Skinless Chicken Breasts,1345,0.0004,0.015,0.026,0.98
100% Recycled Paper Towels,Organic Strawberries,3607,0.00108,0.124,0.013,1.51
Apple Honeycrisp Organic,Organic Bartlett Pear,4161,0.00124,0.048,0.108,4.12
Banana,Organic Lactose Free Whole Milk,1663,0.0005,0.003,0.19,1.3
Organic Lemon,Orange Bell Pepper,1305,0.00039,0.014,0.032,1.17
Organic Purple Kale,Organic Hass Avocado,1286,0.00038,0.168,0.006,2.54
Organic Red Potato,Organic Zucchini,1275,0.00038,0.13,0.012,3.98
Skim Milk,Organic Baby Spinach,1471,0.00044,0.099,0.006,1.32
Ground Turkey Breast,Asparagus,1680,0.0005,0.061,0.024,2.85
Organic Butternut Squash,Organic Blueberries,1070,0.00032,0.052,0.01,1.66
Michigan Organic Kale,Organic Bosc Pear,1001,0.0003,0.014,0.045,2.16
Chocolate Chip Cookie Dough Ice Cream,Banana,1555,0.00046,0.182,0.003,1.24
100% Recycled Paper Towels,Banana,4876,0.00146,0.168,0.01,1.14
Mini Original Babybel Cheese,Organic Whole String Cheese,1691,0.00051,0.106,0.027,5.76
Organic Strawberries,Water,1084,0.00032,0.004,0.076,0.93
Shallot,Fresh Ginger Root,1023,0.00031,0.056,0.04,7.41
Hass Avocados,Rainbow Bell Peppers,2458,0.00073,0.047,0.205,13.07
Crushed Tomatoes,Organic Avocado,1177,0.00035,0.095,0.006,1.73
Strawberries,Organic Roasted Turkey Breast,1250,0.00037,0.008,0.042,0.95
Strawberry Preserves,Organic Avocado,1210,0.00036,0.076,0.007,1.38
Organic Gala Apples,Raspberries,1060,0.00032,0.014,0.017,0.77
Organic Simply Naked Pita Chips,Bag of Organic Bananas,1552,0.00046,0.166,0.004,1.4
Green Tea With Ginseng and Honey,Organic Raspberries,1090,0.00033,0.094,0.008,2.21
Walnut Halves & Pieces,Organic Baby Spinach,1852,0.00055,0.17,0.007,2.25
Banana,Kale Greens,2965,0.00089,0.006,0.232,1.58
Penne Rigate,Organic Baby Spinach,1378,0.00041,0.145,0.005,1.92
Organic Baby Carrots,Organic Old Fashioned Rolled Oats,1022,0.00031,0.013,0.049,2.03
Seedless Red Grapes,Small Hass Avocado,2689,0.0008,0.031,0.052,1.99
Organic Gala Apples,Organic Extra Firm Tofu,1405,0.00042,0.019,0.046,2.05
90% Lean Ground Beef,Organic Avocado,1481,0.00044,0.209,0.008,3.8
Organic Strawberries,Raspberries,7741,0.00231,0.028,0.127,1.54
Organic Yellow Onion,No Salt Added Black Beans,2527,0.00076,0.021,0.087,2.46
Banana,Romaine Hearts,4248,0.00127,0.009,0.158,1.07
Lightly Salted Baked Snap Pea Crisps,Large Lemon,1576,0.00047,0.061,0.01,1.26
Organic Yellow Onion,Organic Romaine Lettuce,3681,0.0011,0.031,0.102,2.9
Banana,Total 2% Greek Strained Yogurt with Cherry 5.3 oz,5529,0.00165,0.011,0.296,2.01
Total 2% All Natural Greek Strained Yogurt with Honey,Banana,7005,0.00209,0.294,0.014,2.0
Organic Whole String Cheese,Organic Cilantro,1879,0.00056,0.03,0.026,1.4
Organic Russet Potato,Organic Garlic,4428,0.00132,0.131,0.039,3.86
Russet Potato,Organic Red Onion,1316,0.00039,0.043,0.019,2.02
Organic Carrot Bunch,Michigan Organic Kale,2222,0.00066,0.059,0.032,2.82
Organic Vanilla Extract,Organic Hass Avocado,1147,0.00034,0.117,0.005,1.78
Seedless Red Grapes,Hass Avocados,1861,0.00056,0.021,0.035,1.37
Organic Lemon,Organic White Onions,2228,0.00067,0.024,0.091,3.34
Organic Zucchini Spirals,Organic Baby Spinach,1091,0.00033,0.21,0.004,2.79
Limes,Globe Eggplant,1752,0.00052,0.012,0.098,2.23
Unsweetened Almondmilk,Organic Raspberries,4980,0.00149,0.096,0.035,2.26
Baby Spinach,Organic Cilantro,1137,0.00034,0.047,0.016,2.15
"Organic Red Radish, Bunch",Michigan Organic Kale,1747,0.00052,0.062,0.025,2.95
Red Peppers,Organic Large Brown Grade AA Cage Free Eggs,1801,0.00054,0.031,0.054,3.12
Organic Gala Apples,Total 0% Nonfat Greek Yogurt,1139,0.00034,0.015,0.041,1.81
Organic Rosemary,Large Lemon,1918,0.00057,0.178,0.012,3.7
Organic Red Bell Pepper,Organic White Onions,1410,0.00042,0.024,0.058,3.22
Unsalted Butter,Whipped Cream Cheese,1091,0.00033,0.029,0.034,3.05
Yellow Onions,Total 0% Nonfat Greek Yogurt,1107,0.00033,0.014,0.04,1.73
Bag of Organic Bananas,Organic Old Fashioned Rolled Oats,4580,0.00137,0.012,0.219,1.86
Shredded Parmesan,Fresh Cauliflower,1934,0.00058,0.051,0.026,2.31
Banana,Organic Rainbow Chard Vegetable,1206,0.00036,0.002,0.159,1.08
Organic Baby Spinach,Organic Beef Hot Dogs,2117,0.00063,0.008,0.122,1.62
Unsweetened Almondmilk,Organic Cilantro,1910,0.00057,0.037,0.026,1.69
Organic Garlic,Organic White Onions,4945,0.00148,0.043,0.202,5.93
Small Hass Avocado,Carrots,2534,0.00076,0.049,0.034,2.16
Original Hummus,Organic Blueberries,3712,0.00111,0.05,0.035,1.59
Banana,80% Lean Ground Beef,1275,0.00038,0.003,0.251,1.71
Total 0% Nonfat Greek Yogurt,Cucumber Kirby,1630,0.00049,0.058,0.016,1.96
Organic Red Onion,Shallot,1401,0.00042,0.02,0.077,3.64
Michigan Organic Kale,Organic Tomato Cluster,3087,0.00092,0.044,0.046,2.21
Banana,Roasted & Salted Almonds,2229,0.00067,0.005,0.255,1.74
Strawberries,Organic Hass Avocado,7862,0.00235,0.053,0.036,0.8
Grated Parmesan,Honeycrisp Apple,2403,0.00072,0.051,0.029,2.06
Organic Baby Spinach,Natural Premium Coconut Water,1984,0.00059,0.008,0.161,2.13
Organic Braeburn Apple,Organic Hass Avocado,1470,0.00044,0.148,0.007,2.24
Carrots,Uncured Genoa Salami,1389,0.00042,0.018,0.032,1.43
Organic Yokids Lemonade/Blueberry Variety Pack Yogurt Squeezers Tubes,Bag of Organic Bananas,1287,0.00038,0.196,0.003,1.66
Organic Strawberry Smoothie,Organic Avocado,1134,0.00034,0.094,0.006,1.71
Organic Medjool Dates,Organic Baby Spinach,1786,0.00053,0.166,0.007,2.2
Clementines,Cherrios Honey Nut,1143,0.00034,0.036,0.147,15.28
Organic Red Onion,Organic Jalapeno Pepper,2803,0.00084,0.04,0.133,6.27
Jalapeno Peppers,Sparkling Water Grapefruit,1421,0.00042,0.032,0.018,1.35
Limes,Organic Lite Coconut Milk,1467,0.00044,0.01,0.177,4.03
Limes,Original Veggie Straws,1096,0.00033,0.007,0.063,1.43
Organic Red Onion,Sparkling Natural Mineral Water,1018,0.0003,0.014,0.023,1.08
Organic Roma Tomato,Organic Fuji Apple,1086,0.00032,0.036,0.012,1.28
Strawberries,Iceberg Lettuce,1061,0.00032,0.007,0.079,1.77
Carrots,Organic Blackberries,1914,0.00057,0.025,0.03,1.32
Banana,Organic Cinnamon Crunch Cereal,1817,0.00054,0.004,0.215,1.46
Organic Raw Kombucha Gingerade,Large Lemon,1587,0.00047,0.074,0.01,1.53
Organic Purple Kale,Organic Strawberries,1001,0.0003,0.13,0.004,1.58
Cherry Pomegranate Greek Yogurt,Banana,2211,0.00066,0.313,0.005,2.13
Organic Strawberries,Gold Potato,1062,0.00032,0.004,0.117,1.43
Organic Baby Carrots,Organic Garnet Sweet Potato (Yam),3246,0.00097,0.04,0.06,2.48
Russet Potato,Bag of Organic Bananas,2998,0.0009,0.098,0.008,0.83
Bag of Organic Bananas,Green Beans,3184,0.00095,0.008,0.105,0.89
Organic Navel Orange,Organic Russet Potato,1205,0.00036,0.027,0.036,2.68
Chopped Walnuts,Bag of Organic Bananas,1522,0.00045,0.145,0.004,1.23
Romaine Hearts,Organic Zucchini,1347,0.0004,0.05,0.012,1.53
Organic Large Brown Grade AA Cage Free Eggs,Organic Zucchini,2302,0.00069,0.069,0.021,2.12
Organic Lemon,Organic Jalapeno Pepper,2182,0.00065,0.024,0.103,3.79
Bag of Organic Bananas,Peach Pear Flavored Sparkling Water,2492,0.00074,0.006,0.113,0.95
Lemon Hummus,Organic Baby Arugula,1016,0.0003,0.06,0.013,2.63
Organic Baby Spinach,Organic Strawberry Smoothie,1323,0.0004,0.005,0.11,1.46
Blueberry Muffin Bar,Banana,1462,0.00044,0.246,0.003,1.68
Organic Diced Tomatoes,No Salt Added Black Beans,1274,0.00038,0.056,0.044,6.4
Organic Bartlett Pear,Honeycrisp Apple,1923,0.00057,0.05,0.023,2.0
Banana,Artichokes,1274,0.00038,0.003,0.186,1.27
"Super Spinach! Baby Spinach, Baby Bok Choy, Sweet Baby Kale",Large Lemon,1754,0.00052,0.114,0.011,2.38
Spaghetti,Organic Zucchini,1086,0.00032,0.066,0.01,2.02
Carrots,"Organic Red Radish, Bunch",2166,0.00065,0.029,0.077,3.41
Lime Sparkling Water,Orange Sparkling Water,2279,0.00068,0.047,0.151,10.42
Organic Butternut Squash,Organic Tomato Cluster,1005,0.0003,0.049,0.015,2.45
Organic Strawberries,Dha Omega 3 Reduced Fat 2% Milk,1356,0.00041,0.005,0.129,1.57
Bag of Organic Bananas,Total 0% Nonfat Plain Greek Yogurt,1939,0.00058,0.005,0.127,1.08
Baked Aged White Cheddar Rice and Corn Puffs,Organic Whole String Cheese,1169,0.00035,0.082,0.019,4.46
Organic Tomato Basil Pasta Sauce,Organic Zucchini,1707,0.00051,0.097,0.016,2.97
Organic Roasted Turkey Breast,Organic Hass Avocado,5725,0.00171,0.194,0.026,2.94
Organic Apple Juice,Organic Baby Spinach,1288,0.00038,0.106,0.005,1.41
Apple Honeycrisp Organic,Organic Garlic,6072,0.00181,0.07,0.053,2.04
Organic Strawberries,Organic Macaroni Shells & Real Aged Cheddar,2498,0.00075,0.009,0.221,2.68
Carrots,Organic Italian Parsley Bunch,5467,0.00163,0.073,0.087,3.86
Traditional Plain Greek Yogurt,Organic Baby Spinach,1089,0.00033,0.126,0.004,1.68
Banana,Vanilla Ice Cream,2092,0.00063,0.004,0.167,1.13
Organic Lemon,Feta Cheese Crumbles,2238,0.00067,0.025,0.066,2.43
Limes,Sparkling Water Grapefruit,5405,0.00162,0.037,0.068,1.56
Green Beans,Green Bell Pepper,1479,0.00044,0.049,0.025,2.82
Organic Blackberries,Organic Reduced Fat Milk,1004,0.0003,0.016,0.027,1.41
Ground Turkey Breast,Sparkling Water Grapefruit,1111,0.00033,0.04,0.014,1.69
Banana,Organic Riced Cauliflower,1545,0.00046,0.003,0.168,1.15
Seedless Red Grapes,Organic Celery Hearts,1092,0.00033,0.013,0.044,1.69
Organic Baby Carrots,Red Onion,1203,0.00036,0.015,0.027,1.12
Organic Russet Potato,Organic Grape Tomatoes,1979,0.00059,0.059,0.022,2.23
Wheat Gluten Free Waffles,Banana,1379,0.00041,0.202,0.003,1.38
Organic Bread with 21 Whole Grains,Limes,1517,0.00045,0.063,0.01,1.45
Organic Russet Potato,Organic Cucumber,2466,0.00074,0.073,0.029,2.88
Organic Yellow Onion,Organic Long Grain White Rice,1018,0.0003,0.009,0.114,3.23
Organic Broccoli,Original Hummus,1801,0.00054,0.045,0.024,2.01
Green Beans,Organic Garnet Sweet Potato (Yam),1152,0.00034,0.038,0.021,2.34
Sourdough Bread,Organic Yellow Onion,1142,0.00034,0.067,0.01,1.9
Strawberries,Icelandic Style Skyr Blueberry Non-fat Yogurt,1199,0.00036,0.008,0.06,1.34
Original Veggie Straws,Large Lemon,1416,0.00042,0.081,0.009,1.68
Green Beans,Original Hummus,1185,0.00035,0.039,0.016,1.77
Michigan Organic Kale,Organic Hass Avocado,10700,0.0032,0.153,0.048,2.31
Bag of Organic Bananas,Apple Cinnamon Instant Oatmeal,1250,0.00037,0.003,0.215,1.82
Organic Peeled Whole Baby Carrots,Honeycrisp Apple,3174,0.00095,0.055,0.038,2.2
Half & Half,Organic Raspberries,4604,0.00138,0.064,0.032,1.51
Bag of Organic Bananas,Organic Nonfat Greek Yogurt With Peaches,1368,0.00041,0.003,0.219,1.85
Michigan Organic Kale,Organic Basil,1524,0.00046,0.022,0.055,2.61
Organic Italian Parsley Bunch,Garlic,2271,0.00068,0.036,0.059,3.13
Organic Strawberries,Organic Sliced Peaches,1877,0.00056,0.007,0.182,2.21
Yellow Onions,Blueberries,2277,0.00068,0.03,0.039,1.7
Organic Lemon,Organic Grape Tomatoes,5527,0.00165,0.061,0.063,2.3
Organic Lemon,Organic Bartlett Pear,2850,0.00085,0.031,0.074,2.7
Chicken Breast Tenders Breaded,Organic Baby Spinach,1041,0.00031,0.119,0.004,1.58
Banana,Mini Seedless Cucumbers,2052,0.00061,0.004,0.261,1.78
Scoops! Tortilla Chips,Banana,1591,0.00048,0.198,0.003,1.35
Organic Vegetable Broth,Organic Cilantro,1070,0.00032,0.088,0.015,4.04
Clementines,Organic Blueberries,1790,0.00053,0.056,0.017,1.77
Natural Artisan Water,Bag of Organic Bananas,1812,0.00054,0.157,0.005,1.33
Organic Baby Spinach Salad,Organic Blueberries,1491,0.00045,0.081,0.014,2.58
Bag of Organic Bananas,Chocolate Ice Cream,1405,0.00042,0.004,0.101,0.86
Organic Ketchup,Organic Hass Avocado,1918,0.00057,0.121,0.009,1.83
Organic Roma Tomato,Organic Small Bunch Celery,1654,0.00049,0.054,0.023,2.56
Lightly Salted Baked Snap Pea Crisps,Organic Cucumber,1265,0.00038,0.049,0.015,1.92
Spring Water,Organic D'Anjou Pears,1014,0.0003,0.017,0.02,1.15
Organic Broccoli,Organic Italian Parsley Bunch,1960,0.00059,0.049,0.031,2.58
ZBar Organic Chocolate Brownie Energy Snack,Organic Hass Avocado,1062,0.00032,0.129,0.005,1.95
Organic Strawberries,Organic Fuji Apple,10016,0.00299,0.036,0.108,1.31
Hass Avocados,Bag of Organic Bananas,11732,0.00351,0.223,0.03,1.89
Small Hass Avocado,Organic Gala Apples,1979,0.00059,0.038,0.026,1.68
"Organic Butterhead (Boston, Butter, Bibb) Lettuce",Limes,1541,0.00046,0.123,0.011,2.8
Organic Roasted Turkey Breast,Organic Gala Apples,1871,0.00056,0.063,0.025,2.8
Bag of Organic Bananas,Organic Blackberries,11045,0.0033,0.028,0.171,1.45
Organic Red Onion,Organic Basil,2157,0.00064,0.03,0.077,3.65
Banana,Cold Brew Coffee,1482,0.00044,0.003,0.16,1.09
100% Recycled Paper Towels,Michigan Organic Kale,1106,0.00033,0.038,0.016,1.82
Organic Fuji Apple,Organic Extra Firm Tofu,1291,0.00039,0.014,0.043,1.53
Organic Baby Spinach,Blood Oranges,1403,0.00042,0.006,0.127,1.69
Organic Butternut Squash,Organic Hass Avocado,3188,0.00095,0.155,0.014,2.35
Banana,Cage Free  100% Liquid Egg Whites,1446,0.00043,0.003,0.243,1.65
Strawberries,Lemonade,1449,0.00043,0.01,0.071,1.58
Bag of Organic Bananas,Organic Raw Kombucha Gingerade,3960,0.00118,0.01,0.184,1.56
Organic Raspberries,Hass Avocado,1352,0.0004,0.009,0.07,1.65
Bartlett Pears,Sparkling Water Grapefruit,1216,0.00036,0.033,0.015,1.4
100% Whole Wheat Bread,Extra Virgin Olive Oil,1275,0.00038,0.02,0.024,1.29
Clementines,Reduced Fat 2% Milk,1948,0.00058,0.061,0.108,11.2
Organic Whole Strawberries,Organic Baby Carrots,1867,0.00056,0.057,0.023,2.38
Traditional Plain Greek Yogurt,Organic Strawberries,1045,0.00031,0.121,0.004,1.47
Mango Chunks,Organic Avocado,2521,0.00075,0.137,0.014,2.48
Boneless Skinless Chicken Breast,Green Bell Pepper,1130,0.00034,0.048,0.019,2.77
"Clementines, Bag",Organic Blueberries,2049,0.00061,0.05,0.02,1.58
Organic Strawberries,Original Puffins Cereal,1153,0.00034,0.004,0.198,2.41
Sharp Cheddar Cheese,Sparkling Water Grapefruit,1131,0.00034,0.036,0.014,1.52
Hass Avocados,Brussels Sprouts,1016,0.0003,0.019,0.043,2.76
Orange Bell Pepper,Organic Whole String Cheese,1003,0.0003,0.024,0.016,1.33
Green Seedless Grapes,Banana,2126,0.00064,0.163,0.004,1.11
Green Bell Pepper,Sparkling Water Grapefruit,1421,0.00042,0.024,0.018,1.03
Organic Carrot Bunch,Organic Whole String Cheese,1418,0.00042,0.038,0.023,2.05
Green Bell Pepper,Organic D'Anjou Pears,1838,0.00055,0.032,0.036,2.09
Vanilla Almond Breeze Almond Milk,Strawberries,1872,0.00056,0.058,0.013,1.3
Green Tea With Ginseng and Honey,Organic Avocado,1267,0.00038,0.109,0.007,1.98
Strawberries,Organic Large Grade AA Brown Eggs,1076,0.00032,0.007,0.04,0.91
Organic Heavy Whipping Cream,Organic Half & Half,1166,0.00035,0.046,0.015,1.93
Yellow Bell Pepper,Jalapeno Peppers,1586,0.00047,0.06,0.036,4.48
Total 0% Greek Yogurt,Organic Raspberries,2151,0.00064,0.079,0.015,1.86
Blueberry Yoghurt,Coconut Yoghurt,1060,0.00032,0.103,0.162,52.51
Baby Cucumbers,Organic Strawberries,1209,0.00036,0.08,0.004,0.98
Banana,Natural Premium Coconut Water,2683,0.0008,0.005,0.217,1.48
Large Grapefruit,Organic Zucchini,1516,0.00045,0.068,0.014,2.08
Organic Roasted Turkey Breast,Honeycrisp Apple,1212,0.00036,0.041,0.015,1.65
Banana,Spinach,4848,0.00145,0.01,0.274,1.86
Sharp Cheddar Cheese,Banana,7199,0.00215,0.229,0.015,1.56
Organic Baby Carrots,Organic Beef Hot Dogs,1209,0.00036,0.015,0.07,2.9
Organic Russet Potato Bag,Bag of Organic Bananas,1283,0.00038,0.225,0.003,1.91
Frozen Organic Wild Blueberries,Sparkling Water Grapefruit,1044,0.00031,0.034,0.013,1.42
Bunched Cilantro,Organic Tomato Cluster,1795,0.00054,0.038,0.027,1.89
Organic Strawberries,Icelandic Style Skyr Blueberry Non-fat Yogurt,2385,0.00071,0.009,0.119,1.45
Natural Chicken & Sage Breakfast Sausage,Large Lemon,1133,0.00034,0.075,0.007,1.56
Distilled Water,Banana,1955,0.00058,0.117,0.004,0.8
Organic Russet Potato,Organic Baby Carrots,1336,0.0004,0.04,0.017,1.65
Apple Honeycrisp Organic,Organic Shredded Mozzarella,1253,0.00037,0.014,0.066,2.52
Organic Raw Unfiltered Apple Cider Vinegar,Bag of Organic Bananas,1412,0.00042,0.16,0.004,1.36
Organic Greek Lowfat Yogurt With Strawberries,Bag of Organic Bananas,1702,0.00051,0.259,0.004,2.19
Asparagus,Cucumber Kirby,5063,0.00151,0.071,0.051,2.39
Organic Whole Cashews,Organic Avocado,1278,0.00038,0.096,0.007,1.75
Organic Strawberries,Organic Spaghetti Pasta,1225,0.00037,0.004,0.187,2.27
Organic Whole Milk,Organic Blueberries,7145,0.00214,0.05,0.068,1.59
Bag of Organic Bananas,Original Hot Sauce,1595,0.00048,0.004,0.127,1.08
Organic Simply Naked Pita Chips,Roasted Pine Nut Hummus,1545,0.00046,0.165,0.13,46.27
Organic Peeled Whole Baby Carrots,Organic Zucchini,3269,0.00098,0.057,0.03,1.73
Organic Large Extra Fancy Fuji Apple,Grated Parmesan,1911,0.00057,0.024,0.041,1.75
Organic Butternut Squash,Organic Zucchini,3423,0.00102,0.166,0.031,5.09
Sweet Potato Yam,Banana,2685,0.0008,0.403,0.005,2.74
Banana,California Cauliflower,1274,0.00038,0.003,0.241,1.64
Purity Farms Ghee Clarified Butter,Organic Baby Spinach,1290,0.00039,0.166,0.005,2.2
Extra Virgin Olive Oil,Organic Baby Carrots,1762,0.00053,0.034,0.022,1.4
Organic Baby Arugula,Organic Jalapeno Pepper,1313,0.00039,0.017,0.062,2.75
Naturals Chicken Nuggets,Organic Raspberries,1134,0.00034,0.104,0.008,2.44
Organic Raspberries,"Super Spinach! Baby Spinach, Baby Bok Choy, Sweet Baby Kale",1200,0.00036,0.008,0.078,1.84
Bag of Organic Bananas,Organic YoBaby Vanilla Yogurt,1122,0.00034,0.003,0.218,1.85
Organic Lemon,Boneless Skinless Chicken Breasts,1369,0.00041,0.015,0.026,0.96
Boneless Skinless Chicken Breasts,Roma Tomato,1511,0.00045,0.029,0.036,2.29
Organic Red Onion,Organic Extra Firm Tofu,1750,0.00052,0.025,0.058,2.73
Jalapeno Peppers,Original Hummus,1151,0.00034,0.026,0.016,1.17
Red Raspberries,Organic Baby Arugula,1130,0.00034,0.041,0.015,1.8
"YoKids Squeezers Organic Low-Fat Yogurt, Strawberry",Honeycrisp Apple,1282,0.00038,0.063,0.015,2.53
Extra Virgin Olive Oil,Organic Cilantro,2193,0.00066,0.042,0.03,1.92
Organic Raspberries,Organic Garbanzo Beans,1987,0.00059,0.014,0.064,1.49
Organic Baby Spinach,Sweet Onion,2643,0.00079,0.011,0.129,1.72
Whole Milk Plain Yogurt,Organic Baby Spinach,2643,0.00079,0.167,0.011,2.22
Organic Whole Milk,Organic Peeled Whole Baby Carrots,4238,0.00127,0.03,0.073,1.72
Broccoli Crown,Green Bell Pepper,2075,0.00062,0.046,0.036,2.66
"Milk, Organic, Vitamin D",Organic Large Brown Grade AA Cage Free Eggs,1984,0.00059,0.096,0.06,9.62
Organic Large Brown Grade AA Cage Free Eggs,Organic Peeled Whole Baby Carrots,1254,0.00037,0.038,0.022,2.18
Organic Red Potatoes,Organic Strawberries,1437,0.00043,0.162,0.005,1.97
Roma Tomato,Large Lemon,4893,0.00146,0.116,0.03,2.41
Organic Jalapeno Pepper,Organic Avocado,2443,0.00073,0.116,0.013,2.1
Organic Frozen Peas,Organic Avocado,1879,0.00056,0.09,0.01,1.63
Italian Extra Virgin Olive Oil,Bag of Organic Bananas,1932,0.00058,0.15,0.005,1.27
Limes,Organic Blackberries,4341,0.0013,0.03,0.067,1.53
Kiwi,Banana,3204,0.00096,0.284,0.007,1.93
Organic Whole Milk,Organic Tomato Sauce,1027,0.00031,0.007,0.072,1.7
Organic Blackberries,Organic Cucumber,2978,0.00089,0.046,0.035,1.81
Clementines,Baby Cucumbers,1766,0.00053,0.055,0.117,12.21
Organic Frozen Peas,Organic Blueberries,1334,0.0004,0.064,0.013,2.03
Organic Baby Spinach,Organic Thyme,2884,0.00086,0.011,0.143,1.9
Fresh Ginger Root,Organic Cilantro,2303,0.00069,0.091,0.032,4.15
Strawberries,Honeydew Melon,1085,0.00032,0.007,0.124,2.79
Apple Honeycrisp Organic,Grape White/Green Seedless,2336,0.0007,0.027,0.058,2.21
Banana,Organic Large Grade A Brown Eggs,3244,0.00097,0.007,0.221,1.51
Organic AppleApple,Organic Grape Tomatoes,1033,0.00031,0.062,0.012,2.34
Shallot,Garlic,2251,0.00067,0.124,0.058,10.75
100% Whole Wheat Bread,Lime Sparkling Water,1241,0.00037,0.02,0.026,1.36
Uncured Genoa Salami,Organic Zucchini,1940,0.00058,0.045,0.018,1.37
Organic Yellow Onion,Organic Plain Whole Milk Yogurt,1148,0.00034,0.01,0.081,2.3
Peach Pear Flavored Sparkling Water,Organic Avocado,1318,0.00039,0.06,0.007,1.08
Organic Cucumber,Organic Large Grade AA Brown Eggs,1655,0.00049,0.019,0.062,2.45
Watermelon Chunks,Organic Baby Carrots,1443,0.00043,0.057,0.018,2.36
Total 2% All Natural Plain Greek Yogurt,Total 0% Nonfat Greek Yogurt,1525,0.00046,0.088,0.055,10.6
Fresh Cauliflower,Organic White Onions,1611,0.00048,0.022,0.066,2.96
Small Hass Avocado,Feta Cheese Crumbles,1075,0.00032,0.021,0.032,2.04
Bag of Organic Bananas,Organic Roasted Sliced Chicken Breast,2866,0.00086,0.007,0.229,1.94
Banana,Vanilla Pure Almond Milk,2530,0.00076,0.005,0.212,1.45
Organic Whole Milk,Organic Ginger Root,3677,0.0011,0.026,0.068,1.59
Light Brown Sugar,Large Lemon,1310,0.00039,0.095,0.008,1.97
Natural Chicken & Sage Breakfast Sausage,Organic Whole Milk,1390,0.00042,0.092,0.01,2.15
Uncured Genoa Salami,Organic Large Brown Grade AA Cage Free Eggs,1412,0.00042,0.033,0.042,3.29
Organic Whole Milk,Total Greek Strained Yogurt,3600,0.00108,0.025,0.131,3.08
Carrots,Green Bell Pepper,3485,0.00104,0.046,0.06,2.67
Organic Fat Free Milk,Organic Blueberries,1141,0.00034,0.042,0.011,1.33
Organic Large Extra Fancy Fuji Apple,Organic Italian Parsley Bunch,2675,0.0008,0.034,0.042,1.82
Total 2% Lowfat Greek Strained Yogurt With Blueberry,Organic Baby Spinach,1934,0.00058,0.09,0.008,1.2
Half & Half,Sparkling Water Grapefruit,4230,0.00126,0.059,0.053,2.49
100% Whole Wheat Bread,Organic Yellow Onion,2966,0.00089,0.047,0.025,1.34
Organic Large Extra Fancy Fuji Apple,Fresh Cauliflower,4021,0.0012,0.052,0.054,2.32
Mediterranean Mint Gelato,Banana,1374,0.00041,0.179,0.003,1.22
Baked Aged White Cheddar Rice and Corn Puffs,Organic Strawberries,2922,0.00087,0.205,0.011,2.49
85% Lean Ground Beef,Boneless Skinless Chicken Breasts,1575,0.00047,0.123,0.03,7.88
Organic Romaine Leaf,Organic Strawberries,2164,0.00065,0.183,0.008,2.22
Bunched Cilantro,Organic Gala Apples,1091,0.00033,0.023,0.014,1.02
Green Beans,Organic Grape Tomatoes,1587,0.00047,0.052,0.018,1.99
Organic Chicken Stock,Banana,1203,0.00036,0.109,0.002,0.74
Raspberry on the Bottom Nonfat Greek Yogurt,Strawberry on the Bottom Nonfat Greek Yogurt,1805,0.00054,0.347,0.228,146.49
Organic Small Bunch Celery,Organic Bunch Beets,1768,0.00053,0.025,0.117,5.55
Organic Green Beans,Organic Strawberries,1110,0.00033,0.157,0.004,1.9
Bag of Organic Bananas,Pomegranate,1060,0.00032,0.003,0.164,1.39
Organic Reduced Fat 2% Milk,Fresh Cauliflower,1503,0.00045,0.03,0.02,1.37
Organic Baby Rainbow Carrots,Honeycrisp Apple,1029,0.00031,0.05,0.012,2.01
Baked Aged White Cheddar Rice and Corn Puffs,Apple Honeycrisp Organic,1036,0.00031,0.073,0.012,2.79
Sparkling Water Berry,Organic Hass Avocado,1486,0.00044,0.082,0.007,1.24
Granny Smith Apples,Raspberries,1480,0.00044,0.039,0.024,2.16
Fat Free Strawberry Yogurt,Fat Free Blueberry Yogurt,2423,0.00072,0.238,0.327,107.63
Bag of Organic Bananas,Organic Small Curd Cottage Cheese,2828,0.00085,0.007,0.236,2.0
Baby Cucumbers,Sweet Kale Salad Mix,1065,0.00032,0.071,0.089,19.83
Mint,Limes,2158,0.00064,0.199,0.015,4.53
100% Whole Wheat Bread,Organic Baby Spinach,5180,0.00155,0.082,0.021,1.09
Organic Tomato Cluster,Asparagus,2911,0.00087,0.044,0.041,2.05
Banana,Marinara Pasta Sauce,3378,0.00101,0.007,0.292,1.99
Bag of Organic Bananas,Sourdough Bread,3090,0.00092,0.008,0.181,1.53
Organic Low Sodium Chicken Broth,Organic Ginger Root,1000,0.0003,0.055,0.018,3.39
Seedless Red Grapes,Carrots,2589,0.00077,0.03,0.034,1.33
Carrots,Extra Virgin Olive Oil,2392,0.00071,0.032,0.046,2.03
Bag of Organic Bananas,Sea Salt Pita Chips,2702,0.00081,0.007,0.156,1.32
Organic Celery Hearts,Organic Whole Milk,1551,0.00046,0.062,0.011,1.46
Organic Kale Greens,Organic Avocado,1175,0.00035,0.16,0.006,2.91
Bag of Organic Bananas,Organic AppleApple,4156,0.00124,0.011,0.248,2.1
Banana,Dark with 70% Cacao Content Organic Chocolate Bar,1034,0.00031,0.002,0.192,1.3
Fresh Cauliflower,Organic Thyme,1352,0.0004,0.018,0.067,3.02
Blackberries,Organic Baby Spinach,2174,0.00065,0.091,0.009,1.21
Organic Yokids Lemonade/Blueberry Variety Pack Yogurt Squeezers Tubes,Organic Strawberries,1761,0.00053,0.268,0.006,3.25
Strawberries,Cherubs Heavenly Salad Tomatoes,2241,0.00067,0.015,0.099,2.22
100% Raw Coconut Water,Organic Yellow Onion,1988,0.00059,0.051,0.017,1.44
Bag of Organic Bananas,Uncured Pepperoni,1226,0.00037,0.003,0.148,1.25
Firm Tofu,Organic Avocado,1110,0.00033,0.101,0.006,1.83
Seedless Red Grapes,Total 0% Greek Yogurt,1103,0.00033,0.013,0.041,1.56
Oven Roasted Turkey Breast,Organic Avocado,1686,0.0005,0.08,0.009,1.46
Banana,Organic Cut Green Beans,1284,0.00038,0.003,0.173,1.18
Organic Baby Spinach,Mild Italian Chicken Sausage,1096,0.00033,0.004,0.182,2.42
Light Semisoft Cheese,Bag of Organic Bananas,1027,0.00031,0.132,0.003,1.12
Creamy Almond Butter,Organic Baby Carrots,1196,0.00036,0.054,0.015,2.23
Organic Tomato Paste,Organic Hass Avocado,1880,0.00056,0.103,0.009,1.55
Organic Italian Parsley Bunch,Large Lemon,9074,0.00271,0.144,0.056,3.0
Unsalted Butter,Organic Garnet Sweet Potato (Yam),1103,0.00033,0.03,0.02,1.82
Organic No Salt Added Diced Tomatoes,No Salt Added Black Beans,1181,0.00035,0.111,0.04,12.71
Tilapia Filet,Organic Garlic,1263,0.00038,0.083,0.011,2.43
Organic Strawberries,Crescent Rolls,1493,0.00045,0.005,0.176,2.14
Organic Unsweetened Almond Milk,Organic Romaine Lettuce,1472,0.00044,0.025,0.041,2.28
Seedless Red Grapes,Red Raspberries,1934,0.00058,0.022,0.07,2.69
Mild Salsa,Organic Hass Avocado,2040,0.00061,0.134,0.009,2.04
Uncured Genoa Salami,Large Lemon,2686,0.0008,0.062,0.017,1.29
Light Brown Sugar,Organic Whole Milk,1232,0.00037,0.089,0.009,2.08
Organic Cucumber,Unsweetened Original Almond Breeze Almond Milk,1001,0.0003,0.012,0.028,1.09
Carrots,Organic Ginger Root,4600,0.00137,0.061,0.085,3.78
Lightly Salted Baked Snap Pea Crisps,Uncured Genoa Salami,1056,0.00032,0.041,0.024,3.15
Frozen Organic Blueberries,Organic Baby Spinach,1078,0.00032,0.159,0.004,2.12
Organic Small Bunch Celery,Pineapple Chunks,1295,0.00039,0.018,0.05,2.35
Organic Red Onion,Unsweetened Almondmilk,1840,0.00055,0.026,0.036,1.68
Baked Aged White Cheddar Rice and Corn Puffs,Bag of Organic Bananas,2805,0.00084,0.197,0.007,1.67
Organic Red Bell Pepper,Organic Baby Broccoli,1499,0.00045,0.025,0.045,2.53
Organic Strawberries,Organic Red Cabbage,2259,0.00068,0.008,0.144,1.75
Organic Yellow Onion,Organic Rainbow Carrots,2112,0.00063,0.018,0.138,3.93
Organic Vegetable Broth,Organic Hass Avocado,1607,0.00048,0.133,0.007,2.01
Organic Banana,Organic Grape Tomatoes,1225,0.00037,0.059,0.014,2.23
Wild Berry Smoothie,Organic Hass Avocado,1127,0.00034,0.136,0.005,2.06
Bag of Organic Bananas,Jalapeno Hummus,1316,0.00039,0.003,0.164,1.39
Italian Sparkling Mineral Water,Organic Baby Carrots,1315,0.00039,0.041,0.016,1.7
Organic Milk,Organic Zucchini,1599,0.00048,0.055,0.015,1.7
Organic Strawberries,Four Cheese Pasta Sauce,1112,0.00033,0.004,0.183,2.22
Red Vine Tomato,Organic Basil,1193,0.00036,0.021,0.043,2.53
Organic Red Potato,Organic Hass Avocado,1615,0.00048,0.165,0.007,2.5
Uncured Genoa Salami,Grape White/Green Seedless,1373,0.00041,0.032,0.034,2.62
Organic Strawberries,Uncured Genoa Salami,7558,0.00226,0.027,0.175,2.12
Organic Yellow Onion,Whipped Cream Cheese,1974,0.00059,0.017,0.061,1.74
Organic Carrot Bunch,Cucumber Kirby,1487,0.00044,0.04,0.015,1.33
Spring Water,Large Lemon,3077,0.00092,0.053,0.019,1.1
Carrots,Organic Garlic,9678,0.00289,0.129,0.085,3.78
Organic Raspberries,Original Hummus,7346,0.0022,0.052,0.099,2.32
Organic Baby Arugula,Fresh Ginger Root,1199,0.00036,0.016,0.047,2.08
Banana,Organic Small Curd Cottage Cheese,2203,0.00066,0.004,0.184,1.25
"Organic Red Radish, Bunch",Organic Baby Carrots,1160,0.00035,0.041,0.014,1.71
Shredded Parmesan,Organic Blackberries,1082,0.00032,0.029,0.017,1.49
Air Chilled Organic Boneless Skinless Chicken Breasts,Organic Zucchini,1664,0.0005,0.095,0.015,2.91
European Cucumber,Carrots,1050,0.00031,0.055,0.014,2.45
Organic Yellow Squash,Organic Hass Avocado,2036,0.00061,0.175,0.009,2.66
Organic Kiwi,Large Lemon,4604,0.00138,0.089,0.029,1.84
Cheddar Bunnies Snack Crackers,Organic Whole Milk,1522,0.00045,0.139,0.011,3.26
Banana,Multigrain Tortilla Chips,1943,0.00058,0.004,0.255,1.74
Organic Baby Arugula,Organic Unsweetened Almond Milk,2652,0.00079,0.035,0.044,1.95
Yellow Bell Pepper,Original Hummus,1482,0.00044,0.056,0.02,2.51
Organic Red Onion,Uncured Genoa Salami,1344,0.0004,0.019,0.031,1.47
Organic Romaine,Organic Zucchini,2005,0.0006,0.081,0.018,2.47
Naturals Chicken Nuggets,Bag of Organic Bananas,2173,0.00065,0.199,0.006,1.69
Organic Yellow Onion,Large Grapefruit,1325,0.0004,0.011,0.059,1.69
Bag of Organic Bananas,85% Lean Ground Beef,1240,0.00037,0.003,0.097,0.82
Organic Red Onion,Grape White/Green Seedless,1464,0.00044,0.021,0.036,1.71
Spaghetti  No 12,Organic Hass Avocado,1046,0.00031,0.124,0.005,1.87
Uncured Genoa Salami,Grated Parmesan,1262,0.00038,0.029,0.027,2.08
Hass Avocados,Organic Unsweetened Almond Milk,1277,0.00038,0.024,0.021,1.35
Air Chilled Organic Boneless Skinless Chicken Breasts,Organic Garnet Sweet Potato (Yam),1032,0.00031,0.059,0.019,3.63
Boneless Skinless Chicken Breast,Organic Whole Milk,1027,0.00031,0.044,0.007,1.02
Gluten Free SpongeBob Spinach Littles,Kids Sensible Foods Broccoli Littles,1264,0.00038,0.172,0.214,97.74
Blueberries,Green Bell Pepper,1149,0.00034,0.02,0.02,1.14
Organic Large Green Asparagus,Organic Cucumber,1927,0.00058,0.096,0.023,3.79
Bag of Organic Bananas,Blackberries,3657,0.00109,0.009,0.153,1.29
Small Hass Avocado,Organic Blackberries,2335,0.0007,0.045,0.036,2.32
Unsalted Pure Irish Butter,Bag of Organic Bananas,3304,0.00099,0.161,0.008,1.36
Organic Strawberries,Original Orange Juice,2940,0.00088,0.011,0.113,1.37
Organic Sliced Peaches,Organic Hass Avocado,1779,0.00053,0.173,0.008,2.62
Bag of Organic Bananas,Raspberries,9519,0.00284,0.024,0.156,1.32
Shredded Parmesan,Apple Honeycrisp Organic,2072,0.00062,0.055,0.024,2.11
Large Alfresco Eggs,Honeycrisp Apple,1821,0.00054,0.043,0.022,1.73
Organic Baby Spinach,Organic Roasted Sliced Chicken Breast,1653,0.00049,0.007,0.132,1.76
Uncured Slow Cooked Ham,Organic Baby Spinach,1807,0.00054,0.128,0.007,1.71
Organic Grape Tomatoes,Super Greens Salad,1184,0.00035,0.013,0.074,2.82
Organic Raspberries,Organic Green Cabbage,1563,0.00047,0.011,0.071,1.66
Limes,Asparation/Broccolini/Baby Broccoli,1521,0.00045,0.01,0.089,2.02
Naturals Savory Turkey Breakfast Sausage,Bag of Organic Bananas,1323,0.0004,0.156,0.003,1.32
Organic 2% Reduced Fat Milk,Organic Avocado,1428,0.00043,0.059,0.008,1.07
Large Alfresco Eggs,Michigan Organic Kale,1682,0.0005,0.04,0.024,1.9
Bag of Organic Bananas,Organic Medium Salsa,2719,0.00081,0.007,0.177,1.5
Banana,Spinach Peas & Pear Stage 2 Baby Food,1866,0.00056,0.004,0.225,1.53
Organic Strawberries,Organic Stringles Mozzarella String Cheese,1587,0.00047,0.006,0.192,2.33
Walnut Halves & Pieces,Organic Strawberries,1662,0.0005,0.152,0.006,1.85
Organic Reduced Fat 2% Milk,Organic Half & Half,2719,0.00081,0.055,0.034,2.33
Organic Lightly Salted Brown Rice Cakes,Banana,2041,0.00061,0.234,0.004,1.59
Broccoli Crown,Orange Bell Pepper,1829,0.00055,0.041,0.045,3.31
Watermelon Chunks,Apple Honeycrisp Organic,1445,0.00043,0.057,0.017,2.18
Mixed Berries Whole Milk Icelandic Style Skyr Yogurt,Vanilla Skyr Style Yogurt,2388,0.00071,0.318,0.259,115.28
Original Semisoft Cheese,Organic Whole Milk,1309,0.00039,0.114,0.009,2.67
Organic Distilled White Vinegar,Organic Baby Spinach,1274,0.00038,0.134,0.005,1.78
Banana,Barbecue Potato Chips,1013,0.0003,0.002,0.179,1.22
Organic Whipping Cream,Organic Whole Milk,1006,0.0003,0.091,0.007,2.14
Apple Honeycrisp Organic,Fresh Cauliflower,4425,0.00132,0.051,0.06,2.29
Strawberries,Raspberries,12764,0.00381,0.085,0.21,4.69
Organic Strawberries,Organic Extra Large Grade AA Brown Eggs,2005,0.0006,0.007,0.142,1.72
Organic Grape Tomatoes,Organic Ginger Root,2923,0.00087,0.033,0.054,2.05
Organic Baby Bella Mushrooms,Organic Hass Avocado,1050,0.00031,0.141,0.005,2.13
Red Peppers,Large Lemon,5962,0.00178,0.102,0.037,2.13
Organic Gala Apples,Organic Old Fashioned Rolled Oats,1065,0.00032,0.014,0.051,2.26
Raspberries,Organic Garnet Sweet Potato (Yam),1001,0.0003,0.016,0.018,1.01
Organic Hass Avocado,Organic Bunch Beets,2590,0.00077,0.012,0.172,2.6
Organic Whole Milk,Garlic,2812,0.00084,0.02,0.073,1.71
Organic Extra Large Grade AA Brown Eggs,Organic Zucchini,1076,0.00032,0.076,0.01,2.33
Organic Baby Spinach,Canola Oil,1028,0.00031,0.004,0.101,1.35
Organic Vegetable Broth,Organic Garlic,1863,0.00056,0.154,0.016,4.51
Rainbow Bell Peppers,Romaine Hearts,1042,0.00031,0.087,0.039,10.79
Apple Honeycrisp Organic,Organic Half & Half,3794,0.00113,0.043,0.048,1.84
Colby Cheese Sticks,Organic Avocado,1423,0.00043,0.112,0.008,2.04
"Organic Red Radish, Bunch",Organic Garnet Sweet Potato (Yam),1229,0.00037,0.043,0.023,2.67
Organic Baby Arugula,Organic Whole String Cheese,2294,0.00069,0.03,0.037,1.64
Organic Fuji Apple,Organic Reduced Fat Milk,1683,0.0005,0.018,0.046,1.64
Gold Potato,Organic Zucchini,1024,0.00031,0.113,0.009,3.46
Extra Virgin Olive Oil,Organic Blueberries,2070,0.00062,0.04,0.02,1.26
Organic Red Bell Pepper,No Salt Added Black Beans,1170,0.00035,0.02,0.04,2.24
Total 2% All Natural Low Fat 2% Milkfat Greek Strained Yogurt,Large Lemon,1443,0.00043,0.095,0.009,1.98
Ranch Dressing,Banana,1444,0.00043,0.204,0.003,1.39
Banana,Organic Greek Nonfat Yogurt With Mixed Berries,1466,0.00044,0.003,0.205,1.4
Honey Yoghurt,Banana,2256,0.00067,0.23,0.005,1.57
Organic Strawberries,Vanilla Unsweetened Almond Milk,1056,0.00032,0.004,0.092,1.12
Organic Yellow Onion,Super Greens Salad,1314,0.00039,0.011,0.082,2.34
Basil Pesto,Organic Strawberries,2260,0.00068,0.138,0.008,1.68
Organic D'Anjou Pears,Organic Bell Pepper,1290,0.00039,0.025,0.053,3.49
Organic Heavy Whipping Cream,Organic Raspberries,1828,0.00055,0.072,0.013,1.68
Organic Whole String Cheese,Sparkling Water Grapefruit,3534,0.00106,0.057,0.045,2.42
Organic Red Grapes,Organic Hass Avocado,1523,0.00046,0.159,0.007,2.41
Organic Grade A Free Range Large Brown Eggs,Unsweetened Almondmilk,1066,0.00032,0.025,0.021,1.65
Blueberries,Green Beans,1164,0.00035,0.02,0.039,2.21
Bag of Organic Bananas,Organic Unsweetened Almond Milk,14334,0.00428,0.036,0.239,2.02
Organic Granny Smith Apple,Organic Hass Avocado,9583,0.00286,0.157,0.043,2.38
Large Lemon,Organic Avocado,25766,0.0077,0.16,0.14,2.91
Banana,Organic Italian Parsley Bunch,9567,0.00286,0.019,0.152,1.03
Hass Avocados,Organic Whole Milk,2373,0.00071,0.045,0.017,1.06
Organic Gala Apples,Organic Grape Tomatoes,4620,0.00138,0.061,0.052,2.32
Banana,Crescent Rolls,1749,0.00052,0.004,0.206,1.4
Organic Lemon,Organic Strawberries,15829,0.00473,0.173,0.057,2.11
Limes,Total Greek Strained Yogurt,2439,0.00073,0.017,0.089,2.03
Almond Nut & Rice Cracker Snacks,Organic Strawberries,1341,0.0004,0.147,0.005,1.78
Red Potatoes,Organic Avocado,1105,0.00033,0.101,0.006,1.83
Organic Tomato Cluster,Organic Bartlett Pear,2032,0.00061,0.03,0.053,2.63
Organic Tomato Basil Pasta Sauce,Large Lemon,1404,0.00042,0.08,0.009,1.66
Organic Strawberries,Organic Lactose Free Whole Milk,1453,0.00043,0.005,0.166,2.02
Granny Smith Apples,Asparagus,1063,0.00032,0.028,0.015,1.33
Green Bell Pepper,Organic Extra Firm Tofu,1472,0.00044,0.025,0.049,2.8
Bag of Organic Bananas,Total Greek Strained Yogurt,4648,0.00139,0.012,0.17,1.44
Organic Large Extra Fancy Fuji Apple,Organic Romaine Lettuce,1863,0.00056,0.024,0.052,2.22
Organic Strawberries,Large Brown Eggs,1439,0.00043,0.005,0.12,1.46
Green Bell Pepper,Organic Whole String Cheese,1640,0.00049,0.028,0.027,1.53
Banana,Kids Sensible Foods Broccoli Littles,1476,0.00044,0.003,0.25,1.71
Organic Garbanzo Beans,Organic Ginger Root,1686,0.0005,0.054,0.031,3.34
Organic American Cheese Singles,Organic Avocado,1685,0.0005,0.09,0.009,1.63
Yellow Bell Pepper,Organic Small Bunch Celery,1270,0.00038,0.048,0.018,2.26
Bag of Organic Bananas,Trail Mix,1772,0.00053,0.004,0.141,1.19
Organic Lacinato (Dinosaur) Kale,Organic Large Grade AA Brown Eggs,1164,0.00035,0.026,0.044,3.27
Organic Raspberries,Organic YoKids Smoothie Strawberry Banana Lowfat Yogurt,1031,0.00031,0.007,0.137,3.21
Red Vine Tomato,Sparkling Water Grapefruit,1452,0.00043,0.026,0.018,1.08
Hass Avocados,Organic Cilantro,1138,0.00034,0.022,0.016,0.99
Red Peppers,Organic Spring Mix Salad,1027,0.00031,0.018,0.046,2.66
Organic Beef Uncured Hot Dogs,Organic Whole Milk,1329,0.0004,0.107,0.009,2.5
Extra Virgin Olive Oil,Organic Basil,1163,0.00035,0.022,0.042,2.67
Fresh Cauliflower,Original Hummus,3280,0.00098,0.044,0.044,1.99
Large Yellow Flesh Nectarine,Organic Whole Milk,1252,0.00037,0.08,0.009,1.88
Organic Genoa Salami,Banana,1021,0.00031,0.169,0.002,1.15
European Cucumber,Strawberries,1297,0.00039,0.068,0.009,1.53
Romaine Lettuce,Organic Avocado,1550,0.00046,0.142,0.008,2.58
Organic Lemon,Uncured Genoa Salami,2244,0.00067,0.025,0.052,1.9
Hass Avocados,Sweet Kale Salad Mix,1806,0.00054,0.034,0.151,9.63
Organic Medium Salsa,Organic Baby Spinach,2285,0.00068,0.148,0.009,1.97
Organic Original Hommus,Organic Strawberries,3042,0.00091,0.221,0.011,2.69
Organic Lemon,Organic Large Green Asparagus,2485,0.00074,0.027,0.124,4.55
Organic Red Onion,Extra Virgin Olive Oil,2370,0.00071,0.033,0.045,2.14
Organic Baby Spinach,Organic Whole Strawberries,7336,0.00219,0.029,0.225,2.99
Original Hot Sauce,Organic Avocado,1143,0.00034,0.091,0.006,1.66
Pita Chips Simply Naked,Original Hummus,1544,0.00046,0.132,0.021,5.95
Organic Mint,Organic Dill,1008,0.0003,0.049,0.061,9.93
Orange Juice,Organic Avocado,1015,0.0003,0.058,0.006,1.05
Organic Reduced Fat 2% Milk,Organic Yellow Onion,2781,0.00083,0.056,0.024,1.6
Raspberry Preserves,Organic Baby Spinach,1045,0.00031,0.1,0.004,1.33
Organic Leek,Michigan Organic Kale,1283,0.00038,0.063,0.018,3.0
Organic Large Green Asparagus,Organic Baby Broccoli,1084,0.00032,0.054,0.033,5.47
Medium Cheddar Cheese Block,Large Lemon,1248,0.00037,0.112,0.008,2.34
Organic Granny Smith Apple,Pineapple Chunks,1081,0.00032,0.018,0.042,2.27
Organic Red Onion,Air Chilled Organic Boneless Skinless Chicken Breasts,1092,0.00033,0.015,0.063,2.96
Organic Whole String Cheese,Icelandic Style Skyr Blueberry Non-fat Yogurt,1009,0.0003,0.016,0.051,2.74
Strawberries,Organic Lowfat 1% Milk,1018,0.0003,0.007,0.066,1.48
Unsalted Pure Irish Butter,Limes,1730,0.00052,0.084,0.012,1.92
Organic Garnet Sweet Potato (Yam),Cucumber Kirby,2961,0.00088,0.054,0.03,1.82
Organic Broccoli Florets,Organic Unsweetened Almond Milk,1370,0.00041,0.04,0.023,2.23
Mini Original Babybel Cheese,Banana,4076,0.00122,0.256,0.008,1.74
Bag of Organic Bananas,Organic Raspberries,42283,0.01264,0.107,0.297,2.51
Organic Yellow Onion,"Milk, Organic, Vitamin D",1275,0.00038,0.011,0.061,1.74
Organic Grade A Free Range Large Brown Eggs,Organic Baby Spinach,6474,0.00193,0.155,0.026,2.06
Fat Free Strawberry Yogurt,Total 0% Raspberry Yogurt,3123,0.00093,0.307,0.248,81.65
Bag of Organic Bananas,Organic Cilantro,14570,0.00435,0.037,0.199,1.69
Bag of Organic Bananas,Organic Extra Large Brown Eggs,1896,0.00057,0.005,0.191,1.62
Organic Strawberries,Boneless Skinless Chicken Breasts,6386,0.00191,0.023,0.122,1.48
Granny Smith Apples,Organic Fuji Apple,3331,0.001,0.089,0.036,3.19
No Salt Added Black Beans,Organic Avocado,5813,0.00174,0.199,0.032,3.62
Chicken Breast Tenders Breaded,Organic Avocado,1017,0.0003,0.116,0.006,2.11
Bag of Organic Bananas,Kiwi,1238,0.00037,0.003,0.11,0.93
Organic Raspberries,Organic Whole Wheat Bread,1177,0.00035,0.008,0.102,2.39
Bag of Organic Bananas,White Corn,2964,0.00089,0.008,0.153,1.29
Bag of Organic Bananas,Organic Pinto Beans,2386,0.00071,0.006,0.213,1.8
Organic Broccoli,Organic Unsweetened Almond Milk,1951,0.00058,0.048,0.032,2.69
Organic Baby Spinach,California Cauliflower,1124,0.00034,0.004,0.212,2.82
Red Vine Tomato,Asparagus,3193,0.00095,0.056,0.045,2.65
Organic Diced Tomatoes,Organic Strawberries,2651,0.00079,0.116,0.01,1.41
Organic Raspberries,Organic Red Delicious Apple,1311,0.00039,0.009,0.091,2.15
Yellow Onions,Organic Thyme,2073,0.00062,0.027,0.103,4.46
Garlic & Fine Herbs Gournay Cheese,Bag of Organic Bananas,1211,0.00036,0.142,0.003,1.21
Italian Sparkling Mineral Water,Organic Whole String Cheese,1132,0.00034,0.035,0.018,1.92
Boneless Skinless Chicken Breasts,Organic Granny Smith Apple,1047,0.00031,0.02,0.017,1.09
Organic Shells And White Cheddar,Organic Hass Avocado,1035,0.00031,0.157,0.005,2.38
Organic Broccoli Crowns,Limes,1392,0.00042,0.073,0.009,1.66
Hint Of Sea Salt Almond Nut Thins,Organic Avocado,1298,0.00039,0.104,0.007,1.9
Organic Diced Tomatoes,Organic Garnet Sweet Potato (Yam),1013,0.0003,0.044,0.019,2.72
Cream Cheese Spread,Organic Hass Avocado,2092,0.00063,0.169,0.009,2.56
Purity Farms Ghee Clarified Butter,Organic Hass Avocado,1147,0.00034,0.147,0.005,2.23
Fresh Ginger Root,Organic Blueberries,1149,0.00034,0.045,0.011,1.44
Organic Garlic,"Tomatoes, Whole Peeled",1204,0.00036,0.011,0.187,5.49
Organic Milk,Organic Small Bunch Celery,1206,0.00036,0.042,0.017,1.98
Organic Blackberries,Organic Hass Avocado,6915,0.00207,0.107,0.031,1.62
Lightly Salted Baked Snap Pea Crisps,Banana,5789,0.00173,0.223,0.012,1.52
Organic Black Beans,Organic Baby Carrots,2122,0.00063,0.054,0.026,2.23
Organic Yellow Peaches,Organic Blueberries,1584,0.00047,0.072,0.015,2.29
Mini Cucumbers,Banana,2411,0.00072,0.297,0.005,2.02
Organic Braeburn Apple,Bag of Organic Bananas,2590,0.00077,0.26,0.007,2.2
Bag of Organic Bananas,Organic Hothouse Cucumbers,5730,0.00171,0.015,0.231,1.96
100% Whole Wheat Bread,Sparkling Water Grapefruit,1745,0.00052,0.028,0.022,1.17
Thin & Light Tortilla Chips,Banana,1367,0.00041,0.18,0.003,1.22
Baby Spinach,Organic Whole Milk,1175,0.00035,0.048,0.008,1.13
Organic Strawberries,Organic Extra Firm Tofu,3776,0.00113,0.014,0.125,1.51
Bag of Organic Bananas,Organic Extra Firm Tofu,4824,0.00144,0.012,0.159,1.35
Organic Lemon,Organic Baby Spinach Salad,1115,0.00033,0.012,0.061,2.22
Banana,Chicken & Maple Breakfast Sausage,4277,0.00128,0.009,0.223,1.52
Banana,Chocolate Chip Cookies,1511,0.00045,0.003,0.102,0.7
Clementines,Organic Strawberries,1604,0.00048,0.05,0.006,0.6
Whole Milk Plain Yogurt,Bag of Organic Bananas,3483,0.00104,0.22,0.009,1.87
Organic Reduced Fat 2% Milk,Original Hummus,2739,0.00082,0.055,0.037,2.5
Strawberries,Organic Cucumber,3337,0.001,0.022,0.039,0.88
Spring Water,Organic Raspberries,2881,0.00086,0.049,0.02,1.16
Organic Large Brown Eggs,Organic Zucchini,1172,0.00035,0.079,0.011,2.41
Organic Red Bell Pepper,Feta Cheese Crumbles,1710,0.00051,0.029,0.051,2.83
Sparkling Lemon Water,Cran Raspberry Sparkling Water,1319,0.00039,0.039,0.121,11.87
Russet Potato,Asparagus,1697,0.00051,0.055,0.024,2.6
Organic Baby Spinach,Kids Organic Chocolate Chip ZBars,1462,0.00044,0.006,0.119,1.59
Banana,Fat Free Skim Milk,1649,0.00049,0.003,0.174,1.19
Shredded Sharp Cheddar Cheese,Banana,1463,0.00044,0.194,0.003,1.32
Organic Rosemary,Organic Baby Spinach,1711,0.00051,0.159,0.007,2.11
Vanilla Almond Milk Yogurt,Almond Milk Strawberry Yogurt,1867,0.00056,0.331,0.316,187.58
Oven Roasted Turkey Breast,Cucumber Kirby,1090,0.00033,0.052,0.011,1.74
Organic Mango Chunks,Organic Raspberries,1044,0.00031,0.134,0.007,3.14
Organic Broccoli Florets,Organic Baby Carrots,2205,0.00066,0.064,0.027,2.68
Organic Black Beans,Michigan Organic Kale,2157,0.00064,0.055,0.031,2.6
Soda,Hass Avocados,1768,0.00053,0.047,0.034,3.02
Carrots,Organic Small Bunch Celery,8494,0.00254,0.113,0.12,5.34
Shredded Mild Cheddar Cheese,Organic Peeled Whole Baby Carrots,1091,0.00033,0.039,0.019,2.27
Bunched Cilantro,Organic Romaine Lettuce,1185,0.00035,0.025,0.033,2.32
Organic Baby Spinach,Michigan Organic Kale,14511,0.00434,0.058,0.207,2.75
Bag of Organic Bananas,Organic Baby Rainbow Carrots,3893,0.00116,0.01,0.189,1.6
Red Vine Tomato,Organic Hass Avocado,5929,0.00177,0.105,0.027,1.59
Sustainably Soft Bath Tissue,100% Recycled Paper Towels,2826,0.00084,0.148,0.097,17.09
Organic Strawberries,"Clementines, Bag",6289,0.00188,0.023,0.152,1.85
Cold Brew Coffee Double Espresso with Almond Milk,Banana,1225,0.00037,0.194,0.002,1.32
Bag of Organic Bananas,Gourmet Tomato Medley,1111,0.00033,0.003,0.153,1.3
Total 0% Raspberry Yogurt,Banana,3596,0.00107,0.286,0.007,1.94
Organic Sticks Low Moisture Part Skim Mozzarella String Cheese,Organic Large Extra Fancy Fuji Apple,2135,0.00064,0.06,0.027,2.57
Organic Summer Strawberry Bunny Fruit Snacks,Organic Raspberries,1333,0.0004,0.102,0.009,2.4
Garlic,Organic Garbanzo Beans,1093,0.00033,0.028,0.035,3.04
Organic Whole Strawberries,Organic Hass Avocado,5057,0.00151,0.155,0.023,2.35
Ginger Ale,Bag of Organic Bananas,1181,0.00035,0.09,0.003,0.76
Large Pineapple Chunks,Banana,1558,0.00047,0.271,0.003,1.85
Original Pure Creamy Almond Milk,Banana,3034,0.00091,0.199,0.006,1.35
Organic Strawberries,Uncured Hickory Smoked Sunday Bacon,3471,0.00104,0.013,0.161,1.95
Small Hass Avocado,Organic Grape Tomatoes,2952,0.00088,0.057,0.034,2.15
Feta Cheese Crumbles,Organic Grape Tomatoes,3750,0.00112,0.111,0.043,4.21
Organic Whole Milk,Organic Large Grade AA Brown Eggs,1952,0.00058,0.014,0.073,1.72
100% Raw Coconut Water,Organic Lemon,2824,0.00084,0.072,0.031,2.64
Lemon Hummus,Organic Baby Spinach,2635,0.00079,0.154,0.01,2.05
Apple Honeycrisp Organic,Organic Fuji Apple,1578,0.00047,0.018,0.017,0.65
Organic Fresh Basil,Organic Baby Spinach,2091,0.00062,0.171,0.008,2.28
Organic Roma Tomato,Asparagus,1335,0.0004,0.044,0.019,2.06
Sharp Cheddar Cheese,Organic Half & Half,1108,0.00033,0.035,0.014,1.49
Banana,Organic Greek Whole Milk Blended Vanilla Bean Yogurt,1949,0.00058,0.004,0.199,1.35
Michigan Organic Kale,Organic Baby Carrots,3157,0.00094,0.045,0.039,1.87
Organic Iceberg Lettuce,Organic Baby Spinach,1982,0.00059,0.132,0.008,1.75
Blueberries,Asparagus,1784,0.00053,0.031,0.025,1.44
Organic Large Green Asparagus,Michigan Organic Kale,1096,0.00033,0.055,0.016,2.61
Organic Carrot Bunch,"Organic Red Radish, Bunch",1429,0.00043,0.038,0.051,4.5
Basil Pesto,Organic Raspberries,1018,0.0003,0.062,0.007,1.46
Liquid Egg Whites,Organic Baby Spinach,1174,0.00035,0.167,0.005,2.22
Plain Greek Yogurt,Organic Whole Milk,1172,0.00035,0.082,0.008,1.91
Spring Water,Organic Granny Smith Apple,1352,0.0004,0.023,0.022,1.27
Peach Pear Flavored Sparkling Water,Sparkling Water Grapefruit,6968,0.00208,0.315,0.088,13.29
Organic Cilantro,Pineapple Chunks,1117,0.00033,0.015,0.043,1.97
Small Hass Avocado,Organic Bartlett Pear,1166,0.00035,0.022,0.03,1.93
Apple Honeycrisp Organic,Organic Creamy Peanut Butter,1383,0.00041,0.016,0.074,2.82
Organic Strawberries,Red Vine Tomato,6401,0.00191,0.023,0.113,1.37
Bag of Organic Bananas,Honeydew Melon,1602,0.00048,0.004,0.184,1.56
Orange Bell Pepper,Organic Bell Pepper,2893,0.00086,0.07,0.119,9.69
Organic White Onions,Organic Grape Tomatoes,1530,0.00046,0.062,0.017,2.37
Bag of Organic Bananas,Organic Yellow Peaches,4791,0.00143,0.012,0.218,1.85
Organic Hass Avocado,Large Lemon,15738,0.0047,0.071,0.098,1.48
Organic Good Seed Bread,Bag of Organic Bananas,2931,0.00088,0.223,0.007,1.89
Organic Baby Spinach,Shredded Mozzarella,4345,0.0013,0.017,0.189,2.52
Fresh Cauliflower,Grated Parmesan,2320,0.00069,0.031,0.049,2.23
Organic Sticks Low Moisture Part Skim Mozzarella String Cheese,Organic American Cheese Singles,1431,0.00043,0.04,0.076,7.19
Banana,Panko Bread Crumbs,1680,0.0005,0.003,0.179,1.22
Organic Muenster Cheese Slices,Organic Strawberries,1553,0.00046,0.195,0.006,2.36
Banana,Authentic French Brioche Hamburger Buns,1964,0.00059,0.004,0.183,1.24
Organic Broccoli Florets,Organic Cilantro,1178,0.00035,0.034,0.016,1.58
Organic Baby Spinach,Organic Brown Rice,2816,0.00084,0.011,0.19,2.52
Organic Yellow Onion,Unsweetened Almondmilk,2983,0.00089,0.025,0.058,1.64
Hazelnut Spread With Skim Milk & Cocoa,Banana,1441,0.00043,0.222,0.003,1.51
Organic Broccoli Crowns,Organic Baby Spinach,3156,0.00094,0.165,0.013,2.19
Organic Fuji Apple,Organic Half & Half,2912,0.00087,0.031,0.037,1.33
Cheerios Cereal,Organic Strawberries,1318,0.00039,0.162,0.005,1.97
Organic Whole Milk,Organic Banana,1615,0.00048,0.011,0.077,1.81
Spring Water,Half & Half,1106,0.00033,0.019,0.015,0.89
Bag of Organic Bananas,Organic Vanilla Bean Ice Cream,1207,0.00036,0.003,0.199,1.69
Organic Diced Tomatoes,Apple Honeycrisp Organic,1051,0.00031,0.046,0.012,1.76
Boneless Skinless Chicken Thighs,Banana,2350,0.0007,0.214,0.005,1.46
Kiwi,Organic Avocado,1424,0.00043,0.126,0.008,2.29
Organic Kiwi,Cucumber Kirby,2950,0.00088,0.057,0.03,1.9
Organic Ketchup,Organic Garlic,1074,0.00032,0.067,0.009,1.98
Grated Parmesan,Organic Unsweetened Almond Milk,1390,0.00042,0.03,0.023,1.65
"Organic Red Radish, Bunch",Organic Hothouse Cucumbers,1096,0.00033,0.039,0.044,5.23
Organic Whole Milk,Organic Red Delicious Apple,1170,0.00035,0.008,0.082,1.91
Organic Granny Smith Apple,Total 0% Nonfat Greek Yogurt,1094,0.00033,0.018,0.039,2.15
Kiwi,Strawberries,1919,0.00057,0.17,0.013,3.81
Italian Sparkling Mineral Water,Organic Italian Parsley Bunch,1258,0.00038,0.039,0.02,2.08
Ezekiel 4:9 Bread Organic Sprouted Whole Grain,Organic Avocado,2442,0.00073,0.132,0.013,2.4
Organic Russet Potato,Organic Lacinato (Dinosaur) Kale,1301,0.00039,0.039,0.029,2.88
Gourmet Tomato Medley,Raspberries,1154,0.00034,0.159,0.019,8.75
Fresh Cauliflower,Organic Baby Carrots,3738,0.00112,0.05,0.046,2.09
Organic Strawberries,Tomato Sauce,1301,0.00039,0.005,0.097,1.17
Organic Italian Parsley Bunch,Organic Extra Firm Tofu,1128,0.00034,0.018,0.037,1.98
Strawberries,Spinach,1789,0.00053,0.012,0.101,2.26
Bag of Organic Bananas,Organic Summer Strawberry Bunny Fruit Snacks,2460,0.00074,0.006,0.189,1.6
Fresh Cauliflower,Feta Cheese Crumbles,1668,0.0005,0.022,0.049,2.22
Organic Baby Rainbow Carrots,Organic Avocado,1799,0.00054,0.088,0.01,1.59
Organic Cucumber,Organic Bartlett Pear,2990,0.00089,0.035,0.077,3.04
Blueberries,Organic Large Extra Fancy Fuji Apple,1137,0.00034,0.02,0.015,0.84
Romaine Lettuce,Cucumber Kirby,1656,0.00049,0.152,0.017,5.1
Bag of Organic Bananas,Spring Water,10159,0.00304,0.026,0.174,1.48
Organic Chopped Spinach,Organic Avocado,1257,0.00038,0.102,0.007,1.85
Mild Salsa,Banana,3272,0.00098,0.215,0.007,1.47
Organic Red Onion,Organic D'Anjou Pears,2246,0.00067,0.032,0.044,2.09
Michigan Organic Kale,Organic Grape Tomatoes,4255,0.00127,0.061,0.048,2.31
Organic Fuji Apple,Non Fat Raspberry Yogurt,1121,0.00034,0.012,0.066,2.38
Organic Broccoli,Organic Ginger Root,1627,0.00049,0.04,0.03,2.49
Strawberries,Organic Reduced Fat Milk,2666,0.0008,0.018,0.072,1.62
Organic Blackberries,Organic Grape Tomatoes,3225,0.00096,0.05,0.037,1.9
Organic Baby Spinach,Goat Cheese Crumbles,3073,0.00092,0.012,0.219,2.91
Banana,100% Apple Juice,1189,0.00036,0.002,0.208,1.42
Banana,Organic Wheat-Free & Gluten-Free Original Crackers,1368,0.00041,0.003,0.161,1.1
Organic Large Extra Fancy Fuji Apple,Unsalted Butter,1086,0.00032,0.014,0.029,1.25
Organic Whole Strawberries,Asparagus,1223,0.00037,0.037,0.017,1.76
Unsweetened Vanilla Almond Milk,Sparkling Water Grapefruit,1199,0.00036,0.044,0.015,1.84
"Milk, Organic, Vitamin D",Organic Gala Apples,1093,0.00033,0.053,0.014,2.33
Bag of Organic Bananas,Organic Greek Whole Milk Blended Vanilla Bean Yogurt,2211,0.00066,0.006,0.225,1.91
Organic Whole Strawberries,Sparkling Water Grapefruit,1015,0.0003,0.031,0.013,1.31
Vine Ripe Tomatoes,Cucumber Kirby,1515,0.00045,0.094,0.015,3.16
Shredded Mild Cheddar Cheese,Grated Parmesan,1433,0.00043,0.052,0.031,3.67
Organic Kiwi,Organic Baby Carrots,2559,0.00076,0.049,0.032,2.04
Banana,Organic Raspberries,23791,0.00711,0.048,0.167,1.14
Unsalted Pure Irish Butter,Organic Small Bunch Celery,1052,0.00031,0.051,0.015,2.42
Limes,Organic Fat Free Milk,1694,0.00051,0.012,0.062,1.41
Organic Raspberries,Honeycrisp Apple,5197,0.00155,0.036,0.062,1.46
Organic Broccoli Florets,Green Bell Pepper,1176,0.00035,0.034,0.02,1.98
Shredded Mozzarella,Cucumber Kirby,1586,0.00047,0.069,0.016,2.32
Green Onions,"Flat Parsley, Bunch",1068,0.00032,0.038,0.076,9.1
Bag of Organic Bananas,"Super Spinach! Baby Spinach, Baby Bok Choy, Sweet Baby Kale",2878,0.00086,0.007,0.188,1.59
Organic Milk,Organic Fuji Apple,1316,0.00039,0.046,0.014,1.64
Corn Tortillas,Organic Zucchini,1083,0.00032,0.07,0.01,2.13
Apple Cider Vinegar,Organic Garlic,1046,0.00031,0.103,0.009,3.03
Nonfat Icelandic Style Strawberry Yogurt,Organic Avocado,1042,0.00031,0.095,0.006,1.72
Organic Rosemary,Banana,1549,0.00046,0.144,0.003,0.98
Organic Large Grade AA Brown Eggs,Organic Grape Tomatoes,1422,0.00042,0.054,0.016,2.03
Organic Baby Spinach,Blue Cheese Crumbles,1111,0.00033,0.004,0.169,2.25
Cantaloupe,Organic Raspberries,2523,0.00075,0.1,0.018,2.36
Gluten Free Whole Grain Bread,Organic Raspberries,1192,0.00036,0.084,0.008,1.97
Organic Mint,Organic Strawberries,3253,0.00097,0.159,0.012,1.93
Half & Half,Unsweetened Original Almond Breeze Almond Milk,1008,0.0003,0.014,0.028,1.31
Apple Honeycrisp Organic,Bartlett Pears,1549,0.00046,0.018,0.042,1.62
Organic Raspberries,Organic Roasted Sliced Chicken Breast,1309,0.00039,0.009,0.105,2.45
Shredded Mild Cheddar Cheese,Asparagus,1170,0.00035,0.042,0.016,1.98
Original Hummus,Organic Creamy Peanut Butter,1185,0.00035,0.016,0.063,2.84
Organic Baby Spinach,Honeycrisp Apple,10666,0.00319,0.042,0.128,1.7
Seedless Red Grapes,Bag of Organic Bananas,14436,0.00431,0.166,0.037,1.41
Penne Rigate,Organic Strawberries,1310,0.00039,0.138,0.005,1.67
Large Alfresco Eggs,Organic Lacinato (Dinosaur) Kale,1535,0.00046,0.036,0.034,2.71
Red Peppers,Organic Italian Parsley Bunch,2679,0.0008,0.046,0.043,2.44
Organic Navel Orange,Organic Granny Smith Apple,3351,0.001,0.075,0.055,4.1
Baked Aged White Cheddar Rice and Corn Puffs,Banana,3622,0.00108,0.254,0.007,1.73
Organic Mint,Organic Yellow Onion,2097,0.00063,0.102,0.018,2.91
Organic Baby Spinach,Organic Strawberry Fruit Spread,1768,0.00053,0.007,0.151,2.01
No Salt Added Black Beans,Organic Blueberries,1077,0.00032,0.037,0.01,1.18
Strawberries,Organic Garnet Sweet Potato (Yam),2869,0.00086,0.019,0.053,1.18
Sweet Kale Salad Mix,Raspberries,1507,0.00045,0.126,0.025,6.93
Organic Red Onion,Roma Tomato,1731,0.00052,0.024,0.041,1.94
Organic Red Onion,Organic Romaine Lettuce,2480,0.00074,0.035,0.069,3.25
Whole Wheat Bread,Organic Strawberries,1647,0.00049,0.15,0.006,1.82
Red Mango,Large Lemon,1070,0.00032,0.124,0.007,2.57
Banana,Lemonade,4316,0.00129,0.009,0.211,1.44
Organic Strawberries,Organic Free Range Chicken Broth,1543,0.00046,0.006,0.115,1.4
Organic Braeburn Apple,Organic Baby Spinach,1528,0.00046,0.153,0.006,2.04
Green Onions,Jalapeno Peppers,1915,0.00057,0.068,0.043,5.15
Peach Pear Flavored Sparkling Water,Cran Raspberry Sparkling Water,1492,0.00045,0.067,0.137,20.76
Organic Blackberries,Organic Unsweetened Almond Milk,1755,0.00052,0.027,0.029,1.51
Organic Diced Tomatoes,Red Peppers,1181,0.00035,0.052,0.02,2.97
Organic Baby Arugula,Garlic,1982,0.00059,0.026,0.051,2.27
Small Hass Avocado,Grape White/Green Seedless,1244,0.00037,0.024,0.031,1.97
Organic Roasted Turkey Breast,Organic Tomato Cluster,1355,0.0004,0.046,0.02,2.3
Whole Milk Plain Yogurt,Organic Whole String Cheese,1112,0.00033,0.07,0.018,3.81
Bag of Organic Bananas,Coconut Almond Unsweetened Creamer Blend,1057,0.00032,0.003,0.195,1.66
Organic Blueberries,Feta Cheese Crumbles,1474,0.00044,0.014,0.044,1.39
Carrots,Organic Romaine,1290,0.00039,0.017,0.052,2.31
Watermelon Chunks,Organic Whole Milk,1988,0.00059,0.078,0.014,1.83
Organic Raspberries,Organic Cauliflower,1183,0.00035,0.008,0.091,2.15
Organic Milk,Organic Large Extra Fancy Fuji Apple,1374,0.00041,0.048,0.018,2.04
Organic Baby Arugula,Bartlett Pears,1256,0.00038,0.017,0.034,1.52
Sharp Cheddar Cheese,Organic Grape Tomatoes,1508,0.00045,0.048,0.017,1.82
1% Lowfat Milk,Organic Hass Avocado,1705,0.00051,0.116,0.008,1.76
Red Peppers,Garlic,1612,0.00048,0.028,0.042,2.41
Shredded Parmesan,Organic Black Beans,1144,0.00034,0.03,0.029,2.57
Organic Baby Spinach,Organic Italian Parsley Bunch,10978,0.00328,0.044,0.174,2.32
Total 0% Greek Yogurt,Organic Baby Arugula,1119,0.00033,0.041,0.015,1.82
Organic Yellow Onion,Extra Virgin Olive Oil,3542,0.00106,0.03,0.068,1.92
English Seedless Cucumber,Organic Hass Avocado,1220,0.00036,0.088,0.006,1.34
"Organic Red Radish, Bunch",Organic Garlic,3382,0.00101,0.12,0.03,3.51
Organic Red Bell Pepper,Organic Strawberries,12471,0.00373,0.208,0.045,2.53
Small Hass Avocado,Organic Garlic,2574,0.00077,0.049,0.023,1.45
Sparkling Natural Mineral Water,Sparkling Water Grapefruit,1471,0.00044,0.033,0.019,1.39
Sparkling Water Berry,Banana,3807,0.00114,0.21,0.008,1.43
Organic Orange Bell Pepper,Organic Grape Tomatoes,1222,0.00037,0.111,0.014,4.22
Organic Baby Spinach,Goat Cheese Log,1141,0.00034,0.005,0.184,2.44
Organic Romaine,Large Lemon,2786,0.00083,0.112,0.017,2.34
Organic Grape Tomatoes,Globe Eggplant,1553,0.00046,0.018,0.087,3.29
Organic Lemon,Organic Raspberries,10588,0.00316,0.116,0.074,2.72
Bag of Organic Bananas,Organic Long Grain White Rice,1817,0.00054,0.005,0.203,1.72
Organic Original Hommus,Organic Baby Carrots,1457,0.00044,0.106,0.018,4.4
Organic Garlic,Organic Red On the Vine Tomato,1217,0.00036,0.011,0.103,3.02
Organic Grade A Free Range Large Brown Eggs,Organic Garlic,2744,0.00082,0.066,0.024,1.93
Bag of Organic Bananas,Sparkling Mineral Water,2690,0.0008,0.007,0.143,1.21
Small Hass Avocado,Green Bell Pepper,1619,0.00048,0.031,0.028,1.79
Organic Broccoli,Limes,3217,0.00096,0.08,0.022,1.82
Organic Lemon,Large Grapefruit,1283,0.00038,0.014,0.058,2.11
Organic Baby Spinach,Sweet Potatoes,1456,0.00044,0.006,0.168,2.23
Bag of Organic Bananas,Gluten Free Old Fashioned Rolled Oats,1133,0.00034,0.003,0.21,1.78
Boneless Skinless Chicken Thighs,Limes,1062,0.00032,0.097,0.007,2.21
Banana,Blueberry Yoghurt,2262,0.00068,0.005,0.22,1.5
Organic Small Curd Cottage Cheese,Organic Avocado,1077,0.00032,0.09,0.006,1.64
Banana,Sweet Potatoes,1991,0.0006,0.004,0.23,1.56
"Milk, Reduced Fat, 2% Milkfat",Banana,2152,0.00064,0.275,0.004,1.87
100% Raw Coconut Water,Organic Tomato Cluster,1444,0.00043,0.037,0.022,1.84
100% Raw Coconut Water,Organic Blackberries,1233,0.00037,0.031,0.019,1.63
Jalapeno Peppers,Organic Italian Parsley Bunch,2456,0.00073,0.055,0.039,2.93
Grated Parmesan,Organic Granny Smith Apple,1588,0.00047,0.034,0.026,1.85
Applewood Smoked Bacon,Bag of Organic Bananas,1182,0.00035,0.165,0.003,1.39
Organic Thompson Seedless Raisins,Organic Yellow Onion,1058,0.00032,0.082,0.009,2.32
Original Nooks & Crannies English Muffins,Strawberries,1104,0.00033,0.071,0.007,1.58
Baby Spinach,Cucumber Kirby,1336,0.0004,0.055,0.013,1.85
Organic Raspberries,Roasted Turkey Breast,1424,0.00043,0.01,0.078,1.83
Organic Russet Potato,Organic Sour Cream,1485,0.00044,0.044,0.054,5.31
Bag of Organic Bananas,Organic Wheat Square Crackers,1490,0.00045,0.004,0.21,1.78
Red Vine Tomato,Organic Zucchini,4087,0.00122,0.072,0.037,2.21
Packaged Grape Tomatoes,Raspberries,2551,0.00076,0.183,0.042,10.03
Organic Whole Milk,Original Hummus,6255,0.00187,0.044,0.084,1.98
Organic Baby Arugula,Cucumber Kirby,5251,0.00157,0.069,0.053,2.33
Small Hass Avocado,Organic Tomato Cluster,2159,0.00065,0.041,0.032,2.07
Organic Unsweetened Almond Milk,Organic Extra Firm Tofu,1423,0.00043,0.024,0.047,2.62
Oreo Chocolate Sandwich Cookies,Banana,1040,0.00031,0.202,0.002,1.38
Sharp Cheddar Cheese,Organic Gala Apples,1131,0.00034,0.036,0.015,1.59
Organic Large Brown Grade AA Cage Free Eggs,Organic Cucumber,1876,0.00056,0.056,0.022,2.22
Bag of Organic Bananas,Low Fat Vanilla Yogurt,1493,0.00045,0.004,0.198,1.68
Large Alfresco Eggs,Organic Kiwi,1394,0.00042,0.033,0.027,2.12
Organic Broccoli,Organic Lacinato (Dinosaur) Kale,1844,0.00055,0.046,0.041,3.41
Bag of Organic Bananas,Organic Lemonade,1746,0.00052,0.004,0.189,1.6
Whole Milk,Red Peppers,1004,0.0003,0.027,0.017,1.56
Traditional Hummus,Banana,2357,0.0007,0.276,0.005,1.88
Bag of Organic Bananas,Organic Yellow Mustard,1059,0.00032,0.003,0.169,1.43
Yotoddler Organic Pear Spinach Mango Yogurt,Organic Whole Milk Strawberry Beet Berry Yogurt Pouch,2883,0.00086,0.462,0.442,237.01
Organic Whole Strawberries,Organic Raspberries,5393,0.00161,0.165,0.038,3.87
Organic Blackberries,Organic Half & Half,2036,0.00061,0.032,0.026,1.34
Italian Sparkling Mineral Water,Organic Baby Arugula,1777,0.00053,0.055,0.023,2.45
Organic Red Bell Pepper,Organic Green Seedless Grapes,1000,0.0003,0.017,0.045,2.5
Fat Free Milk,Large Lemon,1767,0.00053,0.058,0.011,1.2
Small Hass Avocado,Garlic,1484,0.00044,0.028,0.039,2.47
Original Real Vegetable Chips,Banana,1687,0.0005,0.21,0.003,1.43
Mini Original Babybel Cheese,Organic Fuji Apple,1020,0.0003,0.064,0.011,2.3
Watermelon Chunks,Organic Blackberries,1056,0.00032,0.042,0.016,2.15
Organic Whole Milk,Organic Bell Pepper,1733,0.00052,0.012,0.071,1.67
Organic Unsalted Butter,Fresh Cauliflower,1002,0.0003,0.045,0.013,2.03
Shredded Parmesan,Organic Baby Carrots,2079,0.00062,0.055,0.026,2.29
Organic Quick Oats,Organic Baby Spinach,1649,0.00049,0.161,0.007,2.14
Carrots,Organic Whole Strawberries,1439,0.00043,0.019,0.044,1.96
Natural Spring Water,Large Lemon,1049,0.00031,0.051,0.007,1.07
Carrots,Cucumber Kirby,5391,0.00161,0.072,0.054,2.4
Granny Smith Apples,Organic Baby Spinach,2557,0.00076,0.068,0.01,0.9
Large Lemon,Organic Garnet Sweet Potato (Yam),6851,0.00205,0.043,0.126,2.62
Strawberries,Organic Baby Carrots,5733,0.00171,0.038,0.071,1.59
Organic Large Extra Fancy Fuji Apple,Organic Grape Tomatoes,4601,0.00138,0.059,0.052,2.24
Seedless Red Grapes,Original Hummus,3691,0.0011,0.043,0.05,1.92
Organic Strawberries,Feta Cheese Crumbles,5091,0.00152,0.018,0.151,1.83
Organic Red Bell Pepper,Organic Blueberries,4518,0.00135,0.075,0.043,2.4
Banana,Super Soft Taco Flour Tortillas,1928,0.00058,0.004,0.256,1.74
European Cucumber,Organic Avocado,1906,0.00057,0.1,0.01,1.82
Whipped Cream Cheese,Organic Hass Avocado,4241,0.00127,0.131,0.019,1.99
Bag of Organic Bananas,Brussels Sprouts,3288,0.00098,0.008,0.14,1.19
Organic Large Extra Fancy Fuji Apple,Half & Half,2607,0.00078,0.033,0.036,1.56
Organic Baby Spinach,Organic Extra Firm Tofu,6091,0.00182,0.024,0.201,2.67
Apple Honeycrisp Organic,Vanilla Skyr Nonfat Yogurt,1028,0.00031,0.012,0.054,2.09
Strawberries,Extra Virgin Olive Oil,2432,0.00073,0.016,0.046,1.04
Organic Whole Milk,Bunched Cilantro,2459,0.00073,0.017,0.052,1.21
Roasted Turkey Breast,Organic Zucchini,1036,0.00031,0.057,0.009,1.74
Roasted Turkey,Organic Baby Spinach,1703,0.00051,0.162,0.007,2.15
Air Chilled Organic Boneless Skinless Chicken Breasts,Organic Garlic,1607,0.00048,0.092,0.014,2.7
Organic Shredded Carrots,Organic Cilantro,1459,0.00044,0.069,0.02,3.18
Strawberries,Michigan Organic Kale,3815,0.00114,0.026,0.054,1.22
Organic Large Grade A Brown Eggs,Organic Hass Avocado,1243,0.00037,0.085,0.006,1.29
Organic Avocado,Organic Pinto Beans,1181,0.00035,0.006,0.105,1.91
Organic Lacinato (Dinosaur) Kale,Organic Unsweetened Almond Milk,2305,0.00069,0.051,0.038,2.86
Red Raspberries,Honeycrisp Apple,1586,0.00047,0.057,0.019,2.3
Green Bell Pepper,Organic Garnet Sweet Potato (Yam),2474,0.00074,0.043,0.045,2.62
Original Hummus,Organic Large Grade AA Brown Eggs,1654,0.00049,0.022,0.062,2.81
Lime Sparkling Water,Organic Half & Half,2427,0.00073,0.05,0.031,2.12
Black Beans No Salt Added,Organic Hass Avocado,1260,0.00038,0.212,0.006,3.22
Organic Baby Spinach,Vanilla Pure Almond Milk,1290,0.00039,0.005,0.108,1.44
Organic Shredded Mild Cheddar,Organic Whole Milk,1072,0.00032,0.125,0.008,2.93
Organic Bread with 21 Whole Grains,Organic Grape Tomatoes,1204,0.00036,0.05,0.014,1.91
Yellow Bell Pepper,Organic Garnet Sweet Potato (Yam),1199,0.00036,0.045,0.022,2.76
Sparkling Natural Mineral Water,Organic Peeled Whole Baby Carrots,1076,0.00032,0.024,0.019,1.39
Organic Orange Bell Pepper,Apple Honeycrisp Organic,1146,0.00034,0.104,0.013,3.99
Mini Seedless Watermelon Pack,Bag of Organic Bananas,1395,0.00042,0.255,0.004,2.16
Honey Nut Cheerios,Organic Avocado,1971,0.00059,0.07,0.011,1.28
Organic Italian Parsley Bunch,Organic Zucchini,6722,0.00201,0.107,0.061,3.26
Tilapia Filet,Asparagus,1178,0.00035,0.077,0.017,3.63
Organic Baby Spinach,Trilogy Kombucha Drink,2079,0.00062,0.008,0.119,1.59
Yellow Onions,Organic Tomato Paste,2205,0.00066,0.029,0.12,5.23
Bag of Organic Bananas,Cheese Pizza Snacks,1589,0.00047,0.004,0.18,1.52
Yellow Onions,Original Hummus,2920,0.00087,0.038,0.039,1.71
Banana,Organic Reduced Fat Milk,10930,0.00327,0.022,0.296,2.02
Organic Whole Grain Wheat English Muffins,Banana,2737,0.00082,0.194,0.006,1.32
Red Vine Tomato,Honeycrisp Apple,3097,0.00093,0.055,0.037,2.2
Grated Parmesan,Organic Bartlett Pear,1247,0.00037,0.027,0.032,2.3
Blueberries,Organic Fuji Apple,3317,0.00099,0.057,0.036,2.05
Organic Marinara Pasta Sauce,Banana,1181,0.00035,0.176,0.002,1.2
Bag of Organic Bananas,Roma Tomato,3170,0.00095,0.008,0.075,0.64
Organic Raspberries,Organic Thyme,1450,0.00043,0.01,0.072,1.68
Apple Honeycrisp Organic,Broccoli Crown,1425,0.00043,0.016,0.032,1.21
Limes,Organic Mexican Blend Finely Shredded Cheese,1819,0.00054,0.012,0.096,2.18
Garlic Hummus,Banana,2102,0.00063,0.246,0.004,1.67
Organic Beef Uncured Hot Dogs,Organic Raspberries,1014,0.0003,0.082,0.007,1.91
Pure Irish Butter,Organic Small Bunch Celery,1324,0.0004,0.037,0.019,1.77
Organic Lemon,Organic Dill,1814,0.00054,0.02,0.109,4.01
Organic Sliced Peaches,Organic Avocado,1056,0.00032,0.103,0.006,1.86
Vine Ripe Tomatoes,Red Onion,1322,0.0004,0.082,0.03,6.19
Small Hass Avocado,Organic Zucchini,3920,0.00117,0.075,0.036,2.3
Organic Tomato Cluster,Organic Bosc Pear,1119,0.00033,0.017,0.051,2.53
Banana,Organic Honey Nut O's Cereal,1113,0.00033,0.002,0.206,1.4
Organic Chicken & Apple Sausage,Organic Whole Milk,1158,0.00035,0.086,0.008,2.01
Total 2% Lowfat Greek Strained Yogurt With Blueberry,Fat Free Strawberry Yogurt,1448,0.00043,0.068,0.142,22.27
Organic Large Green Asparagus,Fresh Cauliflower,1689,0.0005,0.084,0.023,3.8
Organic Broccoli,Organic Baby Arugula,1739,0.00052,0.043,0.023,1.9
Organic Unsweetened Almond Milk,Organic Bartlett Pear,1533,0.00046,0.026,0.04,2.21
Limes,Pineapple Chunks,2476,0.00074,0.017,0.095,2.17
Organic Baby Kale Mix,Organic Zucchini,1073,0.00032,0.096,0.01,2.94
Tomato Sauce,Organic Hass Avocado,1125,0.00034,0.084,0.005,1.27
Organic Roasted Turkey Breast,Organic Roasted Sliced Chicken Breast,1149,0.00034,0.039,0.092,10.41
No Salt Added Black Beans,Honeycrisp Apple,1774,0.00053,0.061,0.021,2.44
Large Alfresco Eggs,Organic Black Beans,1073,0.00032,0.025,0.027,2.15
Large Lemon,Organic Bunch Beets,1775,0.00053,0.011,0.118,2.45
Green Beans,Organic Baby Carrots,1388,0.00041,0.046,0.017,1.91
Sustainably Soft Bath Tissue,Spring Water,1042,0.00031,0.055,0.018,3.14
Organic Raw Kombucha Gingerade,Synergy Organic Kombucha Gingerberry,2118,0.00063,0.098,0.228,35.43
Organic Baby Spinach,Organic Zucchini,21365,0.00639,0.085,0.195,2.6
Banana,Aluminum Foil,1934,0.00058,0.004,0.173,1.18
"Organic Red Radish, Bunch",Organic Baby Broccoli,1046,0.00031,0.037,0.032,3.74
Sustainably Soft Bath Tissue,Bag of Organic Bananas,3534,0.00106,0.185,0.009,1.57
Organic Sticks Low Moisture Part Skim Mozzarella String Cheese,Organic Granny Smith Apple,1416,0.00042,0.04,0.023,2.18
Russet Potato,Banana,8028,0.0024,0.261,0.016,1.78
Organic Strawberries,Peach Pear Flavored Sparkling Water,1951,0.00058,0.007,0.088,1.07
Goat Cheese Crumbles,Organic Avocado,2039,0.00061,0.145,0.011,2.64
Uncured Slow Cooked Ham,Organic Whole Milk,1288,0.00038,0.091,0.009,2.14
Organic Baby Arugula,Organic Yellow Peaches,1073,0.00032,0.014,0.049,2.16
Organic Reduced Fat 2% Milk,Organic D'Anjou Pears,1624,0.00049,0.033,0.032,2.17
Organic Large Extra Fancy Fuji Apple,Organic Mexican Blend Finely Shredded Cheese,1186,0.00035,0.015,0.062,2.67
Shredded Mozzarella,Organic Zucchini,2135,0.00064,0.093,0.02,2.85
Organic Diced Tomatoes,Yellow Onions,2017,0.0006,0.088,0.026,3.84
Total 0% Greek Yogurt,Organic Zucchini,1277,0.00038,0.047,0.012,1.44
Organic Grade A Free Range Large Brown Eggs,Organic Peeled Whole Baby Carrots,1191,0.00036,0.028,0.021,1.65
Organic Bunny Fruit Snacks Berry Patch,Organic Whole Milk,1004,0.0003,0.073,0.007,1.7
Bag of Organic Bananas,Vanilla Skyr Nonfat Yogurt,3119,0.00093,0.008,0.165,1.4
Russet Potato,Fresh Cauliflower,1265,0.00038,0.041,0.017,1.86
Organic Baby Spinach,Sea Salt Pita Chips,2055,0.00061,0.008,0.119,1.58
Organic Thyme,Large Lemon,2702,0.00081,0.134,0.017,2.78
Organic Raspberries,Total Greek Strained Yogurt,2243,0.00067,0.016,0.082,1.92
Bag of Organic Bananas,Roasted Pine Nut Hummus,1237,0.00037,0.003,0.104,0.88
Organic Red Onion,Fresh Ginger Root,1737,0.00052,0.025,0.068,3.23
Organic Peeled Whole Baby Carrots,Total 0% Nonfat Greek Yogurt,1127,0.00034,0.019,0.04,2.34
Bag of Organic Bananas,Organic Edamame,1539,0.00046,0.004,0.194,1.65
Organic Whole Strawberries,Organic Italian Parsley Bunch,1178,0.00035,0.036,0.019,1.92
White Onion,Cucumber Kirby,1416,0.00042,0.083,0.014,2.79
Honey Greek Yogurt,Organic Strawberries,1307,0.00039,0.149,0.005,1.81
Granny Smith Apples,Strawberries,3509,0.00105,0.093,0.023,2.09
Bag of Organic Bananas,Fresh Cauliflower,14886,0.00445,0.038,0.201,1.7
100% Whole Wheat Bread,Asparagus,1726,0.00052,0.027,0.024,1.29
European Cucumber,Large Lemon,2170,0.00065,0.114,0.013,2.37
Organic Whole String Cheese,Organic Sour Cream,1357,0.00041,0.022,0.049,2.65
Organic Baby Spinach,Total 0% Nonfat Greek Yogurt,3348,0.001,0.013,0.12,1.6
Organic Orange Bell Pepper,Organic Baby Spinach,1911,0.00057,0.174,0.008,2.31
Bag of Organic Bananas,Organic Medjool Dates,2931,0.00088,0.007,0.272,2.3
Total 0% Greek Yogurt,Organic Blueberries,1643,0.00049,0.06,0.016,1.92
Banana,Butternut Squash,2189,0.00065,0.004,0.222,1.51
Organic Reduced Fat Milk,Honeycrisp Apple,2048,0.00061,0.056,0.025,2.23
Soda,0% Greek Strained Yogurt,2552,0.00076,0.068,0.187,16.77
Organic Yellow Onion,Grated Parmesan,4596,0.00137,0.039,0.098,2.78
Tilapia Filet,Organic Zucchini,1489,0.00044,0.098,0.014,2.99
Organic No Salt Added Diced Tomatoes,Banana,2545,0.00076,0.239,0.005,1.63
Organic Zucchini,Cucumber Kirby,6330,0.00189,0.058,0.063,1.94
Organic Broccoli Crowns,Organic Yellow Onion,2047,0.00061,0.107,0.017,3.04
Organic Baby Spinach,Dairy Free Unsweetened Coconut Milk,1377,0.00041,0.005,0.162,2.15
Chopped Walnuts,Banana,2476,0.00074,0.236,0.005,1.61
Banana,Iced Oatmeal Cookie Kid Z Bar,1531,0.00046,0.003,0.262,1.79
Organic Yellow Onion,Organic Half & Half,3657,0.00109,0.031,0.046,1.32
Organic Roasted Turkey Breast,Organic Raspberries,3505,0.00105,0.119,0.025,2.79
Unsweetened Almondmilk,Organic Cucumber,2609,0.00078,0.05,0.031,1.98
Banana,Plain Bagelettes,1250,0.00037,0.003,0.223,1.52
Organic Strawberries,Organic Greek Nonfat Yogurt With Mixed Berries,1162,0.00035,0.004,0.162,1.97
Whole Milk Ricotta Cheese,Organic Baby Spinach,1987,0.00059,0.184,0.008,2.45
Organic Whole Milk with DHA Omega-3,Organic Strawberries,2348,0.0007,0.167,0.009,2.03
Organic D'Anjou Pears,Cucumber Kirby,2436,0.00073,0.048,0.024,1.61
Italian Extra Virgin Olive Oil,Organic Yellow Onion,1047,0.00031,0.081,0.009,2.31
Yellow Bell Pepper,Organic Red Onion,2187,0.00065,0.082,0.031,3.88
Avocado Roll,Organic Hass Avocado,1235,0.00037,0.204,0.006,3.08
Bing Cherries,Organic Avocado,1177,0.00035,0.079,0.006,1.44
Bag of Organic Bananas,Bean & Cheese Burrito,1159,0.00035,0.003,0.183,1.55
Total 0% Nonfat Greek Yogurt,Asparagus,1076,0.00032,0.039,0.015,1.82
Baked Aged White Cheddar Rice and Corn Puffs,Organic Raspberries,1275,0.00038,0.09,0.009,2.1
Organic Yellow Onion,Organic Creamy Peanut Butter,1295,0.00039,0.011,0.069,1.96
Apple Honeycrisp Organic,Organic Cilantro,3794,0.00113,0.043,0.052,1.99
Organic Lemon,Half & Half,3395,0.00101,0.037,0.047,1.74
Banana,Water,1432,0.00043,0.003,0.101,0.69
Honey Wheat Enriched Bread,Banana,1470,0.00044,0.29,0.003,1.98
Organic Baby Rainbow Carrots,Organic Zucchini,1494,0.00045,0.073,0.014,2.22
Shredded Mozzarella,Large Lemon,2283,0.00068,0.1,0.014,2.07
Organic Large Extra Fancy Fuji Apple,Organic Creamy Peanut Butter,1094,0.00033,0.014,0.058,2.49
Organic Yellow Onion,Honeycrisp Apple,4305,0.00129,0.037,0.052,1.47
Boneless Skinless Chicken Breasts,Original Hummus,2393,0.00072,0.046,0.032,2.06
Banana,Iceberg Lettuce,2932,0.00088,0.006,0.218,1.49
Shredded Parmesan,Bag of Organic Bananas,6606,0.00197,0.175,0.017,1.49
Organic Carrot Bunch,Organic D'Anjou Pears,1626,0.00049,0.043,0.032,2.85
Organic Lemon,Asparagus,3918,0.00117,0.043,0.055,2.02
Organic Fuji Apple,Asparagus,3285,0.00098,0.035,0.046,1.66
Feta Cheese Crumbles,Honeycrisp Apple,1836,0.00055,0.054,0.022,2.18
Organic Cilantro,Organic Zucchini,6852,0.00205,0.094,0.063,2.87
100% Whole Wheat Bread,Organic Whole String Cheese,2506,0.00075,0.04,0.041,2.15
Organic Fat Free Milk,Organic Half & Half,1298,0.00039,0.047,0.016,2.01
Organic Bunny Fruit Snacks Berry Patch,Banana,3375,0.00101,0.244,0.007,1.66
Organic Red Bell Pepper,Organic Garnet Sweet Potato (Yam),3376,0.00101,0.056,0.062,3.46
Organic Heavy Whipping Cream,Organic Garlic,2632,0.00079,0.103,0.023,3.03
Total 2% Lowfat Plain Greek Yogurt,Organic Hass Avocado,1978,0.00059,0.117,0.009,1.78
Plantain Chips,Organic Baby Spinach,1005,0.0003,0.134,0.004,1.79
Seedless Red Grapes,Unsweetened Almondmilk,1517,0.00045,0.017,0.029,1.13
Organic Strawberries,Organic Beef Hot Dogs,4076,0.00122,0.015,0.235,2.85
Bag of Organic Bananas,Icelandic Style Fat Free Plain Yogurt,1101,0.00033,0.003,0.137,1.16
Whipped Cream Cheese,Grape White/Green Seedless,1022,0.00031,0.032,0.025,2.62
Sugar Snap Peas,Cucumber Kirby,1117,0.00033,0.076,0.011,2.54
Organic Fuji Apple,Cherubs Heavenly Salad Tomatoes,1010,0.0003,0.011,0.045,1.61
Banana,Original Restaurant Style Tortilla Chips,1370,0.00041,0.003,0.209,1.42
Organic Red Onion,Ground Turkey Breast,1598,0.00048,0.023,0.058,2.73
Bag of Organic Bananas,Berry Medley,2343,0.0007,0.006,0.157,1.33
Organic Whole Strawberries,Fresh Cauliflower,1567,0.00047,0.048,0.021,2.16
Organic Raspberries,Unsweetened Vanilla Almond Milk,2105,0.00063,0.015,0.076,1.79
Watermelon Chunks,Honeycrisp Apple,1633,0.00049,0.064,0.02,2.58
Organic Whole Milk,Feta Cheese Crumbles,2801,0.00084,0.02,0.083,1.94
Organic Black Beans,Organic Small Bunch Celery,2026,0.00061,0.051,0.029,2.42
Organic Baby Spinach,Total 0% Nonfat Plain Greek Yogurt,2188,0.00065,0.009,0.144,1.91
Organic Baby Spinach,Roma Tomato,3992,0.00119,0.016,0.095,1.26
Banana,Organic Extra Large Grade AA Brown Eggs,2132,0.00064,0.004,0.151,1.03
Jalapeno Peppers,Extra Virgin Olive Oil,1412,0.00042,0.032,0.027,2.03
Organic Lemon,Organic Granny Smith Apple,4863,0.00145,0.053,0.08,2.92
Organic Grade A Free Range Large Brown Eggs,Organic Small Bunch Celery,1863,0.00056,0.045,0.026,2.11
Carrots,Organic Unsweetened Almond Milk,2610,0.00078,0.035,0.043,1.93
Organic Red Onion,Boneless Skinless Chicken Breasts,2678,0.0008,0.038,0.051,2.42
Organic Baby Spinach,Ground Turkey Breast,5543,0.00166,0.022,0.2,2.66
Organic Strawberries,Sweet Potato Fries with Sea Salt,1045,0.00031,0.004,0.177,2.15
Strawberries,Organic Hothouse Cucumbers,1018,0.0003,0.007,0.041,0.92
Strawberries,Organic Low Fat Milk,1438,0.00043,0.01,0.163,3.66
Salted Butter,Honeycrisp Apple,1248,0.00037,0.062,0.015,2.51
100% Whole Wheat Bread,Strawberry Preserves,1057,0.00032,0.017,0.067,3.53
Organic Kiwi,Organic Romaine Lettuce,1308,0.00039,0.025,0.036,2.34
Organic Reduced Fat 2% Milk,Whipped Cream Cheese,1224,0.00037,0.025,0.038,2.57
Organic Ginger Root,Organic Green Cabbage,1824,0.00055,0.034,0.082,5.1
Organic Spaghetti Squash,Organic Baby Spinach,3063,0.00092,0.218,0.012,2.9
Yellow Onions,Organic Butternut Squash,1192,0.00036,0.015,0.058,2.52
Pure Sparkling Water,Strawberries,1349,0.0004,0.045,0.009,1.01
Fresh Cauliflower,Grape White/Green Seedless,1752,0.00052,0.024,0.043,1.95
Organic Mint,Organic Italian Parsley Bunch,3219,0.00096,0.157,0.051,8.34
Organic Coconut Milk,Original Hummus,1237,0.00037,0.044,0.017,1.97
Original Hummus,Organic Bosc Pear,1062,0.00032,0.014,0.048,2.16
Banana,Light Sour Cream,1373,0.00041,0.003,0.236,1.61
Organic Lemon,I Heart Baby Kale,1103,0.00033,0.012,0.086,3.15
Extra Virgin Olive Oil,Organic Kiwi,1326,0.0004,0.025,0.025,1.63
Total 0% Greek Yogurt,Boneless Skinless Chicken Breasts,1152,0.00034,0.042,0.022,2.71
Banana,Strawberry Preserves,3928,0.00117,0.008,0.247,1.69
Bag of Organic Bananas,Unsweetened Almondmilk,10967,0.00328,0.028,0.212,1.8
Nonfat Icelandic Style Strawberry Yogurt,"Yogurt, Strained Low-Fat, Coconut",2035,0.00061,0.185,0.162,49.17
Banana,Gala Apples,9139,0.00273,0.019,0.365,2.49
Strawberries,Vine Ripe Tomatoes,1257,0.00038,0.008,0.078,1.75
Organic Strawberries,Large Lemon,17322,0.00518,0.063,0.108,1.31
Organic Strawberries,Organic Gala Apples,13872,0.00415,0.05,0.183,2.23
Stage 1 Apples Sweet Potatoes Pumpkin & Blueberries Organic Pureed Baby Food,Bag of Organic Bananas,1296,0.00039,0.226,0.003,1.92
Yellow Onions,Roma Tomato,3247,0.00097,0.042,0.077,3.35
Bag of Organic Bananas,Sprouted Multi-Grain Bread,1391,0.00042,0.004,0.252,2.13
Broccoli Crown,Raspberries,1464,0.00044,0.033,0.024,1.79
Organic Raspberries,Grape White/Green Seedless,3346,0.001,0.023,0.083,1.94
Broccoli Crown,Organic Red Bell Pepper,1418,0.00042,0.032,0.024,1.76
Organic Strawberries,Organic Plain Whole Milk Yogurt,2526,0.00075,0.009,0.178,2.17
Organic Frozen Peas,Organic Cilantro,1115,0.00033,0.053,0.015,2.43
Banana,Unsalted Cultured Butter,1064,0.00032,0.002,0.15,1.02
Vanilla Almond Breeze Almond Milk,Organic Yellow Onion,1116,0.00033,0.035,0.009,0.98
Boneless Skinless Chicken Breasts,Lime Sparkling Water,1061,0.00032,0.02,0.022,1.4
Organic Riced Cauliflower,Organic Avocado,1138,0.00034,0.124,0.006,2.25
Organic Tomato Cluster,Organic Basil,1636,0.00049,0.024,0.059,2.94
Organic Yellow Onion,Organic Fuji Apple,4124,0.00123,0.035,0.044,1.26
Organic Strawberries,Trilogy Kombucha Drink,2028,0.00061,0.007,0.116,1.41
Organic Sticks Low Moisture Part Skim Mozzarella String Cheese,Organic Half & Half,1987,0.00059,0.056,0.025,2.37
Heavy Whipping Cream,Organic Hass Avocado,1491,0.00045,0.069,0.007,1.05
Yellow Onions,Small Hass Avocado,3313,0.00099,0.043,0.064,2.76
Air Chilled Organic Boneless Skinless Chicken Breasts,Large Lemon,2611,0.00078,0.15,0.016,3.11
Organic Bagged Carrots,Large Lemon,1992,0.0006,0.233,0.012,4.85
Blueberries,Organic Zucchini,1831,0.00055,0.031,0.017,0.96
Organic Garlic,Romaine Hearts,1312,0.00039,0.012,0.049,1.43
Organic Whole Crimini Mushrooms,Organic Zucchini,1033,0.00031,0.148,0.009,4.51
Limes,Organic Baby Kale,1648,0.00049,0.011,0.087,1.98
Yellow Onions,Organic Roma Tomato,1120,0.00033,0.015,0.037,1.6
Air Chilled Organic Boneless Skinless Chicken Breasts,Cucumber Kirby,1146,0.00034,0.066,0.011,2.2
Mache Rosettes French Salad Mix,Organic Hass Avocado,1168,0.00035,0.167,0.005,2.53
Granny Smith Apples,Red Onion,1253,0.00037,0.033,0.028,2.51
Organic Strawberries,Organic Hass Avocado,42333,0.01265,0.154,0.192,2.33
Cheerios Cereal,Bag of Organic Bananas,1620,0.00048,0.199,0.004,1.69
Banana,Bartlett Pears,14148,0.00423,0.029,0.386,2.63
Organic Strawberries,Red Leaf Lettuce,1022,0.00031,0.004,0.111,1.34
Organic Whole Milk,Organic Small Bunch Celery,4482,0.00134,0.031,0.063,1.49
Strawberries,Organic Grade A Free Range Large Brown Eggs,2255,0.00067,0.015,0.054,1.21
Organic Large Extra Fancy Fuji Apple,Unsweetened Original Almond Breeze Almond Milk,1020,0.0003,0.013,0.028,1.21
No Salt Added Black Beans,Original Hummus,1948,0.00058,0.067,0.026,3.01
Organic Romaine,Organic Avocado,3921,0.00117,0.158,0.021,2.87
Organic Chopped Spinach,Banana,2056,0.00061,0.166,0.004,1.13
Frozen Peaches,Organic Baby Spinach,1146,0.00034,0.209,0.005,2.77
Organic Strawberries,Red Plums,1753,0.00052,0.006,0.193,2.34
Organic Strawberries,Goat Cheese Crumbles,2179,0.00065,0.008,0.155,1.89
Michigan Organic Kale,Organic Ginger Root,4412,0.00132,0.063,0.082,3.89
Organic Heavy Whipping Cream,Organic Hass Avocado,2452,0.00073,0.096,0.011,1.45
Boneless And Skinless Chicken Breast,Banana,1548,0.00046,0.256,0.003,1.74
Unsalted Pure Irish Butter,Organic Garlic,1839,0.00055,0.089,0.016,2.62
Organic Cilantro,Ground Turkey Breast,1568,0.00047,0.021,0.057,2.59
Seedless Red Grapes,"YoKids Squeezers Organic Low-Fat Yogurt, Strawberry",1473,0.00044,0.017,0.072,2.79
Bag of Organic Bananas,Plantain Chips,1349,0.0004,0.003,0.18,1.53
Organic Large Extra Fancy Fuji Apple,Organic Basil,1148,0.00034,0.015,0.041,1.76
Organic Raspberries,Icelandic Style Skyr Blueberry Non-fat Yogurt,1639,0.00049,0.011,0.082,1.93
Organic Garlic,Organic Red Cabbage,2133,0.00064,0.019,0.136,4.0
Organic Baby Arugula,White Corn,1071,0.00032,0.014,0.055,2.44
Supergreens!,Organic Avocado,1042,0.00031,0.111,0.006,2.01
Baby Spinach,Fresh Cauliflower,1405,0.00042,0.058,0.019,2.61
Organic Garlic,Organic Baby Kale,1402,0.00042,0.012,0.074,2.17
Sweet Potato Tortilla Chips,Banana,1981,0.00059,0.243,0.004,1.65
Organic Whole String Cheese,Organic Yellow Peaches,1249,0.00037,0.02,0.057,3.08
Seedless Red Grapes,Sparkling Water Grapefruit,2510,0.00075,0.029,0.032,1.22
Blueberries,Red Raspberries,1849,0.00055,0.032,0.067,3.83
Yellow Bell Pepper,Limes,3558,0.00106,0.134,0.024,3.05
Organic Raspberries,Original Veggie Straws,1573,0.00047,0.011,0.09,2.11
Blackberries,Organic Blueberries,3061,0.00091,0.128,0.029,4.07
Organic American Cheese Singles,Organic Baby Carrots,1067,0.00032,0.057,0.013,2.37
Organic Ginger Root,Organic Hass Avocado,8601,0.00257,0.159,0.039,2.41
Baby Spinach,Organic Strawberries,3193,0.00095,0.132,0.012,1.6
100% Whole Wheat Bread,Cherubs Heavenly Salad Tomatoes,1206,0.00036,0.019,0.053,2.83
Green Bell Pepper,Organic Avocado,6473,0.00193,0.112,0.035,2.03
Organic Grape Tomatoes,Total 0% Nonfat Greek Yogurt,1352,0.0004,0.015,0.049,1.84
Organic Strawberries,Macaroni & Cheese,2598,0.00078,0.009,0.143,1.74
100% Whole Wheat Bread,Half & Half,1608,0.00048,0.025,0.022,1.19
Original Hummus,Cucumber Kirby,5163,0.00154,0.07,0.052,2.34
Authentic French Brioche Hamburger Buns,Organic Hass Avocado,1431,0.00043,0.133,0.006,2.01
Seedless Red Grapes,Organic Small Bunch Celery,2664,0.0008,0.031,0.038,1.45
YoBaby Peach Pear Yogurt,Banana,2250,0.00067,0.252,0.005,1.72
Pure Irish Butter,Raspberries,1087,0.00032,0.031,0.018,1.69
Strawberries,Red Seedless Grapes,2067,0.00062,0.014,0.212,4.75
Organic Spaghetti Squash,Organic Yellow Onion,1678,0.0005,0.12,0.014,3.4
Banana,Red Grapefruit,1094,0.00033,0.002,0.184,1.25
Organic Strawberries,Organic Chicken Thighs,1163,0.00035,0.004,0.142,1.72
Banana,Organic YoKids Smoothie Strawberry Banana Lowfat Yogurt,1877,0.00056,0.004,0.249,1.7
Diced Tomatoes,Organic Zucchini,1188,0.00036,0.082,0.011,2.51
Organic Mint,Limes,3923,0.00117,0.191,0.027,4.37
Green Onions,Bunched Cilantro,3490,0.00104,0.125,0.074,8.8
Bag of Organic Bananas,Organic Fresh Squeezed Orange Juice,1374,0.00041,0.003,0.239,2.03
Organic Whole Milk,Organic Mixed Vegetables,1223,0.00037,0.009,0.119,2.79
Organic Romaine,Organic Italian Parsley Bunch,1387,0.00041,0.056,0.022,2.97
Banana,Thick & Crispy Tortilla Chips,1468,0.00044,0.003,0.188,1.28
Fresh Cauliflower,Organic Sour Cream,1155,0.00035,0.016,0.042,1.88
Sinfully Sweet Campari Tomatoes,Raspberries,1409,0.00042,0.086,0.023,4.74
Organic Red Potato,Organic Strawberries,1329,0.0004,0.136,0.005,1.65
Organic Baby Carrots,Unsweetened Original Almond Breeze Almond Milk,1281,0.00038,0.016,0.036,1.48
Honey & Maple Turkey Breast,Banana,1505,0.00045,0.265,0.003,1.8
Bag of Organic Bananas,Shoestring Fries,1055,0.00032,0.003,0.188,1.6
Unsweetened Almondmilk,Organic Gala Apples,2066,0.00062,0.04,0.027,1.77
Shredded Parmesan,Organic Lemon,2119,0.00063,0.056,0.023,2.06
Organic Frozen Peas,Organic Whole Milk,2439,0.00073,0.116,0.017,2.72
Organic Baby Spinach,Organic Leek,3508,0.00105,0.014,0.172,2.28
Bag of Organic Bananas,Organic Avocado,23961,0.00716,0.061,0.13,1.1
Organic Kiwi,Grape White/Green Seedless,2044,0.00061,0.039,0.05,3.25
Limes,Organic Grape Tomatoes,8236,0.00246,0.056,0.094,2.13
Blueberries,Organic Whole Strawberries,1089,0.00033,0.019,0.033,1.91
Mint,Banana,1955,0.00058,0.18,0.004,1.23
Banana,Grated Parmesan Cheese,1644,0.00049,0.003,0.204,1.39
Air Chilled Organic Boneless Skinless Chicken Breasts,Banana,3178,0.00095,0.182,0.006,1.24
Yellow Bell Pepper,Boneless Skinless Chicken Breasts,1504,0.00045,0.056,0.029,3.61
Bunched Cilantro,Asparagus,1824,0.00055,0.038,0.026,1.81
Banana,Uncured Hickory Smoked Sunday Bacon,4275,0.00128,0.009,0.198,1.35
Organic Strawberries,Strawberry Preserves,2416,0.00072,0.009,0.152,1.85
Organic Reduced Fat 2% Milk,Organic Zucchini,2453,0.00073,0.05,0.022,1.52
Turkey Bacon,Banana,1204,0.00036,0.223,0.002,1.52
Banana,Orange Sparkling Water,3528,0.00105,0.007,0.234,1.59
Lemon Hummus,Organic Strawberries,2616,0.00078,0.153,0.009,1.86
Organic Yokids Lemonade/Blueberry Variety Pack Yogurt Squeezers Tubes,Banana,1778,0.00053,0.271,0.004,1.84
Bag of Organic Bananas,Baby Seedless Cucumbers,1805,0.00054,0.005,0.179,1.51
Organic Hass Avocado,Organic Red Cabbage,2645,0.00079,0.012,0.169,2.56
Organic Raspberries,Organic Half & Half,4755,0.00142,0.033,0.06,1.41
Large Pineapple Chunks,Organic Avocado,1356,0.00041,0.236,0.007,4.28
Organic Whole Milk,Chicken & Maple Breakfast Sausage,1668,0.0005,0.012,0.087,2.04
Classic Mix Variety,Banana,1332,0.0004,0.25,0.003,1.7
Michigan Organic Kale,Organic Romaine Lettuce,2802,0.00084,0.04,0.078,3.71
Organic Gala Apples,Large Grapefruit,1091,0.00033,0.014,0.049,2.16
Organic Yellow Onion,Potato Yukon Gold Organic,1479,0.00044,0.013,0.113,3.21
Clementines,Fuji Apples,1470,0.00044,0.046,0.287,29.84
Banana,Organic Jasmine Rice,1290,0.00039,0.003,0.187,1.27
Organic Zucchini,Organic Pinto Beans,1054,0.00031,0.01,0.094,2.87
Organic Garlic,Organic Pinto Beans,1414,0.00042,0.012,0.126,3.7
Organic Red Potato,Organic Yellow Onion,1843,0.00055,0.188,0.016,5.35
Carrots,Organic Yellow Peaches,1002,0.0003,0.013,0.046,2.03
Organic Salted Butter,Bag of Organic Bananas,3766,0.00113,0.241,0.01,2.04
Green Beans,Carrots,2073,0.00062,0.069,0.028,3.05
Organic Whole Milk,Large Lemon,10199,0.00305,0.071,0.063,1.49
Organic Unsweetened Almond Milk,Organic Baby Carrots,2914,0.00087,0.049,0.036,2.02
Organic Large Extra Fancy Fuji Apple,Organic Strawberries,15763,0.00471,0.202,0.057,2.45
Fridge Pack Cola,Coke Classic,2328,0.0007,0.123,0.207,36.56
Club Soda,Banana,1152,0.00034,0.147,0.002,1.0
Organic Roasted Turkey Breast,Cucumber Kirby,1326,0.0004,0.045,0.013,1.51
Organic Baby Spinach,Organic Roasted Turkey Breast,4302,0.00129,0.017,0.146,1.94
Apple Honeycrisp Organic,Organic Hothouse Cucumbers,2016,0.0006,0.023,0.081,3.11
Small Hass Avocado,Unsweetened Original Almond Breeze Almond Milk,1010,0.0003,0.019,0.028,1.8
Packaged Grape Tomatoes,Romaine Hearts,1167,0.00035,0.084,0.043,10.37
Bag of Organic Bananas,Organic Coconut Milk,5289,0.00158,0.013,0.187,1.58
Banana,Organic Garnet Sweet Potato (Yam),11621,0.00347,0.024,0.213,1.45
Original Veggie Straws,Organic Grape Tomatoes,1017,0.0003,0.058,0.012,2.2
Organic Large Extra Fancy Fuji Apple,Organic Bell Pepper,1586,0.00047,0.02,0.065,2.79
Limes,Original Hummus,6226,0.00186,0.042,0.084,1.92
Limes,Organic Yellow Peaches,1862,0.00056,0.013,0.085,1.93
Organic Whole String Cheese,Organic Grape Tomatoes,3618,0.00108,0.059,0.041,2.23
Organic Sliced Crimini Mushrooms,Organic Hass Avocado,1351,0.0004,0.167,0.006,2.52
Cinnamon Rolls with Icing,Organic Baby Spinach,1417,0.00042,0.113,0.006,1.5
Seedless Red Grapes,Blueberries,3156,0.00094,0.036,0.054,2.09
Bag of Organic Bananas,Organic Strawana Probugs Kefir,1495,0.00045,0.004,0.23,1.95
Grade A Large Eggs Cage Free Omega 3,Organic Baby Spinach,1361,0.00041,0.149,0.005,1.99
Broccoli Florettes,Strawberries,1396,0.00042,0.181,0.009,4.06
Organic Red Onion,Organic Large Extra Fancy Fuji Apple,2953,0.00088,0.042,0.038,1.79
Organic Black Beans,Organic Kiwi,1360,0.00041,0.034,0.026,2.21
Organic Broccoli,Organic Cucumber,3482,0.00104,0.086,0.041,3.39
Organic Baby Spinach,Total 0% Raspberry Yogurt,1012,0.0003,0.004,0.08,1.07
Organic Large Extra Fancy Fuji Apple,Organic Hothouse Cucumbers,1594,0.00048,0.02,0.064,2.75
Organic Baby Spinach,Organic Sliced Crimini Mushrooms,1880,0.00056,0.007,0.232,3.08
Small Hass Avocado,Organic Large Extra Fancy Fuji Apple,1903,0.00057,0.037,0.024,1.57
Organic Strawberries,1% Lowfat Milk,2490,0.00074,0.009,0.169,2.06
Organic Tomato Paste,Large Lemon,2040,0.00061,0.111,0.013,2.32
Organic Kiwi,Organic Ginger Root,2082,0.00062,0.04,0.038,2.48
Organic Sticks Low Moisture Part Skim Mozzarella String Cheese,Strawberries,2105,0.00063,0.059,0.014,1.33
Tomato Sauce,Limes,1183,0.00035,0.088,0.008,2.01
Garlic,Organic Grape Tomatoes,1713,0.00051,0.044,0.019,1.69
Organic Baby Rainbow Carrots,Large Lemon,1463,0.00044,0.071,0.009,1.48
Organic Italian Salad,Organic Hass Avocado,1227,0.00037,0.113,0.006,1.72
Pure Irish Butter,Organic Hass Avocado,3586,0.00107,0.101,0.016,1.54
Whole Almonds,Organic Avocado,1645,0.00049,0.127,0.009,2.31
Corn Tortillas,Organic Avocado,2464,0.00074,0.159,0.013,2.88
100% Raw Coconut Water,Organic Granny Smith Apple,1481,0.00044,0.038,0.024,2.06
Fresh Cauliflower,Organic Lacinato (Dinosaur) Kale,3883,0.00116,0.052,0.087,3.9
Organic Cannellini Beans,Organic Yellow Onion,1214,0.00036,0.149,0.01,4.22
Organic Italian Parsley Bunch,Cucumber Kirby,3594,0.00107,0.057,0.036,1.91
Organic Baby Spinach,Organic Cheese Frozen Pizza,1632,0.00049,0.006,0.11,1.46
Organic Strawberries,Romaine Hearts,3292,0.00098,0.012,0.122,1.48
Carrots,Large Lemon,7587,0.00227,0.101,0.047,2.1
Organic Leek,Asparagus,1413,0.00042,0.069,0.02,3.25
Tomato Sauce,Large Lemon,1169,0.00035,0.087,0.007,1.81
Apple Honeycrisp Organic,Total 0% Nonfat Greek Yogurt,1330,0.0004,0.015,0.048,1.83
Organic Italian Parsley Bunch,Organic Spring Mix,1158,0.00035,0.018,0.035,1.86
Russet Potato,Organic Baby Spinach,3536,0.00106,0.115,0.014,1.53
Organic Baby Spinach,Organic Kale Greens,1529,0.00046,0.006,0.208,2.77
Unsweetened Coconut Milk Beverage,Organic Hass Avocado,1160,0.00035,0.14,0.005,2.12
Organic Strawberries,Organic Brown Rice,2144,0.00064,0.008,0.144,1.75
Diced Tomatoes,Bag of Organic Bananas,1543,0.00046,0.107,0.004,0.9
Organic Nectarine,Organic Baby Spinach,2057,0.00061,0.156,0.008,2.07
Unsweetened Coconut Milk Beverage,Bag of Organic Bananas,1597,0.00048,0.193,0.004,1.64
Organic Raspberries,Organic Chicken Strips,1381,0.00041,0.01,0.119,2.8
Organic Cucumber,Organic Yellow Peaches,1767,0.00053,0.021,0.08,3.16
Organic Italian Parsley Bunch,Organic Peeled Whole Baby Carrots,1657,0.0005,0.026,0.029,1.52
Frozen Organic Wild Blueberries,Green Bell Pepper,1083,0.00032,0.035,0.019,2.02
Organic Homestyle Mini Waffles,Banana,1467,0.00044,0.265,0.003,1.8
Broccoli Florettes,Organic Baby Spinach,1002,0.0003,0.13,0.004,1.73
Organic Strawberries,Vanilla Skyr Style Yogurt,1373,0.00041,0.005,0.149,1.81
Organic Strawberries,Apple Sauce,1390,0.00042,0.005,0.21,2.55
Bag of Organic Bananas,100% Recycled Bath Tissue Rolls,1059,0.00032,0.003,0.205,1.74
Unsalted Butter,Organic Ginger Root,1044,0.00031,0.028,0.019,1.74
Crackers Harvest Whole Wheat,Organic Baby Spinach,1045,0.00031,0.144,0.004,1.92
Large Alfresco Eggs,Organic Baby Carrots,1612,0.00048,0.038,0.02,1.59
Organic Strawberries,Organic Pinto Beans,1674,0.0005,0.006,0.149,1.81
Organic Cucumber,"Super Spinach! Baby Spinach, Baby Bok Choy, Sweet Baby Kale",1012,0.0003,0.012,0.066,2.6
Organic Butternut Squash,Michigan Organic Kale,1338,0.0004,0.065,0.019,3.11
Organic Baby Carrots,Organic Half & Half,2805,0.00084,0.035,0.036,1.48
Feta Cheese Crumbles,Organic Avocado,5059,0.00151,0.15,0.027,2.72
Organic Strawberries,Vanilla Skyr Nonfat Yogurt,2637,0.00079,0.01,0.14,1.69
Organic Garlic,Organic Baby Broccoli,3446,0.00103,0.03,0.104,3.05
Organic Strawberries,Organic Grape Tomatoes,16315,0.00488,0.059,0.185,2.25
Limes,Large Lemon,28998,0.00867,0.198,0.18,4.11
Peanut Butter Creamy With Salt,Banana,2138,0.00064,0.325,0.004,2.22
Red Onion,Organic Zucchini,2113,0.00063,0.048,0.019,1.45
Michigan Organic Kale,Shredded Mild Cheddar Cheese,1059,0.00032,0.015,0.038,1.82
Shallot,Jalapeno Peppers,1332,0.0004,0.073,0.03,5.51
Seedless Red Grapes,Blackberries,1412,0.00042,0.016,0.059,2.27
Large Greenhouse Tomato,Cucumber Kirby,1355,0.0004,0.126,0.014,4.23
Organic Cilantro,Organic Gala Apples,2789,0.00083,0.038,0.037,1.69
Organic Lacinato (Dinosaur) Kale,Organic Garnet Sweet Potato (Yam),2971,0.00089,0.066,0.055,4.07
Organic Roasted Turkey Breast,Organic Cucumber,2158,0.00064,0.073,0.025,2.88
Organic Grade A Free Range Large Brown Eggs,Grated Parmesan,1433,0.00043,0.034,0.031,2.44
Organic Sunday Bacon,Bag of Organic Bananas,3441,0.00103,0.266,0.009,2.26
Organic Heavy Whipping Cream,Organic Strawberries,3726,0.00111,0.146,0.014,1.77
Almonds & Sea Salt in Dark Chocolate,Organic Avocado,1178,0.00035,0.088,0.006,1.6
Organic Yellow Onion,Organic Kiwi,3998,0.00119,0.034,0.077,2.18
Yellow Onions,Total Greek Strained Yogurt,1324,0.0004,0.017,0.048,2.1
Baby Cucumbers,Sinfully Sweet Campari Tomatoes,1373,0.00041,0.091,0.084,18.73
Vanilla Skyr Nonfat Yogurt,Organic Fuji Apple,1092,0.00033,0.058,0.012,2.08
Organic Unsweetened Almond Milk,Organic Gala Apples,2911,0.00087,0.048,0.038,2.14
Hint Of Sea Salt Almond Nut Thins,Organic Hass Avocado,1650,0.00049,0.133,0.007,2.01
Organic Cucumber,Sparkling Natural Mineral Water,1475,0.00044,0.017,0.033,1.3
Original Hummus,Non Fat Raspberry Yogurt,1057,0.00032,0.014,0.062,2.81
Original Hummus,Red Vine Tomato,2182,0.00065,0.029,0.039,1.74
Carrots,Organic Red Cabbage,1566,0.00047,0.021,0.1,4.45
Garlic,Organic Avocado,3774,0.00113,0.098,0.02,1.78
Apple Honeycrisp Organic,Organic AppleApple,1466,0.00044,0.017,0.087,3.35
85% Lean Ground Beef,Cucumber Kirby,1275,0.00038,0.1,0.013,3.35
100 Calorie  Per Bag Popcorn,Organic Raspberries,1129,0.00034,0.084,0.008,1.98
Organic Cannellini Beans,Large Lemon,1005,0.0003,0.123,0.006,2.56
Small Hass Avocado,Banana,15329,0.00458,0.294,0.031,2.0
Apple Honeycrisp Organic,Organic Hass Avocado,15920,0.00476,0.182,0.072,2.76
Organic Blackberries,Organic Kiwi,3265,0.00098,0.051,0.063,3.25
Banana,Whole White Mushrooms,1582,0.00047,0.003,0.243,1.65
Organic Strawberries,Organic Yellow Peaches,7449,0.00223,0.027,0.339,4.11
Strawberries,Roma Tomato,2995,0.0009,0.02,0.071,1.59
Organic Strawberries,Organic Romaine,3907,0.00117,0.014,0.158,1.91
Organic Lemon,Red Peppers,3053,0.00091,0.033,0.052,1.92
Crushed Tomatoes,Organic Yellow Onion,1773,0.00053,0.143,0.015,4.08
Organic Whole Milk,Frozen Broccoli Florets,1364,0.00041,0.01,0.084,1.98
Apple Honeycrisp Organic,Shredded Mozzarella,1037,0.00031,0.012,0.045,1.73
Organic D'Anjou Pears,Organic Roma Tomato,1272,0.00038,0.025,0.042,2.75
Green Beans,Organic Raspberries,1430,0.00043,0.047,0.01,1.11
Roasted Turkey Breast,Cucumber Kirby,1051,0.00031,0.058,0.011,1.93
Bag of Organic Bananas,Organic Thyme,2835,0.00085,0.007,0.14,1.19
Half & Half,Organic Kiwi,1461,0.00044,0.02,0.028,1.31
Organic Large Brown Grade AA Cage Free Eggs,Large Lemon,1301,0.00039,0.039,0.008,0.81
Seedless Red Grapes,Green Beans,1831,0.00055,0.021,0.061,2.34
100% Recycled Paper Towels,Organic Avocado,2318,0.00069,0.08,0.013,1.45
Organic Grade A Free Range Large Brown Eggs,Unsalted Butter,1179,0.00035,0.028,0.032,2.54
Organic Yams,Large Lemon,1534,0.00046,0.073,0.01,1.53
Organic Medium Salsa,Limes,1274,0.00038,0.083,0.009,1.89
Mango Chunks,Pineapple Chunks,3626,0.00108,0.197,0.139,25.27
Pink Lady (Cripps) Apple,Large Lemon,1021,0.00031,0.128,0.006,2.67
Organic Baby Spinach Salad,Organic Avocado,1962,0.00059,0.107,0.011,1.94
Lightly Salted Baked Snap Pea Crisps,Organic Gala Apples,1207,0.00036,0.047,0.016,2.06
Organic Unsweetened Vanilla Almond Milk,Organic Strawberries,2397,0.00072,0.145,0.009,1.77
Organic Strawberries,Organic Thyme,2107,0.00063,0.008,0.104,1.27
Organic Cilantro,Sparkling Water Grapefruit,1887,0.00056,0.026,0.024,1.09
Carrots,Organic Red Chard Greens,1054,0.00031,0.014,0.093,4.12
Organic Large Brown Grade AA Cage Free Eggs,Organic Gala Apples,1818,0.00054,0.055,0.024,2.42
Organic Black Beans,Organic Reduced Fat Milk,1048,0.00031,0.026,0.028,2.4
Bag of Organic Bananas,Serrano Chile Peppers,1037,0.00031,0.003,0.124,1.05
Water,Organic Hass Avocado,1452,0.00043,0.102,0.007,1.55
Organic Baby Spinach,Kale Greens,1203,0.00036,0.005,0.094,1.25
Organic Baby Arugula,Banana,15823,0.00473,0.209,0.032,1.42
Seedless Red Grapes,Sparkling Lemon Water,1172,0.00035,0.014,0.034,1.32
Unsweetened Vanilla Almond Milk,Large Lemon,1813,0.00054,0.066,0.011,1.37
Bag of Organic Bananas,Organic Baby Arugula,12220,0.00365,0.031,0.161,1.37
Organic Strawberries,Marinara Sauce,3548,0.00106,0.013,0.171,2.08
Organic Navel Orange,Grape White/Green Seedless,1242,0.00037,0.028,0.031,2.3
Bag of Organic Bananas,Globe Eggplant,3720,0.00111,0.009,0.208,1.76
Banana,Organic Nonfat Greek Yogurt With Peaches,1220,0.00036,0.002,0.195,1.33
Peach on the Bottom Nonfat Greek Yogurt,Strawberry on the Bottom Nonfat Greek Yogurt,2763,0.00083,0.341,0.349,144.24
Organic Raspberries,Shredded Mozzarella,1328,0.0004,0.009,0.058,1.36
Organic Large Extra Fancy Fuji Apple,Organic Zucchini,5743,0.00172,0.074,0.052,2.25
Sharp Cheddar Cheese,Organic Fuji Apple,1547,0.00046,0.049,0.017,1.77
Honeycrisp Apples,Raspberries,1316,0.00039,0.09,0.022,4.97
Organic Snipped Green Beans,Organic Avocado,2320,0.00069,0.128,0.013,2.32
Organic Strawberries,Organic Large Green Asparagus,4940,0.00148,0.018,0.247,3.0
Spring Water,Cucumber Kirby,1819,0.00054,0.031,0.018,1.05
Organic Strawberries,Non Fat Raspberry Yogurt,2051,0.00061,0.007,0.121,1.47
100% Whole Wheat Bread,Organic Cucumber,2304,0.00069,0.037,0.027,1.44
Organic Strawberries,Organic Apple Slices,1386,0.00041,0.005,0.194,2.36
Pure Irish Butter,Organic Avocado,2543,0.00076,0.072,0.014,1.31
Organic Strawberries,Organic Grade A Large Brown Eggs,1598,0.00048,0.006,0.096,1.17
Organic Apple Juice,Banana,1832,0.00055,0.151,0.004,1.03
Red Raspberries,Carrots,1045,0.00031,0.038,0.014,1.68
Chopped Walnuts,Organic Strawberries,1330,0.0004,0.127,0.005,1.54
Organic Granny Smith Apple,Bartlett Pears,1333,0.0004,0.022,0.036,1.99
Organic Broccoli Crowns,Carrots,1718,0.00051,0.09,0.023,3.99
Tommy/Kent/Keitt/Haden Mango,Limes,1032,0.00031,0.119,0.007,2.72
Organic Baby Spinach,Organic Boneless Skinless Chicken Breast,1269,0.00038,0.005,0.119,1.59
Sparkling Natural Mineral Water,Organic Granny Smith Apple,1179,0.00035,0.026,0.019,1.44
Blueberries,Spinach,1042,0.00031,0.018,0.059,3.38
Organic Large Brown Grade AA Cage Free Eggs,Asparagus,1258,0.00038,0.038,0.018,1.78
Organic Spinach Bunch,Organic Zucchini,1263,0.00038,0.103,0.012,3.14
Organic Strawberries,Honeycrisp Apple,12037,0.0036,0.044,0.144,1.75
Banana,Blue Chips Corn Tortilla Chips,1041,0.00031,0.002,0.194,1.32
Blueberries,2% Reduced Fat Milk,1704,0.00051,0.029,0.044,2.53
Organic Lacinato (Dinosaur) Kale,Organic Red Cabbage,1286,0.00038,0.029,0.082,6.14
Half & Half,Organic Fuji Apple,3841,0.00115,0.054,0.041,1.93
XL Emerald White Seedless Grapes,Organic Hass Avocado,1374,0.00041,0.084,0.006,1.27
Organic Red Bell Pepper,Organic Roma Tomato,1630,0.00049,0.027,0.053,2.98
Broccoli Crown,Fresh Cauliflower,3087,0.00092,0.069,0.042,3.09
Organic White Onions,Organic Avocado,2932,0.00088,0.12,0.016,2.17
100% Whole Wheat Bread,Organic Fat Free Milk,1160,0.00035,0.018,0.042,2.24
Organic Leek,Organic Raspberries,1754,0.00052,0.086,0.012,2.01
Natural Premium Coconut Water,Organic Hass Avocado,1272,0.00038,0.103,0.006,1.56
Unsweetened Coconut Milk Beverage,Organic Baby Spinach,1284,0.00038,0.155,0.005,2.06
Organic Garlic,Unsalted Butter,3519,0.00105,0.031,0.095,2.79
Berry Medley,Organic Avocado,2066,0.00062,0.139,0.011,2.52
Natural Artisan Water,Organic Hass Avocado,1112,0.00033,0.096,0.005,1.46
Vanilla Almond Breeze Almond Milk,Organic Whole Milk,1257,0.00038,0.039,0.009,0.91
Organic Yellow Onion,Feta Cheese Crumbles,2606,0.00078,0.022,0.077,2.19
Kiwi Sandia Sparkling Water,Curate Melon Pomelo Sparking Water,2351,0.0007,0.245,0.319,111.05
Organic D'Anjou Pears,Limes,4113,0.00123,0.081,0.028,1.85
Seedless Red Grapes,Green Bell Pepper,2410,0.00072,0.028,0.042,1.6
Yellow Onions,Raspberries,1334,0.0004,0.017,0.022,0.95
Organic Raspberries,Berry Medley,1056,0.00032,0.007,0.071,1.66
Limes,Organic Dill,1867,0.00056,0.013,0.113,2.57
Organic Whole Cashews,Large Lemon,1032,0.00031,0.078,0.006,1.62
Pure Sparkling Water,Half & Half,1815,0.00054,0.06,0.025,2.82
Organic Yellow Onion,Organic Sliced Crimini Mushrooms,1102,0.00033,0.009,0.136,3.86
Grated Parmesan,Organic Garnet Sweet Potato (Yam),1776,0.00053,0.038,0.033,2.32
Organic Large Brown Grade AA Cage Free Eggs,Organic Fat Free Milk,1050,0.00031,0.032,0.038,3.86
Banana,"Bread, Country Buttermilk",1255,0.00038,0.003,0.191,1.3
Organic Roma Tomato,Michigan Organic Kale,1630,0.00049,0.053,0.023,2.55
Pretzel Crisps Original Deli Style Pretzel Crackers,Sparkling Water Grapefruit,1108,0.00033,0.067,0.014,2.82
Organic Unsalted Butter,Organic Large Extra Fancy Fuji Apple,1018,0.0003,0.046,0.013,1.96
Organic Bunny Fruit Snacks Berry Patch,Organic Hass Avocado,1627,0.00049,0.117,0.007,1.78
Blueberries,Hass Avocados,1676,0.0005,0.029,0.032,1.83
Organic Lacinato (Dinosaur) Kale,Organic Basil,1258,0.00038,0.028,0.045,3.37
Organic Strawberries,Total 2% with Strawberry Lowfat Greek Strained Yogurt,4840,0.00145,0.018,0.157,1.9
Florida Orange Juice With Calcium & Vitamin D,Bag of Organic Bananas,1234,0.00037,0.168,0.003,1.43
Natural Chicken & Sage Breakfast Sausage,Organic Raspberries,1321,0.00039,0.087,0.009,2.05
Salted Sweet Cream Butter,Banana,1115,0.00033,0.171,0.002,1.17
Organic Chicken & Apple Sausage,Banana,2697,0.00081,0.2,0.005,1.36
Banana,Total 2% Lowfat Greek Strained Yogurt with Peach,6021,0.0018,0.012,0.293,2.0
Nonfat Icelandic Style Strawberry Yogurt,Organic Baby Spinach,1233,0.00037,0.112,0.005,1.49
Organic Cottage Cheese,Banana,1719,0.00051,0.21,0.003,1.43
Organic Sticks Low Moisture Part Skim Mozzarella String Cheese,Banana,7879,0.00235,0.222,0.016,1.51
Seedless Red Grapes,Organic Cilantro,2544,0.00076,0.029,0.035,1.34
Clementines,Organic Half & Half,1566,0.00047,0.049,0.02,2.06
Garlic,Honeycrisp Apple,1668,0.0005,0.043,0.02,1.74
Organic Cucumber,Unsalted Butter,1031,0.00031,0.012,0.028,1.09
Green Bell Pepper,Globe Eggplant,1297,0.00039,0.022,0.072,4.18
Large Alfresco Eggs,Organic Large Extra Fancy Fuji Apple,1810,0.00054,0.043,0.023,1.84
Organic Lemon,Organic Avocado,5716,0.00171,0.063,0.031,1.14
Organic Granny Smith Apple,Grape White/Green Seedless,2234,0.00067,0.037,0.055,3.02
Yellow Bell Pepper,Carrots,1543,0.00046,0.058,0.021,2.58
Organic Baby Spinach,Organic Golden Delicious Apple,1309,0.00039,0.005,0.128,1.7
Organic Yellow Onion,Organic Old Fashioned Rolled Oats,1736,0.00052,0.015,0.083,2.36
Bag of Organic Bananas,Good Seed Organic Thin Sliced Bread,1328,0.0004,0.003,0.228,1.93
Bag of Organic Bananas,Vanilla Ice Cream,1372,0.00041,0.003,0.109,0.93
Passionfruit Sparkling Water,Grapefruit Sparkling Water,1216,0.00036,0.152,0.078,32.69
Strawberries,Organic Spring Mix,2492,0.00074,0.017,0.075,1.68
Total 0% Greek Yogurt,Half & Half,1068,0.00032,0.039,0.015,1.83
Organic Vegetable Broth,Organic Zucchini,1308,0.00039,0.108,0.012,3.3
Organic Baby Spinach,Organic Roma Tomato,5646,0.00169,0.022,0.185,2.46
Organic Celery Hearts,Organic Tomato Cluster,1392,0.00042,0.056,0.021,2.8
Banana,Organic Spring Mix Salad,4808,0.00144,0.01,0.217,1.48
Bag of Organic Bananas,Organic Mixed Vegetables,2478,0.00074,0.006,0.241,2.04
Garlic,Organic Blueberries,1741,0.00052,0.045,0.017,1.44
Fresh Ginger Root,Organic Italian Parsley Bunch,1161,0.00035,0.046,0.018,2.43
Russet Potato,Strawberries,2198,0.00066,0.072,0.015,1.6
Seedless Red Grapes,Strawberries,10588,0.00316,0.122,0.071,2.73
Organic Lemon,Organic Sticks Low Moisture Part Skim Mozzarella String Cheese,1450,0.00043,0.016,0.041,1.5
Plain Greek Yogurt,Bag of Organic Bananas,2985,0.00089,0.208,0.008,1.76
Apple Honeycrisp Organic,Organic Zucchini,6377,0.00191,0.073,0.058,2.23
Organic Navel Orange,Organic Ginger Root,1920,0.00057,0.043,0.035,2.66
Bag of Organic Bananas,Organic Whole Wheat Penne Rigate,1061,0.00032,0.003,0.186,1.58
"Cage Free Brown Eggs-Large, Grade A",Large Lemon,1238,0.00037,0.094,0.008,1.96
Granny Smith Apples,Organic Hass Avocado,1428,0.00043,0.038,0.006,0.58
Bag of Organic Bananas,Organic Lite Coconut Milk,1311,0.00039,0.003,0.158,1.34
Organic Coconut Milk,Organic Whole Milk,2248,0.00067,0.079,0.016,1.86
Organic Yellow Onion,Red Vine Tomato,4117,0.00123,0.035,0.073,2.07
Organic Strawberries,Organic Sea Salt Roasted Seaweed Snacks,2143,0.00064,0.008,0.2,2.43
Organic Grade A Free Range Large Brown Eggs,Jalapeno Peppers,1162,0.00035,0.028,0.026,2.09
Sour Cream,Limes,2339,0.0007,0.104,0.016,2.37
Cherubs Heavenly Salad Tomatoes,Large Lemon,1891,0.00057,0.084,0.012,1.74
Organic Yellow Onion,Shredded Mozzarella,1805,0.00054,0.015,0.079,2.24
Yellow Onions,Brussels Sprouts,1273,0.00038,0.017,0.054,2.36
Strawberries,Vanilla Skyr Nonfat Yogurt,1203,0.00036,0.008,0.064,1.43
Bag of Organic Bananas,Fuji Apples,1167,0.00035,0.003,0.228,1.93
Organic Sticks Low Moisture Part Skim Mozzarella String Cheese,"YoKids Squeezers Organic Low-Fat Yogurt, Strawberry",1030,0.00031,0.029,0.051,4.77
Cold Brew Coffee,Organic Hass Avocado,1231,0.00037,0.133,0.006,2.02
Mild Diced Green Chiles,Organic Yellow Onion,1049,0.00031,0.163,0.009,4.63
Organic Strawberries,Bartlett Pears,3891,0.00116,0.014,0.106,1.29
Total 0% Greek Yogurt,Large Lemon,2270,0.00068,0.083,0.014,1.74
Organic Bunny Fruit Snacks Berry Patch,Organic Summer Strawberry Bunny Fruit Snacks,2328,0.0007,0.168,0.178,43.13
Organic Fancy Shredded Mozzarella Cheese,Bag of Organic Bananas,1065,0.00032,0.213,0.003,1.8
Bag of Organic Bananas,Organic Green Leaf Lettuce,2433,0.00073,0.006,0.166,1.41
Diced Tomatoes,Organic Baby Spinach,1871,0.00056,0.129,0.007,1.72
Organic Tomato Cluster,Organic Spring Mix Salad,1160,0.00035,0.017,0.052,2.62
Organic Blackberries,Extra Virgin Olive Oil,1279,0.00038,0.02,0.024,1.27
Organic Extra Firm Tofu,Organic Garbanzo Beans,1728,0.00052,0.057,0.055,6.11
Red Peppers,Shredded Mild Cheddar Cheese,1064,0.00032,0.018,0.038,2.2
Limes,Organic Basil,3583,0.00107,0.024,0.128,2.93
Bag of Organic Bananas,Red Plums,1329,0.0004,0.003,0.146,1.24
Shredded Parmesan,Uncured Genoa Salami,1263,0.00038,0.034,0.029,2.59
Banana,Green Peas,3348,0.001,0.007,0.285,1.94
Cherry Pomegranate Greek Yogurt,Total 2% Greek Strained Yogurt with Cherry 5.3 oz,1120,0.00033,0.159,0.06,28.38
Organic Broccoli,Organic Yellow Onion,4304,0.00129,0.107,0.037,3.03
Roma Tomato,Organic Zucchini,1929,0.00058,0.046,0.018,1.4
Yellow Onions,Sparkling Water Grapefruit,2547,0.00076,0.033,0.032,1.4
Organic Coconut Milk,Michigan Organic Kale,1877,0.00056,0.066,0.027,3.17
Organic American Cheese Singles,Organic Whole Milk,1980,0.00059,0.106,0.014,2.48
Organic Romaine Lettuce,Asparagus,1578,0.00047,0.044,0.022,2.06
Organic Large Extra Fancy Fuji Apple,Organic Spring Mix,1193,0.00036,0.015,0.036,1.54
Air Chilled Breaded Chicken Breast Nuggets,Organic Baby Spinach,1117,0.00033,0.126,0.004,1.67
Organic Strawberries,YoKids Strawberry Banana/Strawberry Yogurt,1726,0.00052,0.006,0.248,3.01
Organic Chicken & Apple Sausage,Organic Baby Spinach,2250,0.00067,0.167,0.009,2.22
Organic Hothouse Cucumbers,Organic Grape Tomatoes,2653,0.00079,0.107,0.03,4.06
Organic Grape Tomatoes,Red Onion,2204,0.00066,0.025,0.05,1.88
Marinara Sauce,Organic Whole Milk,1606,0.00048,0.077,0.011,1.81
Organic Baby Spinach,Organic Cripps Pink Apples,1704,0.00051,0.007,0.126,1.67
Organic Broccoli,Organic Tomato Cluster,1814,0.00054,0.045,0.027,2.25
Spinach Peas & Pear Stage 2 Baby Food,Baby Food Stage 2 Blueberry Pear & Purple Carrot,2529,0.00076,0.305,0.278,111.96
Organic Baby Spinach,Organic Rolled Oats,1167,0.00035,0.005,0.176,2.34
Whole Milk Ricotta Cheese,Organic Zucchini,1155,0.00035,0.107,0.011,3.28
Bag of Organic Bananas,Vanilla Pure Almond Milk,2155,0.00064,0.005,0.181,1.53
Gluten Free SpongeBob Spinach Littles,Organic Hass Avocado,1070,0.00032,0.146,0.005,2.21
Bag of Organic Bananas,Organic Cane Sugar,1230,0.00037,0.003,0.181,1.53
Bag of Organic Bananas,Organic Half & Half,14213,0.00425,0.036,0.18,1.52
Organic Red Delicious Apple,Organic Granny Smith Apple,1317,0.00039,0.092,0.022,5.03
Organic Baby Spinach,Organic Red Cabbage,2882,0.00086,0.011,0.184,2.45
Organic Lemon,Organic Cilantro,5732,0.00171,0.063,0.078,2.88
Organic Whole Milk,Organic Kiwi,5163,0.00154,0.036,0.099,2.33
Organic Dill,Organic Hass Avocado,2463,0.00074,0.149,0.011,2.25
Garlic,Organic Small Bunch Celery,1532,0.00046,0.04,0.022,1.88
Organic Red Chard Greens,Organic Hass Avocado,1859,0.00056,0.164,0.008,2.48
Apple Honeycrisp Organic,Shredded Mild Cheddar Cheese,1265,0.00038,0.014,0.045,1.74
Total 2% All Natural Greek Strained Yogurt with Honey,Organic Raspberries,1674,0.0005,0.07,0.012,1.65
Banana,Almond Breeze Original Almond Milk,3223,0.00096,0.007,0.282,1.92
Strawberries,Organic AppleApple,1358,0.00041,0.009,0.081,1.81
Organic Carrot Bunch,Extra Virgin Olive Oil,1096,0.00033,0.029,0.021,1.87
Organic Strawberries,Organic Quick Oats,1697,0.00051,0.006,0.166,2.01
Natural Classic Pork Breakfast Sausage,Organic Baby Spinach,1083,0.00032,0.127,0.004,1.69
Mango Chunks,Organic Baby Carrots,1112,0.00033,0.06,0.014,2.51
Apple Honeycrisp Organic,Grated Parmesan,2763,0.00083,0.032,0.059,2.26
Diet Ginger Ale All Natural Soda,Banana,1066,0.00032,0.167,0.002,1.13
Organic Italian Parsley Bunch,Organic Unsweetened Almond Milk,2187,0.00065,0.035,0.036,1.93
Organic Yellow Peaches,Organic Grape Tomatoes,1458,0.00044,0.066,0.017,2.52
Organic Baby Spinach,Organic Smoked Turkey Breast,1083,0.00032,0.004,0.143,1.9
Seedless Red Grapes,Organic Navel Orange,2528,0.00076,0.029,0.057,2.18
Organic Strawberries,Crackers Cheddar Bunnies Snack Packs,3141,0.00094,0.011,0.246,2.99
Organic Cilantro,Organic Spring Mix,1210,0.00036,0.017,0.037,1.67
Grilled Chicken Breast Strips,Banana,1398,0.00042,0.199,0.003,1.35
Strawberries,Total 0% Nonfat Plain Greek Yogurt,1091,0.00033,0.007,0.072,1.61
Bing Cherries,Limes,1154,0.00034,0.078,0.008,1.77
100% Raw Coconut Water,Organic Fuji Apple,1028,0.00031,0.026,0.011,0.94
Organic Reduced Fat 2% Milk,Extra Virgin Olive Oil,1103,0.00033,0.022,0.021,1.43
Fresh Cauliflower,Organic Rainbow Carrots,1323,0.0004,0.018,0.087,3.9
Roasted Red Pepper Hummus,Organic Baby Carrots,1134,0.00034,0.064,0.014,2.64
Cheddar Bunnies Snack Crackers,Banana,2949,0.00088,0.269,0.006,1.83
Half & Half,Asparagus,1947,0.00058,0.027,0.027,1.28
Organic Red Onion,Sparkling Water Grapefruit,2279,0.00068,0.032,0.029,1.36
Bunched Cilantro,Red Onion,4394,0.00131,0.093,0.099,6.97
Organic Red Onion,Organic Strawberries,9850,0.00294,0.139,0.036,1.69
Organic Garlic,Organic Sour Cream,2914,0.00087,0.026,0.105,3.09
Organic Whole Milk,Organic Large Brown Grade AA Cage Free Eggs,1585,0.00047,0.011,0.048,1.12
Veggie Chips,Organic Strawberries,1326,0.0004,0.152,0.005,1.85
Organic Baby Spinach,Grape White/Green Seedless,5733,0.00171,0.023,0.142,1.88
Broccoli Crown,Cucumber Kirby,4593,0.00137,0.102,0.046,3.43
Seedless Red Grapes,Organic Avocado,8261,0.00247,0.095,0.045,1.73
Banana,Organic Penne Rigate,1390,0.00042,0.003,0.178,1.21
Kidz All Natural Baked Chicken Nuggets,Bag of Organic Bananas,1396,0.00042,0.188,0.004,1.59
Organic Large Brown Eggs,Large Lemon,1954,0.00058,0.131,0.012,2.73
Organic Italian Parsley Bunch,Honeycrisp Apple,2248,0.00067,0.036,0.027,1.43
Emmentaler Swiss Slices,Banana,1945,0.00058,0.227,0.004,1.54
Bag of Organic Bananas,Organic Red On the Vine Tomato,3129,0.00094,0.008,0.264,2.24
Organic Lacinato (Dinosaur) Kale,Organic Granny Smith Apple,2703,0.00081,0.06,0.044,3.3
Organic Tomato Cluster,Organic Ginger Root,3188,0.00095,0.048,0.059,2.95
Italian Sparkling Mineral Water,Apple Honeycrisp Organic,1582,0.00047,0.049,0.018,1.89
Organic Carrot Bunch,Organic Green Cabbage,1038,0.00031,0.028,0.047,4.18
Organic Mini Sandwich Crackers Peanut Butter,Bag of Organic Bananas,2005,0.0006,0.274,0.005,2.32
Organic Large Extra Fancy Fuji Apple,Organic Cilantro,2914,0.00087,0.037,0.04,1.71
Bag of Organic Bananas,Organic  Whole Milk,2924,0.00087,0.007,0.289,2.45
Organic Cilantro,Organic Jalapeno Pepper,4434,0.00133,0.061,0.21,9.62
Fat Free Blueberry Yogurt,Total 0% with Honey Nonfat Greek Strained Yogurt,1596,0.00048,0.215,0.137,62.01
Bartlett Pears,Asparagus,1427,0.00043,0.039,0.02,1.83
Banana,Butterhead Lettuce,1035,0.00031,0.002,0.166,1.13
Organic Rosemary,Organic Italian Parsley Bunch,1356,0.00041,0.126,0.022,6.68
Organic Yams,Organic Avocado,1991,0.0006,0.095,0.011,1.73
Organic Shredded Carrots,Organic Avocado,2701,0.00081,0.128,0.015,2.33
Organic Italian Parsley Bunch,Asparagus,3310,0.00099,0.053,0.047,2.47
Organic Blueberries,Pineapple Chunks,1445,0.00043,0.014,0.056,1.77
Brussels Sprouts,Organic Hass Avocado,2240,0.00067,0.096,0.01,1.45
Unsalted Pure Irish Butter,Organic Raspberries,1477,0.00044,0.072,0.01,1.68
Pure Sparkling Water,Organic Whole Milk,1494,0.00045,0.05,0.01,1.17
Banana,Apple Juice,2045,0.00061,0.004,0.242,1.65
Small Hass Avocado,Boneless Skinless Chicken Breasts,1514,0.00045,0.029,0.029,1.86
Organic Sticks Low Moisture Part Skim Mozzarella String Cheese,Organic Roasted Turkey Breast,1318,0.00039,0.037,0.045,4.2
Bag of Organic Bananas,Tuna Salad,1212,0.00036,0.003,0.194,1.64
"Parsley, Italian (Flat), New England Grown",Large Lemon,1166,0.00035,0.128,0.007,2.66
Shredded Mozzarella,Unsalted Butter,1027,0.00031,0.045,0.028,4.04
Bag of Organic Bananas,Smoked Turkey Breast Slices,1495,0.00045,0.004,0.147,1.24
Organic Fat Free Milk,Honeycrisp Apple,1271,0.00038,0.046,0.015,1.86
Saltine Crackers,Banana,1595,0.00048,0.222,0.003,1.51
Banana,Sea Salt Caramel Gelato,1374,0.00041,0.003,0.197,1.34
Organic Baby Spinach,Organic Fuji Apple,9721,0.00291,0.039,0.105,1.39
Organic Gala Apples,Organic Hass Avocado,12146,0.00363,0.161,0.055,2.43
Green Bell Pepper,Organic Hass Avocado,8032,0.0024,0.138,0.036,2.1
Seedless Red Grapes,Organic Hass Avocado,8308,0.00248,0.096,0.038,1.45
Organic Blackberries,Organic Baby Broccoli,1054,0.00031,0.016,0.032,1.65
Organic Small Bunch Celery,Organic Ginger Root,5472,0.00164,0.077,0.101,4.79
Small Hass Avocado,Organic Red Onion,2604,0.00078,0.05,0.037,2.36
Whole Milk Plain Yogurt,Organic Zucchini,1112,0.00033,0.07,0.01,2.15
Bag of Organic Bananas,Kids Organic Chocolate Chip ZBars,2407,0.00072,0.006,0.197,1.66
Jalapeno Hummus,Organic Baby Spinach,1225,0.00037,0.153,0.005,2.03
Michigan Organic Kale,Grated Parmesan,2177,0.00065,0.031,0.046,2.21
Seedless Red Grapes,Organic Romaine Lettuce,1468,0.00044,0.017,0.041,1.57
Bag of Organic Bananas,Raisins,1093,0.00033,0.003,0.134,1.14
Whole Milk,Carrots,1031,0.00031,0.028,0.014,1.24
Organic Large Extra Fancy Fuji Apple,Large Grapefruit,1143,0.00034,0.015,0.051,2.2
Organic Baby Spinach,Organic White Onions,4432,0.00132,0.018,0.181,2.41
Organic Lacinato (Dinosaur) Kale,Honeycrisp Apple,1750,0.00052,0.039,0.021,1.57
Organic AppleApple,Large Lemon,1256,0.00038,0.075,0.008,1.56
Organic Whole Milk,Organic Small Curd Cottage Cheese,1584,0.00047,0.011,0.132,3.1
Organic D'Anjou Pears,Organic Ginger Root,1882,0.00056,0.037,0.035,2.29
Organic Coconut Milk,Organic Granny Smith Apple,1039,0.00031,0.037,0.017,2.01
Organic Mint,Organic Ginger Root,2302,0.00069,0.112,0.043,6.95
Organic Milk,Original Hummus,1343,0.0004,0.047,0.018,2.1
Bag of Organic Bananas,Organic Red Chard Greens,2135,0.00064,0.005,0.188,1.59
Organic Broccoli Florets,Organic Peeled Whole Baby Carrots,1297,0.00039,0.038,0.022,2.19
Supergreens!,Organic Hass Avocado,1674,0.0005,0.178,0.008,2.69
Light Brown Sugar,Organic Garlic,1177,0.00035,0.085,0.01,2.5
Organic Heavy Whipping Cream,Large Lemon,2295,0.00069,0.09,0.014,1.87
Organic Unsweetened Vanilla Almond Milk,Organic Baby Spinach,3129,0.00094,0.19,0.012,2.52
Banana,Gluten Free 7 Grain Bread,1337,0.0004,0.003,0.15,1.02
Organic Strawberries,Lemon Yogurt,1125,0.00034,0.004,0.12,1.46
Organic Raspberries,Organic Jalapeno Pepper,1674,0.0005,0.012,0.079,1.86
Organic Strawberries,Organic Bell Pepper,5000,0.00149,0.018,0.205,2.5
Shredded Mild Cheddar Cheese,Organic Zucchini,1685,0.0005,0.061,0.015,1.85
Organic Broccoli Crowns,Small Hass Avocado,1069,0.00032,0.056,0.021,3.58
Bag of Organic Bananas,Organic Cannellini Beans,1447,0.00043,0.004,0.177,1.5
Organic Baby Kale,Organic Grape Tomatoes,1380,0.00041,0.073,0.016,2.76
Tilapia Filet,Organic Raspberries,1122,0.00034,0.074,0.008,1.73
Organic Cilantro,Organic Dill,1735,0.00052,0.024,0.105,4.79
Butterhead Lettuce,Organic Hass Avocado,1013,0.0003,0.163,0.005,2.46
Organic Baby Kale,Cucumber Kirby,1296,0.00039,0.068,0.013,2.29
Organic Shredded Carrots,Organic Blueberries,1056,0.00032,0.05,0.01,1.6
Half & Half,Red Vine Tomato,1535,0.00046,0.021,0.027,1.27
Fresh Cauliflower,Organic Whole Milk,5452,0.00163,0.073,0.038,1.72
Total 2% with Strawberry Lowfat Greek Strained Yogurt,Organic Gala Apples,1585,0.00047,0.051,0.021,2.27
Organic Yellow Peaches,Organic Bartlett Pear,1538,0.00046,0.07,0.04,6.05
Organic Snipped Green Beans,Organic Yellow Onion,1326,0.0004,0.073,0.011,2.07
Organic Raspberries,Unsweetened Original Almond Breeze Almond Milk,1650,0.00049,0.012,0.046,1.07
Yellow Onions,Organic Red Bell Pepper,3234,0.00097,0.042,0.054,2.35
Organic Strawberries,Organic Unsweetened Almond Milk,8951,0.00268,0.032,0.149,1.81
Banana,Sparkling Water Grapefruit,16454,0.00492,0.033,0.208,1.41
Organic Red Bell Pepper,Organic Bartlett Pear,1857,0.00055,0.031,0.048,2.68
Whole Almonds,Organic Baby Spinach,2067,0.00062,0.16,0.008,2.13
Organic Strawberries,Green Bell Pepper,8339,0.00249,0.03,0.144,1.75
Organic Broccoli Florets,Organic D'Anjou Pears,1233,0.00037,0.036,0.024,2.37
Italian Sparkling Mineral Water,Organic Garlic,2258,0.00067,0.07,0.02,2.07
Organic Bread with 21 Whole Grains,Original Hummus,1441,0.00043,0.06,0.019,2.71
Kids Organic Chocolate Chip ZBars,Organic Hass Avocado,1540,0.00046,0.126,0.007,1.9
Banana,Organic Yellow Squash,1733,0.00052,0.004,0.149,1.02
Organic Mango,Organic Kiwi,1048,0.00031,0.108,0.02,6.95
Limes,Organic Raw Kombucha Gingerade,1208,0.00036,0.008,0.056,1.28
Celery Hearts,Fresh Cauliflower,1149,0.00034,0.084,0.015,3.77
Organic Green Seedless Grapes,Organic Avocado,1531,0.00046,0.069,0.008,1.25
Red Vine Tomato,Whipped Cream Cheese,1004,0.0003,0.018,0.031,1.84
Broccoli Florettes,Hass Avocados,1345,0.0004,0.175,0.026,11.14
Organic Turkey Bacon,Organic Avocado,1360,0.00041,0.086,0.007,1.55
Clementines,Organic Baby Carrots,1601,0.00048,0.05,0.02,2.07
Organic Lemon,Cucumber Kirby,2990,0.00089,0.033,0.03,1.1
Organic Bread with 21 Whole Grains,Organic Cucumber,1334,0.0004,0.056,0.016,2.19
Organic Unsweetened Almond Milk,Organic Spring Mix,1171,0.00035,0.019,0.035,1.97
Organic Raspberry Lowfat Yogurt,"Yogurt, Lowfat, Strawberry",2037,0.00061,0.373,0.246,150.9
Organic Large Green Asparagus,Organic Small Bunch Celery,1421,0.00042,0.071,0.02,3.36
Plain Greek Yogurt,Banana,2361,0.00071,0.165,0.005,1.12
Bunched Cilantro,Organic Jalapeno Pepper,1424,0.00043,0.03,0.067,4.76
Boneless Skinless Chicken Breast,Red Peppers,1608,0.00048,0.068,0.028,3.93
Orange Bell Pepper,Banana,10624,0.00318,0.259,0.022,1.76
Strawberries,Organic Baby Spinach,14401,0.0043,0.096,0.057,1.28
Original Hummus,Organic Ginger Root,1809,0.00054,0.024,0.033,1.51
Organic Baby Broccoli,Organic Peeled Whole Baby Carrots,1030,0.00031,0.031,0.018,1.8
Organic Reduced Fat 2% Milk,Organic Bartlett Pear,1591,0.00048,0.032,0.041,2.79
Toasted Coconut Almondmilk Blend,Organic Hass Avocado,1644,0.00049,0.123,0.007,1.86
Organic Avocado,Spinach,1342,0.0004,0.007,0.076,1.38
Frozen Organic Wild Blueberries,Fresh Cauliflower,1606,0.00048,0.052,0.022,2.34
100% Whole Wheat Bread,Small Hass Avocado,1358,0.00041,0.022,0.026,1.38
Sharp Cheddar Cheese,Organic Strawberries,3780,0.00113,0.12,0.014,1.46
Organic Whole Strawberries,Organic Blackberries,2169,0.00065,0.066,0.034,3.44
Organic Baby Arugula,Michigan Organic Kale,3861,0.00115,0.051,0.055,2.43
Yellow Onions,Large Lemon,11504,0.00344,0.15,0.072,3.11
Organic Bell Pepper,Organic Garnet Sweet Potato (Yam),1102,0.00033,0.045,0.02,2.78
Honey Yoghurt,Coconut Yoghurt,1038,0.00031,0.106,0.158,53.99
Organic Roma Tomato,Organic Ginger Root,1694,0.00051,0.056,0.031,3.43
Organic Red Onion,Organic Red Cabbage,1677,0.0005,0.024,0.107,5.07
Organic Baby Arugula,Organic Baby Kale,1202,0.00036,0.016,0.063,2.8
Large Grapefruit,Organic Granny Smith Apple,1300,0.00039,0.058,0.021,3.19
Apple Honeycrisp Organic,"YoKids Squeezers Organic Low-Fat Yogurt, Strawberry",1254,0.00037,0.014,0.062,2.36
Organic Cucumber,Red Vine Tomato,2307,0.00069,0.027,0.041,1.6
Organic Carrot Bunch,Fresh Cauliflower,2872,0.00086,0.076,0.039,3.45
Unsweetened Almondmilk,Organic Kiwi,1295,0.00039,0.025,0.025,1.61
Bag of Organic Bananas,Romaine Lettuce,1007,0.0003,0.003,0.092,0.78
Soda,Raspberries,1331,0.0004,0.036,0.022,1.96
Organic Baby Spinach,Organic Red Lentils,1776,0.00053,0.007,0.218,2.9
No Salt Added Black Beans,Organic Unsweetened Almond Milk,1194,0.00036,0.041,0.02,2.28
Organic Strawberries,Thick & Crispy Tortilla Chips,1005,0.0003,0.004,0.129,1.56
Lightly Salted Baked Snap Pea Crisps,Organic Half & Half,1002,0.0003,0.039,0.013,1.64
Shredded Parmesan,Sharp Cheddar Cheese,1001,0.0003,0.027,0.032,2.83
Fresh Cauliflower,Michigan Organic Kale,4859,0.00145,0.065,0.069,3.13
Organic Blackberries,Organic Blueberries,6828,0.00204,0.106,0.065,3.37
Pineapple,Organic Baby Spinach,1251,0.00037,0.164,0.005,2.18
Apple Honeycrisp Organic,Organic Jalapeno Pepper,1017,0.0003,0.012,0.048,1.85
Extra Virgin Olive Oil,Organic Zucchini,3115,0.00093,0.06,0.028,1.82
Organic Red Bell Pepper,Bag of Organic Bananas,13606,0.00407,0.227,0.034,1.93
Baby Spinach,Banana,5205,0.00156,0.214,0.011,1.46
Bag of Organic Bananas,Uncured Genoa Salami,7971,0.00238,0.02,0.184,1.56
Organic Spring Mix,Organic Baby Carrots,1932,0.00058,0.058,0.024,2.42
Organic Whole String Cheese,Organic Green Seedless Grapes,1425,0.00043,0.023,0.064,3.46
Natural Artisan Water,Organic Strawberries,1193,0.00036,0.103,0.004,1.26
Large Alfresco Eggs,Organic Garnet Sweet Potato (Yam),2018,0.0006,0.048,0.037,2.93
Shredded Mild Cheddar Cheese,Organic Hass Avocado,3488,0.00104,0.125,0.016,1.9
Total 2% Lowfat Greek Strained Yogurt With Blueberry,Total 2% All Natural Greek Strained Yogurt with Honey,4019,0.0012,0.188,0.169,26.35
Bag of Organic Bananas,Organic Sliced White Mushrooms,1820,0.00054,0.005,0.214,1.81
Organic Red Bell Pepper,Spring Water,1051,0.00031,0.018,0.018,1.01
Organic Diced Tomatoes,Fresh Cauliflower,1254,0.00037,0.055,0.017,2.48
Organic Garlic,White Corn,1860,0.00056,0.016,0.096,2.82
Organic Strawana Probugs Kefir,Organic Hass Avocado,1108,0.00033,0.17,0.005,2.58
Total 0% Nonfat Plain Greek Yogurt,Cucumber Kirby,1134,0.00034,0.075,0.011,2.5
Original Hummus,Whipped Cream Cheese,2126,0.00064,0.029,0.066,2.97
Shredded Mild Cheddar Cheese,Organic Sour Cream,1287,0.00038,0.046,0.046,5.58
100% Recycled Paper Towels,Strawberries,1015,0.0003,0.035,0.007,0.78
Organic Large Extra Fancy Fuji Apple,Organic Fat Free Milk,1276,0.00038,0.016,0.047,2.0
Marinara Pasta Sauce,Cucumber Kirby,1020,0.0003,0.088,0.01,2.96
100% Raw Coconut Water,Organic Italian Parsley Bunch,1260,0.00038,0.032,0.02,1.7
Organic Banana,Organic Blueberries,1421,0.00042,0.068,0.014,2.16
Organic Leek,Organic Small Bunch Celery,2430,0.00073,0.119,0.034,5.63
Organic Acai Berry Smoothie Packs,Bag of Organic Bananas,1322,0.0004,0.264,0.003,2.24
Organic Garlic,Organic Banana,1278,0.00038,0.011,0.061,1.79
Organic Carrot Bunch,Organic Cucumber,3246,0.00097,0.086,0.038,3.4
Organic Small Bunch Celery,Honeycrisp Apple,2540,0.00076,0.036,0.03,1.44
Organic Lemon,Organic Fuji Apple,3243,0.00097,0.036,0.035,1.28
Organic Zucchini,Organic Bosc Pear,2089,0.00062,0.019,0.094,2.89
Bag of Organic Bananas,Lemon Hummus,3011,0.0009,0.008,0.176,1.5
Pure Sparkling Water,Organic Raspberries,1785,0.00053,0.059,0.013,1.4
Organic Russet Potato,Organic Granny Smith Apple,1366,0.00041,0.041,0.022,2.22
Organic Fuji Apple,Organic Small Bunch Celery,2637,0.00079,0.028,0.037,1.34
Bag of Organic Bananas,Marinara Sauce,3542,0.00106,0.009,0.171,1.45
Organic Carrot Bunch,Organic Grape Tomatoes,2115,0.00063,0.056,0.024,2.14
Bartlett Pears,Organic Avocado,4474,0.00134,0.122,0.024,2.22
Bag of Organic Bananas,YoKids Strawberry Banana/Strawberry Yogurt,1493,0.00045,0.004,0.214,1.82
Organic Lacinato (Dinosaur) Kale,Feta Cheese Crumbles,1164,0.00035,0.026,0.034,2.57
Organic Yellow Onion,White Corn,1530,0.00046,0.013,0.079,2.24
Nectarines,Banana,1297,0.00039,0.259,0.003,1.77
Organic Leek,Fresh Cauliflower,2019,0.0006,0.099,0.027,4.45
Organic Unsalted Butter,Organic Raspberries,2118,0.00063,0.095,0.015,2.23
Bag of Organic Bananas,Black Beans No Salt Added,1264,0.00038,0.003,0.213,1.8
Organic Whole Milk,Organic Strawberry Fruit Spread,1414,0.00042,0.01,0.121,2.83
Organic Coconut Milk,Asparagus,1260,0.00038,0.045,0.018,2.09
Banana,Boomchickapop Sea Salt Popcorn,2341,0.0007,0.005,0.224,1.53
Clementines,Sparkling Mineral Water,1144,0.00034,0.036,0.061,6.31
Bag of Organic Bananas,Organic Boneless Skinless Chicken Breast,2251,0.00067,0.006,0.212,1.79
Organic Sliced Crimini Mushrooms,Organic Zucchini,1103,0.00033,0.136,0.01,4.16
Banana,Sweet Rolls,1067,0.00032,0.002,0.21,1.43
Organic Baby Arugula,Organic Extra Firm Tofu,1615,0.00048,0.021,0.053,2.35
Organic Whole Kernel Sweet Corn No Salt Added,Organic Whole Milk,1128,0.00034,0.085,0.008,1.98
Organic Lemon,Organic Bunch Beets,1373,0.00041,0.015,0.091,3.34
Organic Strawberries,Blueberry Whole Milk Yogurt Pouch,1263,0.00038,0.005,0.244,2.97
Blueberries,Organic Unsweetened Almond Milk,1150,0.00034,0.02,0.019,1.1
Original Hummus,Organic Spring Mix Salad,1084,0.00032,0.015,0.049,2.2
Organic Red Bell Pepper,Grated Parmesan,1903,0.00057,0.032,0.041,2.27
Banana,Crunchy Almond Butter,1874,0.00056,0.004,0.217,1.48
Organic Cheese Frozen Pizza,Organic Baby Carrots,1038,0.00031,0.07,0.013,2.91
Organic Coconut Milk,Organic Black Beans,1078,0.00032,0.038,0.027,3.22
Bag of Organic Bananas,Boomchickapop Sea Salt Popcorn,1575,0.00047,0.004,0.151,1.28
100% Raw Coconut Water,Organic Red Bell Pepper,1202,0.00036,0.031,0.02,1.71
Organic D'Anjou Pears,Organic Green Seedless Grapes,1164,0.00035,0.023,0.052,3.43
Organic Yellow Onion,Organic Egg Whites,1242,0.00037,0.011,0.061,1.74
Lime Sparkling Water,Blackberry Cucumber Sparkling Water,1316,0.00039,0.027,0.112,7.72
Organic Spinach Bunch,Organic Strawberries,1635,0.00049,0.133,0.006,1.61
Organic Lacinato (Dinosaur) Kale,Fresh Ginger Root,1030,0.00031,0.023,0.041,3.03
Red Raspberries,Organic Whole Milk,1883,0.00056,0.068,0.013,1.59
Michigan Organic Kale,Red Vine Tomato,2529,0.00076,0.036,0.045,2.13
Soda,Organic Half & Half,1460,0.00044,0.039,0.018,1.66
Flax Plus Organic Pumpkin Flax Granola,Banana,1231,0.00037,0.212,0.003,1.44
Yellow Onions,Organic No Salt Added Diced Tomatoes,1310,0.00039,0.017,0.123,5.34
Organic Red Onion,Michigan Organic Kale,4295,0.00128,0.061,0.061,2.9
Organic Whole String Cheese,Organic Fuji Apple,2782,0.00083,0.045,0.03,1.63
Organic Blueberries,Bartlett Pears,1785,0.00053,0.017,0.049,1.55
Tilapia Filet,Bag of Organic Bananas,2697,0.00081,0.177,0.007,1.5
Large Alfresco Eggs,Organic Half & Half,1622,0.00048,0.038,0.021,1.63
Blueberries,Red Peppers,1426,0.00043,0.024,0.025,1.41
Extra Virgin Olive Oil,Organic Ginger Root,1579,0.00047,0.03,0.029,1.87
Banana,Large Grapefruit,5966,0.00178,0.012,0.268,1.82
Hass Avocado,Large Lemon,1983,0.00059,0.103,0.012,2.15
Bag of Organic Bananas,Potato Yukon Gold Organic,2638,0.00079,0.007,0.201,1.71
Organic Reduced Fat 2% Milk,Michigan Organic Kale,1020,0.0003,0.021,0.015,0.99
Organic Lacinato (Dinosaur) Kale,Organic Peeled Whole Baby Carrots,1236,0.00037,0.028,0.021,1.6
Extra Virgin Olive Oil,Red Vine Tomato,1636,0.00049,0.031,0.029,1.85
Organic Whole Milk,Brussels Sprouts,1270,0.00038,0.009,0.054,1.27
Organic Reduced Fat 2% Milk,Organic Fuji Apple,2676,0.0008,0.054,0.029,1.95
Organic Baby Spinach,Yellow Straightneck Squash,1255,0.00038,0.005,0.185,2.46
Organic Baby Spinach,Organic Vanilla Almond Milk,1858,0.00056,0.007,0.155,2.06
Organic Whole Milk,Crackers Cheddar Bunnies Snack Packs,1404,0.00042,0.01,0.11,2.58
Everything Bagels,Whipped Cream Cheese,1323,0.0004,0.165,0.041,17.1
Organic Roasted Turkey Breast,Fresh Cauliflower,1334,0.0004,0.045,0.018,2.04
Unsalted Butter,Organic Half & Half,1208,0.00036,0.033,0.015,1.38
Organic Garlic,Bunched Cilantro,4861,0.00145,0.043,0.102,3.01
Organic Frozen Peas,Carrots,1478,0.00044,0.07,0.02,3.13
Celery Hearts,Organic Avocado,1164,0.00035,0.085,0.006,1.54
Organic Strawberries,Vanilla Pure Almond Milk,1507,0.00045,0.005,0.127,1.54
Organic Shredded Mild Cheddar,Organic Baby Spinach,1505,0.00045,0.175,0.006,2.33
Organic Red Bell Pepper,Organic Coconut Milk,1494,0.00045,0.025,0.053,2.95
Shredded Parmesan,Banana,8466,0.00253,0.225,0.017,1.53
Organic Red Onion,Honeycrisp Apple,3058,0.00091,0.043,0.037,1.73
Natural Spring Water,Organic Baby Spinach,1102,0.00033,0.054,0.004,0.72
Yellow Bell Pepper,Yellow Onions,2369,0.00071,0.089,0.031,3.87
Carrots,Organic Baby Arugula,3712,0.00111,0.049,0.049,2.18
Strawberries,Romaine Hearts,2600,0.00078,0.017,0.096,2.16
Organic Diced Tomatoes,Organic Hass Avocado,2517,0.00075,0.11,0.011,1.67
Apple Honeycrisp Organic,Extra Virgin Olive Oil,1841,0.00055,0.021,0.035,1.35
Banana,Organic String Cheese,1054,0.00031,0.002,0.165,1.12
Banana,Fresh Cauliflower,14801,0.00442,0.03,0.199,1.36
Organic Strawberries,Organic Kale Greens,1070,0.00032,0.004,0.146,1.77
Organic Reduced Fat 2% Milk,Organic Peeled Whole Baby Carrots,1468,0.00044,0.03,0.025,1.72
Banana,Orange Juice,5033,0.0015,0.01,0.286,1.95
Limes,Organic Spring Mix,2133,0.00064,0.015,0.064,1.47
Seedless Red Grapes,Boneless Skinless Chicken Breasts,2443,0.00073,0.028,0.047,1.8
Organic Baby Spinach,Organic Romaine,4636,0.00139,0.018,0.187,2.49
Organic Garlic,Organic Red Lentils,1224,0.00037,0.011,0.151,4.42
Organic Extra Firm Tofu,Organic Peeled Whole Baby Carrots,1091,0.00033,0.036,0.019,2.08
Limes,Blood Oranges,1283,0.00038,0.009,0.116,2.65
Bicolor Sweet Corn,Organic Avocado,1401,0.00042,0.143,0.008,2.61
Michigan Organic Kale,Lime Sparkling Water,1249,0.00037,0.018,0.026,1.23
Clementines,Zero Calorie Cola,1182,0.00035,0.037,0.133,13.8
Organic Red Bell Pepper,Organic Broccoli Florets,1625,0.00049,0.027,0.047,2.65
Sparkling Lemon Water,Organic Avocado,2535,0.00076,0.074,0.014,1.35
Organic Baby Spinach,Organic Greek Plain Nonfat Yogurt,1174,0.00035,0.005,0.166,2.21
Seedless Red Grapes,Ground Turkey Breast,1216,0.00036,0.014,0.044,1.69
Total 2% with Strawberry Lowfat Greek Strained Yogurt,Organic Grape Tomatoes,1255,0.00038,0.041,0.014,1.54
Penne Rigate #41 Pasta,Bag of Organic Bananas,1107,0.00033,0.157,0.003,1.33
Mini Original Babybel Cheese,Large Lemon,1065,0.00032,0.067,0.007,1.39
Organic Black Beans,Organic Granny Smith Apple,1407,0.00042,0.036,0.023,1.95
Original Hummus,Organic Granny Smith Apple,2721,0.00081,0.037,0.045,2.01
Organic Mini Sandwich Crackers Peanut Butter,Banana,1583,0.00047,0.216,0.003,1.47
Organic Fuji Apple,Organic Romaine Lettuce,1360,0.00041,0.015,0.038,1.36
Banana,Apple Sauce,1285,0.00038,0.003,0.195,1.32
2% Reduced Fat DHA Omega-3 Reduced Fat Milk,Organic Hass Avocado,1470,0.00044,0.105,0.007,1.59
Organic Blackberries,Grated Parmesan,1280,0.00038,0.02,0.027,1.41
Organic Broccoli Crown,Organic Hass Avocado,1189,0.00036,0.191,0.005,2.89
Organic Orange Bell Pepper,Bag of Organic Bananas,3159,0.00094,0.287,0.008,2.43
Organic Free Range Low Sodium Chicken Broth,Organic Baby Spinach,1039,0.00031,0.136,0.004,1.81
Raspberry Preserves,Bag of Organic Bananas,1621,0.00048,0.155,0.004,1.32
Large Alfresco Eggs,Grated Parmesan,1119,0.00033,0.026,0.024,1.89
Organic Lacinato (Dinosaur) Kale,Cucumber Kirby,2169,0.00065,0.048,0.022,1.62
Blueberries,Organic Small Bunch Celery,1189,0.00036,0.02,0.017,0.97
Gluten Free Whole Grain Bread,Organic Avocado,1209,0.00036,0.085,0.007,1.55
Organic Unsalted Butter,Organic Baby Spinach,2890,0.00086,0.13,0.011,1.73
Sea Salt Pita Chips,Organic Baby Carrots,1347,0.0004,0.078,0.017,3.23
Limes,Roma Tomato,5037,0.00151,0.034,0.119,2.73
Cinnamon Rolls with Icing,Banana,2798,0.00084,0.223,0.006,1.52
Original Orange Juice,Limes,1608,0.00048,0.062,0.011,1.41
Carrots,Organic Fuji Apple,3426,0.00102,0.046,0.037,1.64
Organic Strawberries,Authentic French Brioche Hamburger Buns,2131,0.00064,0.008,0.198,2.4
Boneless Skinless Chicken Breasts,Organic Cucumber,1602,0.00048,0.031,0.019,1.2
Green Beans,Organic Zucchini,2427,0.00073,0.08,0.022,2.46
Total 0% Nonfat Greek Yogurt,Organic Half & Half,1214,0.00036,0.044,0.015,1.84
Pretzel Crisps Original Deli Style Pretzel Crackers,Banana,4269,0.00128,0.257,0.009,1.75
Organic Garlic,"Super Spinach! Baby Spinach, Baby Bok Choy, Sweet Baby Kale",1006,0.0003,0.009,0.066,1.93
Mint,Bag of Organic Bananas,1226,0.00037,0.113,0.003,0.96
Organic Baby Spinach,Pita Chips Simply Naked,1095,0.00033,0.004,0.094,1.24
Organic Baby Spinach,Organic Extra Large Brown Eggs,1536,0.00046,0.006,0.155,2.06
Green Bell Pepper,Grape White/Green Seedless,1185,0.00035,0.02,0.029,1.69
Organic Lemon,Organic Bread with 21 Whole Grains,1652,0.00049,0.018,0.069,2.53
Organic Gala Apples,Pineapple Chunks,1031,0.00031,0.014,0.04,1.75
Limes,Total 2% Lowfat Greek Strained Yogurt with Peach,1238,0.00037,0.008,0.06,1.37
Organic Navel Orange,Frozen Organic Wild Blueberries,1103,0.00033,0.025,0.036,2.67
Garlic,Organic Ginger Root,1110,0.00033,0.029,0.021,1.78
Unsweetened Original Almond Breeze Almond Milk,Organic Hass Avocado,2803,0.00084,0.078,0.013,1.18
Organic Small Bunch Celery,Organic Half & Half,2328,0.0007,0.033,0.029,1.39
Organic Mint,Organic Tomato Cluster,1245,0.00037,0.061,0.019,3.04
Sparkling Water Grapefruit,Organic Garnet Sweet Potato (Yam),1638,0.00049,0.021,0.03,1.27
Organic Strawberries,Almond Breeze Original Almond Milk,1067,0.00032,0.004,0.094,1.14
Limes,Collard Greens,1046,0.00031,0.007,0.097,2.21
Original Hummus,Raspberries,1107,0.00033,0.015,0.018,0.82
Organic Carrot Bunch,Organic Thyme,1148,0.00034,0.031,0.057,5.06
Organic Bell Pepper,Asparagus,1262,0.00038,0.052,0.018,2.44
No Salt Added Black Beans,Organic Peeled Whole Baby Carrots,1254,0.00037,0.043,0.022,2.49
Yellow Onions,Organic Black Beans,1983,0.00059,0.026,0.05,2.18
Organic Red Bell Pepper,Unsweetened Almondmilk,1606,0.00048,0.027,0.031,1.73
Bag of Organic Bananas,Sliced Black Olives,2002,0.0006,0.005,0.178,1.51
Organic Whole Milk,Bicolor Sweet Corn,1093,0.00033,0.008,0.112,2.62
Seedless Red Grapes,Shredded Mozzarella,1180,0.00035,0.014,0.051,1.98
Organic Milk,Banana,4214,0.00126,0.146,0.009,0.99
Michigan Organic Kale,Organic Green Cabbage,1377,0.00041,0.02,0.062,2.97
Air Chilled Organic Boneless Skinless Chicken Breasts,Organic Strawberries,3278,0.00098,0.188,0.012,2.28
Boneless Skinless Chicken Breasts,Organic Italian Parsley Bunch,1764,0.00053,0.034,0.028,1.79
Half & Half,Organic Avocado,5258,0.00157,0.073,0.029,1.33
Bag of Organic Bananas,Organic Quick Oats,2489,0.00074,0.006,0.243,2.06
Mango Chunks,Michigan Organic Kale,1432,0.00043,0.078,0.02,3.71
Organic Fuji Apple,Organic Bosc Pear,1399,0.00042,0.015,0.063,2.28
Ezekiel 4:9 Bread Organic Sprouted Whole Grain,Michigan Organic Kale,1104,0.00033,0.06,0.016,2.85
Organic Raspberries,Organic Bell Pepper,3116,0.00093,0.022,0.128,3.01
Organic Large Extra Fancy Fuji Apple,Organic Baby Broccoli,1878,0.00056,0.024,0.057,2.43
Organic Small Bunch Celery,Organic Free Range Chicken Broth,1154,0.00034,0.016,0.086,4.08
Grape White/Green Seedless,Asparagus,1693,0.00051,0.042,0.024,1.97
Baby Spinach,Organic Blueberries,1461,0.00044,0.06,0.014,1.92
Organic Genoa Salami,Organic Hass Avocado,1017,0.0003,0.168,0.005,2.54
Limes,Black Beans,1224,0.00037,0.008,0.086,1.96
Organic Red Onion,Fresh Cauliflower,4822,0.00144,0.068,0.065,3.07
Banana,Organic Fuji Apple,35153,0.01051,0.072,0.378,2.58
Fresh Cauliflower,Organic Peeled Whole Baby Carrots,2552,0.00076,0.034,0.044,1.99
Organic Navel Orange,Organic Lacinato (Dinosaur) Kale,1713,0.00051,0.038,0.038,2.86
Organic Thyme,Organic Zucchini,1892,0.00057,0.094,0.017,2.86
Yellow Onions,Michigan Organic Kale,4150,0.00124,0.054,0.059,2.58
Limes,Organic Ginger Root,8093,0.00242,0.055,0.15,3.41
Organic Navel Orange,Organic Cucumber,3500,0.00105,0.078,0.041,3.08
Green Bell Pepper,Shredded Mild Cheddar Cheese,1128,0.00034,0.019,0.041,2.34
Organic Sticks Low Moisture Part Skim Mozzarella String Cheese,Sparkling Water Grapefruit,1317,0.00039,0.037,0.017,1.56
Naturals Savory Turkey Breakfast Sausage,Organic Baby Spinach,1096,0.00033,0.129,0.004,1.72
Bag of Organic Bananas,Plain Whole Milk Yogurt,1469,0.00044,0.004,0.194,1.64
Organic D'Anjou Pears,Organic Yellow Onion,4283,0.00128,0.084,0.036,2.4
Organic Strawberries,Organic Granny Smith Apple,10132,0.00303,0.037,0.166,2.01
Packaged Grape Tomatoes,Strawberries,3157,0.00094,0.226,0.021,5.06
Organic Lemon,Whipped Cream Cheese,1523,0.00046,0.017,0.047,1.73
White Sliced Mushrooms,Organic Avocado,1158,0.00035,0.16,0.006,2.9
2% Reduced Fat Milk,Organic Avocado,1709,0.00051,0.044,0.009,0.8
Organic Raspberries,Michigan Organic Kale,4925,0.00147,0.035,0.07,1.65
Bag of Organic Bananas,Unsalted Butter,4279,0.00128,0.011,0.115,0.98
Organic Red Onion,Organic Half & Half,1887,0.00056,0.027,0.024,1.13
Organic Baby Spinach,Organic Small Curd Cottage Cheese,1624,0.00049,0.006,0.136,1.8
Broccoli Crown,Organic Zucchini,3445,0.00103,0.077,0.031,2.34
Green Beans,Organic Garlic,2321,0.00069,0.077,0.02,2.25
Blueberries,Pineapple Chunks,1428,0.00043,0.025,0.055,3.15
Organic Strawberries,Organic Bosc Pear,4057,0.00121,0.015,0.183,2.23
Organic Bread with 21 Whole Grains,Organic Large Brown Grade AA Cage Free Eggs,1190,0.00036,0.05,0.036,5.0
100% Raw Coconut Water,Organic Gala Apples,1594,0.00048,0.041,0.021,1.8
Organic Red Onion,Organic Bunch Beets,1292,0.00039,0.018,0.086,4.05
Total 2% Lowfat Greek Strained Yogurt With Blueberry,Organic Whole String Cheese,1247,0.00037,0.058,0.02,3.16
Cheddar Bunnies Snack Crackers,Organic Avocado,1180,0.00035,0.108,0.006,1.96
Yellow Bell Pepper,No Salt Added Black Beans,1065,0.00032,0.04,0.037,4.59
Organic Cilantro,Poblano Pepper,1079,0.00032,0.015,0.158,7.24
Organic Lacinato (Dinosaur) Kale,Large Lemon,4741,0.00142,0.106,0.029,2.2
Fat Free Blueberry Yogurt,Banana,2204,0.00066,0.297,0.004,2.02
"Peach,  Apricot & Banana Stage 2 Baby Food",Baby Food Stage 2 Blueberry Pear & Purple Carrot,1688,0.0005,0.32,0.185,117.54
Organic 2% Reduced Fat Milk,Organic Raspberries,1264,0.00038,0.052,0.009,1.23
Organic Whole String Cheese,Organic Whole Milk,9101,0.00272,0.148,0.064,3.46
Russet Potato,Organic Whole Milk,2118,0.00063,0.069,0.015,1.61
Organic Red Bell Pepper,Garlic,1891,0.00057,0.032,0.049,2.74
Small Hass Avocado,Honeycrisp Apple,2190,0.00065,0.042,0.026,1.69
Bag of Organic Bananas,Organic Lactose Free Whole Milk,1874,0.00056,0.005,0.214,1.82
Organic Strawberries,Organic Dark Chocolate Peanut Butter Cups,1355,0.0004,0.005,0.116,1.41
Bag of Organic Bananas,Organic Whole String Cheese,14995,0.00448,0.038,0.243,2.06
Organic Lemon,Green Bell Pepper,3350,0.001,0.037,0.058,2.12
Apple Honeycrisp Organic,Large Lemon,7310,0.00218,0.084,0.045,1.74
Sour Cream & Onion Potato Chips,Banana,1102,0.00033,0.169,0.002,1.15
Banana,Sea Salt & Vinegar Potato Chips,2851,0.00085,0.006,0.185,1.26
Soda,Popcorn,1470,0.00044,0.039,0.207,18.57
Banana,100% Grated Parmesan Cheese,1047,0.00031,0.002,0.172,1.17
Organic Yellow Onion,Organic Sour Cream,3211,0.00096,0.027,0.116,3.29
Organic Yellow Onion,Organic Red Lentils,1159,0.00035,0.01,0.143,4.05
Bag of Organic Bananas,Feta Cheese Crumbles,5131,0.00153,0.013,0.152,1.29
Sharp Cheddar Cheese,Organic Black Beans,1005,0.0003,0.032,0.025,2.7
Organic Strawberries,Organic Whole Strawberries,5343,0.0016,0.019,0.164,1.99
Uncured Genoa Salami,Organic Blueberries,1549,0.00046,0.036,0.015,1.14
Grated Parmesan,Organic Sour Cream,1224,0.00037,0.026,0.044,3.15
Organic Whole String Cheese,Total 2% with Strawberry Lowfat Greek Strained Yogurt,1880,0.00056,0.03,0.061,3.3
Cherubs Heavenly Salad Tomatoes,Organic Hass Avocado,1720,0.00051,0.076,0.008,1.15
Organic Broccoli Crowns,Organic Hass Avocado,3088,0.00092,0.161,0.014,2.44
Organic Whole String Cheese,Limes,4099,0.00123,0.066,0.028,1.52
Total 2% with Strawberry Lowfat Greek Strained Yogurt,Organic Zucchini,1134,0.00034,0.037,0.01,1.12
Sonoma Traditional Flour Tortillas 10 Count,Organic Baby Spinach,1025,0.00031,0.126,0.004,1.67
Banana,Original Puffins Cereal,1429,0.00043,0.003,0.246,1.67
Small Hass Avocado,Organic Unsweetened Almond Milk,1503,0.00045,0.029,0.025,1.61
100% Recycled Paper Towels,Organic Large Extra Fancy Fuji Apple,1056,0.00032,0.036,0.014,1.56
Organic Green Leaf Lettuce,Organic Garlic,1177,0.00035,0.081,0.01,2.37
Apple Honeycrisp Organic,Sparkling Lemon Water,1363,0.00041,0.016,0.04,1.53
Organic Strawberries,Organic Baby Carrots,13849,0.00414,0.05,0.172,2.09
Large Alfresco Eggs,Carrots,1647,0.00049,0.039,0.022,1.73
Organic Grape Tomatoes,Cucumber Kirby,7267,0.00217,0.083,0.073,2.77
Organic Baby Spinach,Organic Tomato Cluster,11171,0.00334,0.044,0.167,2.22
Organic Strawberries,Organic Baby Kale,2966,0.00089,0.011,0.156,1.9
Limes,Organic Jalapeno Pepper,5660,0.00169,0.039,0.268,6.12
Organic Sticks Low Moisture Part Skim Mozzarella String Cheese,Original Hummus,1337,0.0004,0.038,0.018,1.7
Organic Garbanzo Beans,Organic Avocado,3935,0.00118,0.126,0.021,2.29
Seedless Red Grapes,Shredded Mild Cheddar Cheese,1432,0.00043,0.017,0.051,1.99
Sparkling Natural Mineral Water,Organic Small Bunch Celery,1251,0.00037,0.028,0.018,1.32
Organic Strawberries,Organic Lemonade,1442,0.00043,0.005,0.156,1.9
Organic Red Onion,Organic Butternut Squash,1337,0.0004,0.019,0.065,3.07
"Clementines, Bag",Organic Fuji Apple,2593,0.00077,0.063,0.028,2.26
Seedless Red Grapes,Organic Bosc Pear,1266,0.00038,0.015,0.057,2.21
Organic Yellow Peaches,Organic Baby Carrots,1132,0.00034,0.051,0.014,2.14
Grated Parmesan,Whipped Cream Cheese,1538,0.00046,0.033,0.048,3.4
Organic Baby Spinach,Spinach Peas & Pear Stage 2 Baby Food,1071,0.00032,0.004,0.129,1.71
Clementines,Mixed Fruit Fruit Snacks,1113,0.00033,0.035,0.107,11.08
Organic Kale Greens,Large Lemon,1153,0.00034,0.157,0.007,3.27
Banana,"Super Spinach! Baby Spinach, Baby Bok Choy, Sweet Baby Kale",3772,0.00113,0.008,0.246,1.68
Banana,Heavy Whipping Cream,3116,0.00093,0.006,0.145,0.98
Fresh Cauliflower,Organic Kiwi,3126,0.00093,0.042,0.06,2.71
Organic Butternut Squash,Organic Garnet Sweet Potato (Yam),1805,0.00054,0.088,0.033,5.39
Organic Diced Tomatoes,Organic Ginger Root,1014,0.0003,0.044,0.019,2.75
Bag of Organic Bananas,Grilled Chicken Breast Strips,1235,0.00037,0.003,0.176,1.49
Organic Lemon,Organic Bosc Pear,1654,0.00049,0.018,0.075,2.74
Bag of Organic Bananas,Organic Creamy Tomato Soup,1344,0.0004,0.003,0.179,1.52
Organic Raspberries,Blood Oranges,1143,0.00034,0.008,0.104,2.43
Organic Lemon,Baby Spinach,1386,0.00041,0.015,0.057,2.09
Whole Milk Ricotta Cheese,Organic Whole Milk,1288,0.00038,0.119,0.009,2.8
Bag of Organic Bananas,Organic Black Plum,1332,0.0004,0.003,0.244,2.07
Original Orange Juice,Organic Whole Milk,1314,0.00039,0.051,0.009,1.19
Original Beef Jerky,Bag of Organic Bananas,1103,0.00033,0.165,0.003,1.4
100% Raw Coconut Water,Sparkling Water Grapefruit,1475,0.00044,0.038,0.019,1.59
Fresh Cauliflower,Cucumber Kirby,4344,0.0013,0.059,0.044,1.96
Organic Summer Strawberry Bunny Fruit Snacks,Organic Strawberries,2539,0.00076,0.195,0.009,2.36
Unsalted Pure Irish Butter,Organic Baby Spinach,2495,0.00075,0.121,0.01,1.61
Bag of Organic Bananas,Organic Large Brown Grade AA Cage Free Eggs,7697,0.0023,0.019,0.232,1.96
Spring Water,Limes,2282,0.00068,0.039,0.016,0.89
Bag of Organic Bananas,Organic Bread with 21 Whole Grains,5410,0.00162,0.014,0.226,1.91
Organic Baby Spinach,Sugar Snap Peas,2008,0.0006,0.008,0.136,1.81
Yellow Bell Pepper,Red Vine Tomato,1444,0.00043,0.054,0.025,3.2
Red Onion,Asparagus,2152,0.00064,0.048,0.03,2.28
Organic Broccoli Florets,Organic Avocado,3595,0.00107,0.105,0.02,1.91
Vanilla Almond Breeze Almond Milk,Cucumber Kirby,1779,0.00053,0.055,0.018,1.85
Organic Baby Spinach,Gluten Free 7 Grain Bread,1224,0.00037,0.005,0.137,1.83
Bag of Organic Bananas,Cane Sugar,1609,0.00048,0.004,0.182,1.54
Organic Sticks Low Moisture Part Skim Mozzarella String Cheese,Organic Grape Tomatoes,1737,0.00052,0.049,0.02,1.86
Organic Roma Tomato,Organic Raspberries,2118,0.00063,0.069,0.015,1.63
Sweet Baguette,Banana,1133,0.00034,0.158,0.002,1.07
Organic Navel Orange,Asparagus,1864,0.00056,0.042,0.026,1.96
Organic Baby Spinach,Total 2% All Natural Plain Greek Yogurt,1947,0.00058,0.008,0.113,1.5
Organic Shredded Mozzarella,Organic Strawberries,3967,0.00119,0.208,0.014,2.53
French Vanilla Coconut Milk Creamer,Banana,1179,0.00035,0.205,0.002,1.4
Banana,Curate Cherry Lime Sparkling Water,1366,0.00041,0.003,0.145,0.99
Jalapeno Peppers,Organic Baby Arugula,2317,0.00069,0.052,0.031,2.3
Italian Sparkling Mineral Water,Strawberries,1171,0.00035,0.037,0.008,0.82
Large Alfresco Eggs,Organic Garlic,3369,0.00101,0.08,0.03,2.34
0% Greek Strained Yogurt,Crunchy Oats 'n Honey Granola Bars,1023,0.00031,0.075,0.113,27.61
Yellow Onions,Unsalted Butter,2364,0.00071,0.031,0.064,2.77
Organic Sliced White Mushrooms,Organic Zucchini,1204,0.00036,0.141,0.011,4.33
Green Onions,Organic Garlic,1866,0.00056,0.067,0.016,1.96
Green Bell Pepper,Organic Jalapeno Pepper,2246,0.00067,0.039,0.106,6.14
Peanut Butter Cereal,Bag of Organic Bananas,1049,0.00031,0.155,0.003,1.31
Large Yellow Flesh Nectarine,Red Plums,1031,0.00031,0.066,0.113,24.3
"Organic Red Radish, Bunch",Organic Cilantro,2607,0.00078,0.092,0.036,4.22
Organic Grade A Free Range Large Brown Eggs,Organic Blackberries,1183,0.00035,0.028,0.018,1.47
Red Raspberries,Organic Baby Carrots,1107,0.00033,0.04,0.014,1.66
Organic Cucumber,Organic Basil,1662,0.0005,0.02,0.06,2.35
Red Peppers,Cherubs Heavenly Salad Tomatoes,1076,0.00032,0.018,0.048,2.74
"Juice Beverage, Cold Pressed, Kale Apple Ginger Romaine Spinach Cucumber Celery Parsley Lemon",Organic Hass Avocado,1177,0.00035,0.142,0.005,2.15
Small Hass Avocado,Broccoli Crown,1547,0.00046,0.03,0.034,2.21
100% Recycled Paper Towels,Organic Whole String Cheese,1101,0.00033,0.038,0.018,2.06
Organic Spring Mix,Organic Small Bunch Celery,1290,0.00039,0.039,0.018,1.84
Organic Italian Parsley Bunch,Organic Avocado,5872,0.00175,0.093,0.032,1.69
Fresh Cauliflower,Organic Raspberries,6853,0.00205,0.092,0.048,2.17
Organic Whole Milk,Organic Extra Firm Tofu,2365,0.00071,0.017,0.078,1.83
European Cucumber,Organic Baby Spinach,2134,0.00064,0.112,0.008,1.49
Organic Red Onion,Large Lemon,9333,0.00279,0.132,0.058,2.74
Green Onions,Carrots,1392,0.00042,0.05,0.019,2.21
Oregano,Organic Garlic,1030,0.00031,0.181,0.009,5.31
Blueberries,Organic Whole Milk,2522,0.00075,0.043,0.018,1.01
Yellow Onions,Organic Extra Firm Tofu,1692,0.00051,0.022,0.056,2.43
Organic Chicken Broth,Organic Baby Spinach,2078,0.00062,0.177,0.008,2.35
Strawberries,Green Seedless Grapes,2584,0.00077,0.017,0.198,4.44
Organic Basil,Organic Hass Avocado,4149,0.00124,0.149,0.019,2.25
Fresh Cauliflower,Organic Italian Parsley Bunch,4685,0.0014,0.063,0.074,3.35
Organic Broccoli,Banana,6539,0.00195,0.162,0.013,1.1
Organic Red Onion,Organic Unsweetened Almond Milk,2572,0.00077,0.036,0.043,2.02
Grape White/Green Seedless,Organic Avocado,4952,0.00148,0.122,0.027,2.22
Baby Seedless Cucumbers,Organic Baby Spinach,1906,0.00057,0.189,0.008,2.51
Organic Fuji Apple,Large Grapefruit,1341,0.0004,0.014,0.06,2.17
Italian Sparkling Mineral Water,Bag of Organic Bananas,5634,0.00168,0.176,0.014,1.49
Yellow Bell Pepper,Honeycrisp Apple,2038,0.00061,0.077,0.024,3.07
Banana,Lemon Yogurt,2013,0.0006,0.004,0.214,1.46
Organic Turkey Bacon,Organic Baby Spinach,2953,0.00088,0.186,0.012,2.47
Yellow Onions,Organic Red Onion,4346,0.0013,0.056,0.061,2.67
Organic Reduced Fat Milk,Whipped Cream Cheese,1433,0.00043,0.039,0.044,4.03
Basil,Organic Garlic,1003,0.0003,0.128,0.009,3.77
Organic Whole Milk,Salted Butter,2690,0.0008,0.019,0.135,3.16
Garlic,Unsalted Butter,1387,0.00041,0.036,0.037,3.25
Green Bell Pepper,Tomato Sauce,1033,0.00031,0.018,0.077,4.43
Peach Pear Flavored Sparkling Water,Organic Raspberries,1139,0.00034,0.051,0.008,1.21
Strawberries,Organic Large Grade A Brown Eggs,1261,0.00038,0.008,0.086,1.93
Organic Garlic,Organic Unsweetened Almond Milk,4199,0.00125,0.037,0.07,2.05
Unsalted Butter,Sparkling Water Grapefruit,1072,0.00032,0.029,0.014,1.22
Organic Whole String Cheese,Original Hummus,4488,0.00134,0.073,0.061,3.28
Yellow Onions,Heavy Whipping Cream,1088,0.00033,0.014,0.05,2.19
Organic Yellow Onion,Pineapple Chunks,1689,0.0005,0.014,0.065,1.84
Organic Broccoli,Organic Hothouse Cucumbers,1236,0.00037,0.031,0.05,4.13
Organic Whole Strawberries,Pineapple Chunks,3286,0.00098,0.101,0.126,12.94
Total Greek Strained Yogurt,Cucumber Kirby,1398,0.00042,0.051,0.014,1.71
Watermelon Chunks,Organic Peeled Whole Baby Carrots,1005,0.0003,0.04,0.017,2.29
Organic Roma Tomato,Organic Black Beans,1037,0.00031,0.034,0.026,2.87
Organic Garlic,Limes,16600,0.00496,0.146,0.113,3.32
Organic Red Onion,Organic Italian Parsley Bunch,5456,0.00163,0.077,0.087,4.09
Bag of Organic Bananas,Organic Granny Smith Apple,14989,0.00448,0.038,0.245,2.08
Organic Cream Cheese Bar,Organic Baby Spinach,1499,0.00045,0.136,0.006,1.81
Organic Garlic,Red Vine Tomato,4319,0.00129,0.038,0.076,2.24
Golden Delicious Apple,Banana,2349,0.0007,0.436,0.005,2.97
Organic Strawberries,Organic Garbanzo Beans,3930,0.00117,0.014,0.126,1.53
Organic Whole Milk,Organic Fat Free Milk,2157,0.00064,0.015,0.079,1.84
Organic Strawberries,Organic Mountain Forest Amber Honey,1131,0.00034,0.004,0.148,1.8
Green Bell Pepper,Red Onion,2190,0.00065,0.038,0.049,2.84
Organic Whole String Cheese,Organic Hass Avocado,10425,0.00312,0.169,0.047,2.56
Organic Gala Apples,Feta Cheese Crumbles,1356,0.00041,0.018,0.04,1.77
Organic Strawberries,Original Veggie Straws,3768,0.00113,0.014,0.215,2.61
Bag of Organic Bananas,Spinach Peas & Pear Stage 2 Baby Food,1989,0.00059,0.005,0.24,2.03
Michigan Organic Kale,Organic Zucchini,6424,0.00192,0.092,0.059,2.8
Lemonade,Organic Avocado,1012,0.0003,0.049,0.005,0.9
Seedless Red Grapes,Cucumber Kirby,5826,0.00174,0.067,0.058,2.25
Backyard Barbeque Potato Chips,Banana,1765,0.00053,0.204,0.004,1.39
Ground Turkey Breast,Organic Small Bunch Celery,1402,0.00042,0.051,0.02,2.4
Strawberries,Organic Grape Tomatoes,5554,0.00166,0.037,0.063,1.41
Limes,Organic Pinto Beans,1479,0.00044,0.01,0.132,3.01
Organic Strawberries,Red Mango,1302,0.00039,0.005,0.151,1.83
Large Greenhouse Tomato,Large Lemon,1183,0.00035,0.11,0.007,2.29
Basil,Organic Baby Spinach,1232,0.00037,0.158,0.005,2.09
Apple Honeycrisp Organic,Organic Sunday Bacon,1020,0.0003,0.012,0.079,3.03
Organic Italian Salad,Organic Avocado,1100,0.00033,0.101,0.006,1.84
Organic Baby Spinach,Sliced White Mushrooms,1133,0.00034,0.005,0.129,1.72
Organic Whole String Cheese,Organic Black Beans,1939,0.00058,0.031,0.049,2.66
New Orleans Iced Coffee,Bag of Organic Bananas,1128,0.00034,0.157,0.003,1.33
Organic Chicken & Apple Sausage,Organic Yellow Onion,1045,0.00031,0.078,0.009,2.2
"Clementines, Bag",Organic Kiwi,1400,0.00042,0.034,0.027,2.18
Organic Baby Spinach,Organic Low Sodium Chicken Broth,3356,0.001,0.013,0.184,2.44
Organic Granny Smith Apple,Whipped Cream Cheese,1099,0.00033,0.018,0.034,1.86
Marinara Sauce,Organic Grape Tomatoes,1089,0.00033,0.052,0.012,1.99
Banana,Boneless Skinless Chicken Breast Fillets,1561,0.00047,0.003,0.226,1.54
Russet Potato,Organic Italian Parsley Bunch,1047,0.00031,0.034,0.017,1.81
Fat Free Milk,Cucumber Kirby,1454,0.00043,0.048,0.015,1.6
Organic Cilantro,Honeycrisp Apple,2553,0.00076,0.035,0.031,1.4
Organic Navel Orange,Organic Baby Broccoli,1076,0.00032,0.024,0.032,2.43
Uncured Slow Cooked Ham,Organic Avocado,1405,0.00042,0.1,0.008,1.81
Organic Yams,Organic Blueberries,1281,0.00038,0.061,0.012,1.95
Limes,Iceberg Lettuce,1000,0.0003,0.007,0.074,1.7
Limes,Medium Navel Orange,1180,0.00035,0.008,0.11,2.5
Organic Red Onion,Organic Lacinato (Dinosaur) Kale,3027,0.0009,0.043,0.068,3.19
Organic Strawberries,Organic Smoked Turkey Breast,1533,0.00046,0.006,0.203,2.46
Organic Large Grade AA Brown Eggs,Organic Zucchini,2065,0.00062,0.078,0.019,2.38
Organic Small Bunch Celery,Organic Avocado,6274,0.00188,0.089,0.034,1.61
Carrots,Organic Bunch Beets,1783,0.00053,0.024,0.118,5.26
Uncured Genoa Salami,Organic Hass Avocado,5740,0.00172,0.133,0.026,2.01
Organic Reduced Fat 2% Milk,Organic Large Extra Fancy Fuji Apple,2454,0.00073,0.05,0.031,2.13
Sharp Cheddar Cheese,Organic Whole String Cheese,1419,0.00042,0.045,0.023,2.45
Broccoli Crown,Organic Blueberries,1918,0.00057,0.043,0.018,1.36
Boneless Skinless Chicken Breasts,Large Lemon,6080,0.00182,0.116,0.038,2.42
Bag of Organic Bananas,Organic Brown Rice,2927,0.00087,0.007,0.197,1.67
Organic Yellow Onion,Bunched Cilantro,3250,0.00097,0.028,0.068,1.95
Green Beans,Bunched Cilantro,1566,0.00047,0.052,0.033,3.65
Fresh Cauliflower,Unsweetened Original Almond Breeze Almond Milk,1137,0.00034,0.015,0.032,1.42
Frozen Broccoli Florets,Organic Avocado,2231,0.00067,0.138,0.012,2.51
Organic Greek Lowfat Yogurt With Strawberries,Organic Strawberries,1219,0.00036,0.185,0.004,2.25
Organic Yellow Onion,Organic Fat Free Milk,1363,0.00041,0.012,0.05,1.41
Organic Ginger Root,Grape White/Green Seedless,1004,0.0003,0.019,0.025,1.53
Organic Strawberries,Guacamole,2782,0.00083,0.01,0.149,1.81
Large Greenhouse Tomato,Limes,1213,0.00036,0.113,0.008,2.57
"Tortillas, Corn, Organic",Organic Hass Avocado,1582,0.00047,0.251,0.007,3.8
Italian Sparkling Mineral Water,Organic Tomato Cluster,1078,0.00032,0.034,0.016,1.68
Banana,Organic Dijon Mustard,2151,0.00064,0.004,0.187,1.27
"Yogurt, Strained Low-Fat, Coconut",Organic Avocado,1431,0.00043,0.114,0.008,2.07
Michigan Organic Kale,Organic Half & Half,1691,0.00051,0.024,0.021,1.02
Bag of Organic Bananas,Lactose Free 2% Reduced Fat Milk,1665,0.0005,0.004,0.225,1.91
Uncured Genoa Salami,Whipped Cream Cheese,1496,0.00045,0.035,0.046,3.59
Cantaloupe,Organic Whole String Cheese,1215,0.00036,0.048,0.02,2.62
Celery,Banana,1649,0.00049,0.234,0.003,1.59
Organic Yellow Onion,Creamy Almond Butter,1069,0.00032,0.009,0.048,1.36
Mexican Finely Shredded Cheese,Banana,1208,0.00036,0.22,0.002,1.5
Fresh Cauliflower,Organic Baby Kale,1081,0.00032,0.015,0.057,2.57
Romaine Hearts,Cucumber Kirby,1277,0.00038,0.047,0.013,1.59
Organic Air Chilled Whole Chicken,Large Lemon,1089,0.00033,0.183,0.007,3.81
Lightly Salted Baked Snap Pea Crisps,Organic Garlic,1161,0.00035,0.045,0.01,1.31
Organic Whole Milk,Organic Cucumber,6295,0.00188,0.044,0.074,1.74
Organic Raspberries,Extra Virgin Olive Oil,3275,0.00098,0.023,0.063,1.47
Organic Strawberries,Organic Leek,2446,0.00073,0.009,0.12,1.45
Carrots,Organic Baby Spinach,12885,0.00385,0.171,0.051,2.28
Green Onions,Strawberries,2000,0.0006,0.071,0.013,1.6
Yellow Onions,Organic Raspberries,3364,0.00101,0.044,0.024,1.03
Organic Red Bell Pepper,Organic Unsweetened Almond Milk,2485,0.00074,0.042,0.041,2.31
Yellow Onions,Honeycrisp Apple,4113,0.00123,0.053,0.049,2.15
Shredded Mild Cheddar Cheese,Large Lemon,2082,0.00062,0.075,0.013,1.56
Banana,Baby Arugula,2429,0.00073,0.005,0.214,1.46
Bag of Organic Bananas,Provolone,1668,0.0005,0.004,0.192,1.62
Baby Cucumbers,Romaine Hearts,1254,0.00037,0.083,0.047,10.35
Organic Cucumber,Organic Gala Apples,5346,0.0016,0.063,0.071,2.78
Organic Reduced Fat 2% Milk,Organic Cucumber,2162,0.00065,0.044,0.025,1.72
Organic Whole String Cheese,Organic Romaine Lettuce,1177,0.00035,0.019,0.033,1.77
Nonfat Icelandic Style Strawberry Yogurt,Icelandic Style Skyr Blueberry Non-fat Yogurt,4712,0.00141,0.427,0.236,71.64
Organic Sticks Low Moisture Part Skim Mozzarella String Cheese,Apple Honeycrisp Organic,2126,0.00064,0.06,0.024,2.29
Mint Chip,Chocolate Ice Cream,1032,0.00031,0.176,0.074,42.29
100% Raw Coconut Water,Organic Unsweetened Almond Milk,1717,0.00051,0.044,0.029,2.44
Bunny-Luv Fresh Organic Carrots,Banana,1856,0.00055,0.173,0.004,1.18
Organic Grade A Free Range Large Brown Eggs,Organic Tomato Cluster,2057,0.00061,0.049,0.031,2.46
Margherita Pizza,Bag of Organic Bananas,1183,0.00035,0.168,0.003,1.42
Organic Baby Arugula,Organic Blackberries,2320,0.00069,0.031,0.036,1.59
Organic Baby Spinach,Feta Cheese Crumbles,7638,0.00228,0.03,0.226,3.0
Apple Honeycrisp Organic,Organic Reduced Fat Milk,1941,0.00058,0.022,0.053,2.02
Organic Reduced Fat 2% Milk,Organic Navel Orange,1247,0.00037,0.025,0.028,1.89
Organic Zucchini,Organic Red Cabbage,1702,0.00051,0.016,0.109,3.33
Honey Yoghurt,Raspberry Yoghurt,1368,0.00041,0.14,0.157,53.43
Organic Italian Parsley Bunch,Organic Red Cabbage,1421,0.00042,0.023,0.091,4.82
Banana,Hint Of Sea Salt Almond Nut Thins,2656,0.00079,0.005,0.214,1.45
Organic Medium Salsa,Organic Hass Avocado,1795,0.00054,0.117,0.008,1.77
Organic Yellow Mustard,Banana,1144,0.00034,0.182,0.002,1.24
Organic Fuji Apple,No Salt Added Black Beans,1648,0.00049,0.018,0.056,2.03
100% Recycled Paper Towels,Organic Raspberries,2163,0.00065,0.074,0.015,1.75
Organic Tomato Cluster,Organic Bunch Beets,1013,0.0003,0.015,0.067,3.36
Total 2% Lowfat Plain Greek Yogurt,Cucumber Kirby,1001,0.0003,0.059,0.01,1.99
Original Hummus,Organic Spring Mix,1373,0.00041,0.019,0.041,1.87
Organic Yellow Onion,Unsweetened Vanilla Almond Milk,1261,0.00038,0.011,0.046,1.3
Organic Fuji Apple,Organic Hass Avocado,7484,0.00224,0.081,0.034,1.22
Avocado Roll,Organic Strawberries,1136,0.00034,0.187,0.004,2.27
Organic Romaine,Banana,5060,0.00151,0.204,0.01,1.39
Bag of Organic Bananas,Special Reserve Extra Sharp Cheddar Cheese,1132,0.00034,0.003,0.167,1.41
Strawberries,Total 2% All Natural Plain Greek Yogurt,1032,0.00031,0.007,0.06,1.34
Total 0% Raspberry Yogurt,Total 2% Greek Strained Yogurt with Cherry 5.3 oz,1942,0.00058,0.154,0.104,27.6
Organic Yellow Onion,Organic Free Range Chicken Broth,2074,0.00062,0.018,0.155,4.41
Blueberry on the Bottom Nonfat Greek Yogurt,Peach on the Bottom Nonfat Greek Yogurt,2474,0.00074,0.375,0.306,155.14
Bok Choy,Banana,1150,0.00034,0.179,0.002,1.22
Organic Whole Milk,Organic Avocado,13572,0.00406,0.095,0.074,1.73
"Organic Red Radish, Bunch",Organic Raspberries,2520,0.00075,0.089,0.018,2.09
Organic Baby Spinach,Organic Romaine Hearts,1434,0.00043,0.006,0.109,1.45
Strawberries,Golden Pineapple,1345,0.0004,0.009,0.247,5.53
Organic Grade A Free Range Large Brown Eggs,Limes,3269,0.00098,0.078,0.022,1.78
English Seedless Cucumber,Large Lemon,2117,0.00063,0.153,0.013,3.19
Organic Coconut Milk,Organic Cilantro,2940,0.00088,0.104,0.04,4.76
Organic American Cheese Singles,Organic Baby Spinach,2219,0.00066,0.118,0.009,1.57
Organic Cilantro,Sparkling Natural Mineral Water,1027,0.00031,0.014,0.023,1.05
Organic Bartlett Pear,Organic Garnet Sweet Potato (Yam),1936,0.00058,0.05,0.036,3.07
Organic Whole Milk,Organic Thyme,1234,0.00037,0.009,0.061,1.43
Unsweetened Almondmilk,Sparkling Water Grapefruit,2508,0.00075,0.048,0.032,2.05
Orange Bell Pepper,Garlic,1230,0.00037,0.03,0.032,2.6
Organic Baby Spinach,Organic Bunch Beets,3288,0.00098,0.013,0.218,2.9
Cantaloupe,Organic Blackberries,1058,0.00032,0.042,0.016,2.18
Organic Short Grain Brown Rice,Organic Strawberries,1093,0.00033,0.129,0.004,1.57
Yellow Bell Pepper,Apple Honeycrisp Organic,1123,0.00034,0.042,0.013,1.62
Natural Free & Clear Dish Liquid,Organic Baby Spinach,1027,0.00031,0.109,0.004,1.44
Fresh Mozzarella Ball,Organic Avocado,1352,0.0004,0.128,0.007,2.33
Asparagus,Unsweetened Original Almond Breeze Almond Milk,1247,0.00037,0.018,0.035,1.63
Mango Chunks,Berry Medley,1457,0.00044,0.079,0.098,17.75
Organic Broccoli,Frozen Organic Wild Blueberries,1143,0.00034,0.028,0.037,3.06
Organic Red Onion,Raspberries,1107,0.00033,0.016,0.018,0.86
Organic Whole Milk,Sparkling Natural Mineral Water,1558,0.00047,0.011,0.035,0.82
Total 2% Greek Strained Yogurt with Cherry 5.3 oz,Honeycrisp Apple,1207,0.00036,0.065,0.014,2.59
Organic Strawberries,Organic Air Chilled Whole Chicken,1025,0.00031,0.004,0.172,2.09
Red Peppers,Original Hummus,2703,0.00081,0.046,0.036,2.1
Vanilla Unsweetened Almond Milk,Organic Hass Avocado,1060,0.00032,0.092,0.005,1.4
Mache Rosettes French Salad Mix,Banana,1180,0.00035,0.169,0.002,1.15
Bag of Organic Bananas,Organic Strawberry Smoothie,2637,0.00079,0.007,0.219,1.85
Bag of Organic Bananas,Organic Red Delicious Apple,3718,0.00111,0.009,0.259,2.2
Organic Yellow Onion,Organic Avocado,11423,0.00341,0.097,0.062,1.76
Organic Gala Apples,Organic Small Bunch Celery,3545,0.00106,0.047,0.05,2.22
Sparkling Water Grapefruit,Asparagus,2178,0.00065,0.027,0.031,1.29
Organic Strawberries,Organic Cilantro,9706,0.0029,0.035,0.133,1.61
Organic Bell Pepper,Organic Zucchini,3014,0.0009,0.124,0.028,3.79
No Salt Added Black Beans,Large Lemon,3493,0.00104,0.12,0.022,2.49
Select-A-Size White Paper Towels,Banana,1329,0.0004,0.191,0.003,1.3
Bag of Organic Bananas,Organic Sugar Snap Peas,1957,0.00058,0.005,0.226,1.92
Organic Reduced Fat 2% Milk,Total 2% with Strawberry Lowfat Greek Strained Yogurt,1655,0.00049,0.034,0.054,3.63
Organic Banana,Organic Granny Smith Apple,1093,0.00033,0.052,0.018,2.86
Organic Lemon,Organic Green Cabbage,1588,0.00047,0.017,0.072,2.63
Organic Garlic,Organic Large Grade AA Brown Eggs,1954,0.00058,0.017,0.074,2.16
Hass Avocados,Honeycrisp Apples,1038,0.00031,0.02,0.071,4.55
Organic Snipped Green Beans,Organic Garlic,1352,0.0004,0.074,0.012,2.18
Shallot,Carrots,1194,0.00036,0.066,0.016,2.92
Total Greek Strained Yogurt,Organic Hass Avocado,3528,0.00105,0.129,0.016,1.95
Organic Medium Salsa,Large Lemon,1114,0.00033,0.072,0.007,1.51
Feta Cheese Crumbles,Organic Baby Carrots,1770,0.00053,0.052,0.022,2.18
Garlic,Organic Baby Carrots,1541,0.00046,0.04,0.019,1.66
Organic Large Extra Fancy Fuji Apple,Organic Baby Carrots,4309,0.00129,0.055,0.054,2.29
Organic Raspberries,Organic Lowfat 1% Milk,1228,0.00037,0.009,0.08,1.88
Original No Pulp 100% Florida Orange Juice,Large Lemon,1587,0.00047,0.079,0.01,1.64
Organic Grape Tomatoes,Bartlett Pears,1500,0.00045,0.017,0.041,1.56
Cantaloupe,Organic Small Bunch Celery,1323,0.0004,0.053,0.019,2.49
Cantaloupe,Fresh Cauliflower,1418,0.00042,0.056,0.019,2.54
Organic Lemon,Unsweetened Vanilla Almond Milk,1376,0.00041,0.015,0.05,1.83
White Onion,Organic Hass Avocado,1293,0.00039,0.076,0.006,1.15
Organic Green Seedless Grapes,Organic Bartlett Pear,1272,0.00038,0.057,0.033,4.93
Broccoli Crown,Organic Ginger Root,1386,0.00041,0.031,0.026,1.91
Organic Large Green Asparagus,Organic Ginger Root,1095,0.00033,0.055,0.02,3.38
Organic Hothouse Cucumbers,Organic Tomato Cluster,1627,0.00049,0.066,0.024,3.28
Total Greek Strained Yogurt,Organic Zucchini,1703,0.00051,0.062,0.016,1.9
Bunched Cilantro,Organic Baby Carrots,1162,0.00035,0.024,0.014,1.02
Ezekiel 4:9 Bread Organic Sprouted Whole Grain,Organic Grape Tomatoes,1073,0.00032,0.058,0.012,2.2
Organic Yellow Onion,Organic Large Grade AA Brown Eggs,2258,0.00067,0.019,0.085,2.42
Small Hass Avocado,Organic Baby Carrots,1768,0.00053,0.034,0.022,1.41
Organic Shredded Mild Cheddar,Organic Hass Avocado,1738,0.00052,0.202,0.008,3.07
Organic Broccoli,Organic Baby Spinach,7894,0.00236,0.196,0.031,2.6
Yobaby Organic Plain Yogurt,Organic Hass Avocado,1717,0.00051,0.2,0.008,3.03
100% Recycled Paper Towels,Bag of Organic Bananas,5696,0.0017,0.196,0.014,1.66
Organic Apple Juice,Organic Raspberries,1071,0.00032,0.088,0.008,2.07
Raspberries,Sparkling Water Grapefruit,1029,0.00031,0.017,0.013,0.71
Organic Baby Spinach,Organic Greek Whole Milk Blended Vanilla Bean Yogurt,1310,0.00039,0.005,0.134,1.77
Basil Pesto,Organic Garlic,1260,0.00038,0.077,0.011,2.27
Organic Whole Milk with DHA Omega-3,Banana,3486,0.00104,0.248,0.007,1.69
Organic Whole Strawberries,Banana,6757,0.00202,0.207,0.014,1.41
"Organic Milk Reduced Fat, 2% Milkfat",Organic Large Brown Grade AA Cage Free Eggs,1477,0.00044,0.113,0.044,11.33
100% Whole Wheat Bread,Red Peppers,1582,0.00047,0.025,0.027,1.44
Apple Honeycrisp Organic,Organic D'Anjou Pears,5757,0.00172,0.066,0.113,4.34
Organic Roma Tomato,Organic Grape Tomatoes,1501,0.00045,0.049,0.017,1.87
Sustainably Soft Bath Tissue,Banana,2955,0.00088,0.155,0.006,1.06
Garlic Hummus,Organic Strawberries,1122,0.00034,0.131,0.004,1.59
Organic Broccoli,Organic Hass Avocado,7343,0.00219,0.182,0.033,2.76
Bag of Organic Bananas,Natural Premium Coconut Water,1865,0.00056,0.005,0.151,1.28
Organic Roasted Turkey Breast,Michigan Organic Kale,1074,0.00032,0.036,0.015,1.74
Organic Cucumber,Original Hummus,4196,0.00125,0.049,0.057,2.23
Organic Black Beans,Original Hummus,2282,0.00068,0.058,0.031,2.6
Organic Reduced Fat 2% Milk,Organic Baby Carrots,1708,0.00051,0.035,0.021,1.44
Organic Baby Spinach,Organic Bosc Pear,3511,0.00105,0.014,0.159,2.11
Banana,Organic Kale Greens,1513,0.00045,0.003,0.206,1.4
Organic Whole String Cheese,Honeycrisp Apple,3279,0.00098,0.053,0.039,2.14
Organic Sunday Bacon,Organic Baby Spinach,1824,0.00055,0.141,0.007,1.88
100 Calorie  Per Bag Popcorn,Banana,3076,0.00092,0.23,0.006,1.57
Limes,Unsalted Butter,3323,0.00099,0.023,0.09,2.04
Organic Baby Spinach,Organic Basil,4567,0.00136,0.018,0.164,2.18
Organic Strawberries,Sea Salt Pita Chips,2556,0.00076,0.009,0.147,1.79
Organic Cilantro,Whipped Cream Cheese,1022,0.00031,0.014,0.032,1.45
Blueberries,Half & Half,1293,0.00039,0.022,0.018,1.04
"Dressing, Jersey Sweet Onion, Calorie Free",Limes,1123,0.00034,0.122,0.008,2.78
Organic Gala Apples,Organic Avocado,7519,0.00225,0.099,0.041,1.81
Bag of Organic Bananas,I Heart Baby Kale,2715,0.00081,0.007,0.212,1.79
Yellow Onions,Red Vine Tomato,3664,0.0011,0.048,0.065,2.81
Bag of Organic Bananas,Total 0% Nonfat Greek Yogurt,3580,0.00107,0.009,0.128,1.09
Organic Frozen Peas,Organic Strawberries,3755,0.00112,0.179,0.014,2.17
Organic Yellow Onion,Organic Baby Carrots,5064,0.00151,0.043,0.063,1.79
Russet Potato,Organic Zucchini,1859,0.00056,0.06,0.017,1.85
Organic Mexican Blend Finely Shredded Cheese,Large Lemon,1363,0.00041,0.072,0.008,1.49
Organic Baby Spinach,Large Yellow Flesh Nectarine,1907,0.00057,0.008,0.122,1.63
Organic Broccoli,Organic Blackberries,1205,0.00036,0.03,0.019,1.55
Seedless Red Grapes,Large Yellow Flesh Nectarine,1155,0.00035,0.013,0.074,2.86
Organic Strawberries,Large Yellow Flesh Nectarine,3642,0.00109,0.013,0.234,2.84
Cheddar Bunnies Snack Crackers,Organic Hass Avocado,1348,0.0004,0.123,0.006,1.86
Pure Sparkling Water,Sparkling Water Grapefruit,6457,0.00193,0.215,0.081,9.09
Organic Romaine,Organic Small Bunch Celery,1718,0.00051,0.069,0.024,3.28
Organic Baby Spinach,Total 2% with Strawberry Lowfat Greek Strained Yogurt,2933,0.00088,0.012,0.095,1.26
Michigan Organic Kale,Raspberries,1022,0.00031,0.015,0.017,0.8
Vanilla Skyr Nonfat Yogurt,Organic Avocado,1628,0.00049,0.086,0.009,1.56
Organic Raspberries,Organic Small Curd Cottage Cheese,1585,0.00047,0.011,0.132,3.11
Total 2% with Strawberry Lowfat Greek Strained Yogurt,Organic Baby Carrots,1426,0.00043,0.046,0.018,1.92
Organic Black Beans,Grated Parmesan,1402,0.00042,0.035,0.03,2.53
Banana,Gluten Free Chocolate Chip Cookies,1703,0.00051,0.003,0.176,1.2
100% Raw Coconut Water,Organic Blueberries,1956,0.00058,0.05,0.019,1.59
Bunched Cilantro,Red Vine Tomato,2426,0.00073,0.051,0.043,3.02
Strawberries,Gala Apples,2646,0.00079,0.018,0.106,2.37
Limes,Peach Pear Flavored Sparkling Water,1133,0.00034,0.008,0.051,1.17
Organic Grade A Large Brown Eggs,Organic Hass Avocado,1743,0.00052,0.105,0.008,1.59
Vanilla Skyr Nonfat Yogurt,Organic Hass Avocado,2242,0.00067,0.119,0.01,1.8
Large Alfresco Eggs,Spring Water,1004,0.0003,0.024,0.017,1.36
Organic Cilantro,Grated Parmesan,1904,0.00057,0.026,0.041,1.86
Russet Potato,Garlic,1506,0.00045,0.049,0.039,4.26
Red Raspberries,Organic Blueberries,1269,0.00038,0.046,0.012,1.46
Shallot,Organic Avocado,2427,0.00073,0.134,0.013,2.42
Organic Garlic,Organic Gala Apples,4599,0.00137,0.04,0.061,1.79
Organic Lemon,Organic Celery Hearts,1677,0.0005,0.018,0.067,2.47
Traditional Plain Greek Yogurt,Banana,2321,0.00069,0.269,0.005,1.83
Organic Sugar Snap Peas,Banana,1687,0.0005,0.195,0.003,1.33
Limes,Grape White/Green Seedless,3139,0.00094,0.021,0.078,1.77
Clementines,Extra Fancy Unsalted Mixed Nuts,1949,0.00058,0.061,0.194,20.2
Organic Coconut Milk,Organic Small Bunch Celery,1740,0.00052,0.061,0.025,2.91
Multigrain Oat Bread,Organic Strawberries,1188,0.00036,0.232,0.004,2.82
Cantaloupe,Organic Blueberries,1495,0.00045,0.06,0.014,1.9
Organic Red Onion,Unsalted Butter,1611,0.00048,0.023,0.043,2.05
Organic Roasted Turkey Breast,Organic Garlic,1616,0.00048,0.055,0.014,1.61
Shells & Real Aged Cheddar Macaroni & Cheese,Organic Strawberries,1125,0.00034,0.144,0.004,1.74
Organic Whole Strawberries,Organic Garlic,2547,0.00076,0.078,0.022,2.29
Clementines,Organic Simply Naked Pita Chips,1722,0.00051,0.053,0.184,19.09
Organic Reduced Fat Milk,Asparagus,1283,0.00038,0.035,0.018,1.64
Organic Mini Sandwich Crackers Peanut Butter,Organic Hass Avocado,1250,0.00037,0.171,0.006,2.59
Organic Medium Salsa,Organic Avocado,1551,0.00046,0.101,0.008,1.83
Bag of Organic Bananas,"Milk, Vitamin D",1999,0.0006,0.005,0.221,1.87
Lime Sparkling Water,Cran Raspberry Sparkling Water,2042,0.00061,0.042,0.188,12.96
100% Raw Coconut Water,Organic Whole String Cheese,1425,0.00043,0.036,0.023,1.97
Organic Reduced Fat 2% Milk,Organic Bread with 21 Whole Grains,1520,0.00045,0.031,0.063,4.3
Bag of Organic Bananas,Lacinato Kale Og,1199,0.00036,0.003,0.2,1.7
Limes,Salted Butter,1756,0.00052,0.012,0.088,2.01
Organic Mayonnaise,Organic Hass Avocado,1166,0.00035,0.128,0.005,1.93
Organic Baby Arugula,Pineapple Chunks,1124,0.00034,0.015,0.043,1.91
Organic Raw Kombucha Gingerade,Sparkling Water Grapefruit,1140,0.00034,0.053,0.014,2.23
Panko Bread Crumbs,Large Lemon,1173,0.00035,0.125,0.007,2.6
Organic Yellow Onion,Spaghetti,1189,0.00036,0.01,0.072,2.05
Shredded Mozzarella,Honeycrisp Apple,1160,0.00035,0.051,0.014,2.03
Organic Strawberries,"Milk, Organic, Vitamin D",3936,0.00118,0.014,0.19,2.3
Organic Black Beans,Organic Italian Parsley Bunch,1543,0.00046,0.039,0.024,2.07
Bag of Organic Bananas,Original No Pulp 100% Florida Orange Juice,1825,0.00055,0.005,0.091,0.77
Unsweetened Almondmilk,Organic Garlic,2832,0.00085,0.055,0.025,1.61
Organic Cilantro,Organic Hass Avocado,12497,0.00373,0.171,0.057,2.59
Organic Baby Spinach,Organic Penne Rigate,1232,0.00037,0.005,0.158,2.09
Ground Turkey Breast,Large Lemon,2781,0.00083,0.1,0.017,2.09
Original Hummus,Honeycrisp Apple,4208,0.00126,0.057,0.051,2.28
Organic Celery Hearts,Organic Avocado,2814,0.00084,0.113,0.015,2.05
Organic D'Anjou Pears,Large Lemon,4364,0.0013,0.086,0.027,1.79
Organic Broccoli Florets,Fresh Cauliflower,1087,0.00032,0.032,0.015,1.43
Apple Honeycrisp Organic,Total 2% Lowfat Greek Strained Yogurt with Peach,1172,0.00035,0.013,0.057,2.19
Organic Sticks Low Moisture Part Skim Mozzarella String Cheese,Uncured Genoa Salami,1203,0.00036,0.034,0.028,2.62
Bag of Organic Bananas,Organic Beef Hot Dogs,3411,0.00102,0.009,0.196,1.66
Organic & Raw Strawberry Serenity Kombucha,Bag of Organic Bananas,1212,0.00036,0.167,0.003,1.41
Orange Bell Pepper,Boneless Skinless Chicken Breasts,1730,0.00052,0.042,0.033,2.69
Basil Pesto,Cucumber Kirby,1037,0.00031,0.063,0.01,2.13
Organic Red Onion,Organic Whole String Cheese,1946,0.00058,0.027,0.032,1.49
Limes,Organic Baby Carrots,5430,0.00162,0.037,0.067,1.54
Electrolyte Enhanced Water,Limes,1111,0.00033,0.051,0.008,1.17
Organic Red Onion,Organic Cucumber,5939,0.00177,0.084,0.07,3.3
Bag of Organic Bananas,Oven Roasted Turkey Breast,3159,0.00094,0.008,0.151,1.28
Seedless Red Grapes,Organic Grape Tomatoes,4455,0.00133,0.051,0.051,1.95
Organic Large Grade AA Brown Eggs,Organic Avocado,1338,0.0004,0.05,0.007,0.91
Organic Whole Milk,Organic Green Seedless Grapes,1968,0.00059,0.014,0.088,2.06
Organic Grape Tomatoes,Unsalted Butter,1583,0.00047,0.018,0.043,1.62
Banana,Goat Cheese Log,1177,0.00035,0.002,0.19,1.29
Organic Roasted Turkey Breast,Organic Small Bunch Celery,1404,0.00042,0.048,0.02,2.25
Organic Large Extra Fancy Fuji Apple,Feta Cheese Crumbles,1088,0.00033,0.014,0.032,1.38
Air Chilled Breaded Chicken Breast Nuggets,Organic Whole Milk,1253,0.00037,0.141,0.009,3.31
Michigan Organic Kale,Globe Eggplant,1120,0.00033,0.016,0.063,2.98
Organic Whole String Cheese,Organic Baby Broccoli,1146,0.00034,0.019,0.035,1.88
Organic Broccoli Florets,Organic Baby Arugula,1250,0.00037,0.036,0.017,1.61
Organic Whole Milk,Organic Bosc Pear,2020,0.0006,0.014,0.091,2.14
Mini Cucumbers,Large Lemon,1012,0.0003,0.125,0.006,2.59
Banana,Organic Lemonade,1239,0.00037,0.003,0.134,0.91
Sparkling Water Grapefruit,Trilogy Kombucha Drink,1059,0.00032,0.013,0.061,2.56
Boneless Skinless Chicken Breasts,Organic Half & Half,1204,0.00036,0.023,0.015,0.97
Bartlett Pears,Organic Peeled Whole Baby Carrots,1123,0.00034,0.031,0.019,1.77
Mango Chunks,Large Lemon,1870,0.00056,0.101,0.012,2.11
Yellow Onions,Grated Parmesan,2839,0.00085,0.037,0.06,2.63
Limes,Spaghetti,1367,0.00041,0.009,0.083,1.9
Organic Tomato Paste,Organic Garlic,3156,0.00094,0.172,0.028,5.05
Organic Reduced Fat 2% Milk,Organic Raspberries,5753,0.00172,0.117,0.04,2.73
Organic Whole Milk,Total 2% Lowfat Greek Strained Yogurt with Peach,1493,0.00045,0.01,0.073,1.7
Banana,Honeydew Melon,1902,0.00057,0.004,0.218,1.49
Organic Large Grade AA Omega-3 Eggs,Organic Hass Avocado,1495,0.00045,0.163,0.007,2.47
"Crispy Wheat, Crackers",Organic Strawberries,1538,0.00046,0.199,0.006,2.41
100% Recycled Paper Towels,Large Lemon,2113,0.00063,0.073,0.013,1.51
Organic Strawberries,Medium Navel Orange,1507,0.00045,0.005,0.14,1.7
Organic Whole String Cheese,Organic Granny Smith Apple,2449,0.00073,0.04,0.04,2.17
Organic Strawberries,Organic Extra Virgin Olive Oil,1451,0.00043,0.005,0.105,1.27
Shredded Parmesan,Organic Red Bell Pepper,1492,0.00045,0.04,0.025,2.21
Carrots,Organic Peeled Whole Baby Carrots,1180,0.00035,0.016,0.02,0.91
Yellow Bell Pepper,Red Peppers,4198,0.00125,0.158,0.072,9.07
Organic Baby Spinach,Light Brown Sugar,1499,0.00045,0.006,0.108,1.44
Total 0% Nonfat Plain Greek Yogurt,Large Lemon,1632,0.00049,0.107,0.01,2.23
Strawberries,Unsalted Butter,2273,0.00068,0.015,0.061,1.37
Banana,Organic Skim Milk,1096,0.00033,0.002,0.216,1.47
Organic Baby Spinach,YoKids Blueberry & Strawberry/Vanilla Yogurt,1491,0.00045,0.006,0.118,1.57
Organic Kiwi,Whipped Cream Cheese,1009,0.0003,0.019,0.031,2.01
Organic Low Sodium Chicken Cooking Stock,Banana,1180,0.00035,0.176,0.002,1.2
Limes,Organic Shredded Carrots,2326,0.0007,0.016,0.111,2.52
Bag of Organic Bananas,Classic Almond Butter,1230,0.00037,0.003,0.184,1.56
Pure Sparkling Water,Honeycrisp Apple,1300,0.00039,0.043,0.016,1.74
Organic Large Extra Fancy Fuji Apple,Organic Black Beans,1948,0.00058,0.025,0.049,2.11
Organic Strawberries,White Peach,1750,0.00052,0.006,0.195,2.37
Fresh Cauliflower,Whipped Cream Cheese,1282,0.00038,0.017,0.04,1.79
Organic Whole Strawberries,Organic Cilantro,1502,0.00045,0.046,0.021,2.11
Organic Whole Grain Wheat English Muffins,Organic Whole Milk,1194,0.00036,0.085,0.008,1.98
Organic Vanilla Extract,Organic Strawberries,1374,0.00041,0.141,0.005,1.71
Strawberries,Strawberry Preserves,1199,0.00036,0.008,0.076,1.69
Organic Multigrain Waffles,Organic Strawberries,2469,0.00074,0.222,0.009,2.69
Honeycrisp Apple,Unsweetened Original Almond Breeze Almond Milk,1462,0.00044,0.018,0.041,1.63
Organic Red Bell Pepper,Organic Half & Half,2041,0.00061,0.034,0.026,1.44
Strawberries,Total 0% Greek Yogurt,2030,0.00061,0.014,0.075,1.67
Carrots,Organic Avocado,7712,0.0023,0.103,0.042,1.86
Organic Celery Hearts,Organic Strawberries,3449,0.00103,0.139,0.013,1.68
Red Raspberries,Michigan Organic Kale,1017,0.0003,0.037,0.015,1.75
Organic Baby Spinach,Original Hummus,11430,0.00342,0.045,0.154,2.05
Organic Baby Carrots,Sparkling Water Grapefruit,3162,0.00094,0.039,0.04,1.66
Organic Mayonnaise,Organic Strawberries,1324,0.0004,0.145,0.005,1.76
Organic Cilantro,Lime Sparkling Water,1066,0.00032,0.015,0.022,1.01
100% Whole Wheat Bread,Shredded Mild Cheddar Cheese,1052,0.00031,0.017,0.038,2.01
Organic Broccoli Crowns,Original Hummus,1210,0.00036,0.063,0.016,2.85
Organic Large Brown Grade AA Cage Free Eggs,Organic Baby Carrots,1014,0.0003,0.031,0.013,1.27
Organic Garlic,Grape White/Green Seedless,2369,0.00071,0.021,0.058,1.72
Strawberry Preserves,Organic Hass Avocado,1517,0.00045,0.096,0.007,1.45
Banana,Pulp Free Orange Juice,1672,0.0005,0.003,0.165,1.13
Organic Baby Spinach,Water,1045,0.00031,0.004,0.074,0.98
Half & Half,Sparkling Natural Mineral Water,1360,0.00041,0.019,0.03,1.42
Ezekiel 4:9 Bread Organic Sprouted Whole Grain,Organic Raspberries,1356,0.00041,0.073,0.01,1.72
Bag of Organic Bananas,Pretzel Crisps Original Deli Style Pretzel Crackers,2662,0.0008,0.007,0.161,1.36
Organic Baby Arugula,Organic Bell Pepper,1217,0.00036,0.016,0.05,2.21
Organic Cilantro,Total Greek Strained Yogurt,1174,0.00035,0.016,0.043,1.96
Organic Yellow Onion,Fresh Ginger Root,1525,0.00046,0.013,0.06,1.71
Organic D'Anjou Pears,Michigan Organic Kale,2203,0.00066,0.043,0.031,2.07
Organic Raspberries,Organic Shredded Carrots,1644,0.00049,0.012,0.078,1.83
Organic Broccoli Crowns,Organic Cucumber,1469,0.00044,0.077,0.017,3.02
Boneless Skinless Chicken Breast,Fresh Cauliflower,1200,0.00036,0.051,0.016,2.3
Seedless Red Grapes,Organic Bartlett Pear,1903,0.00057,0.022,0.049,1.9
Organic Baby Spinach,Organic Raspberries,18808,0.00562,0.075,0.132,1.75
Fresh Cauliflower,Organic Grape Tomatoes,4811,0.00144,0.065,0.055,2.46
Fresh Cauliflower,Organic Ginger Root,4076,0.00122,0.055,0.075,3.4
Unsweetened Almondmilk,Organic Italian Parsley Bunch,1662,0.0005,0.032,0.026,1.71
2% Reduced Fat Milk,Organic Fuji Apple,1825,0.00055,0.047,0.02,1.7
Bag of Organic Bananas,Organic Tomato Cluster,15695,0.00469,0.04,0.235,1.99
Organic Fresh Basil,Organic Grape Tomatoes,1169,0.00035,0.096,0.013,3.64
Sugar Snap Peas,Organic Zucchini,1097,0.00033,0.074,0.01,2.27
Organic Romaine,Organic Garlic,2237,0.00067,0.09,0.02,2.65
Yellow Onions,Organic Russet Potato,1723,0.00051,0.022,0.051,2.22
Organic Whole Milk,Organic Beef Hot Dogs,2016,0.0006,0.014,0.116,2.72
100% Whole Wheat Bread,Organic Bartlett Pear,1402,0.00042,0.022,0.036,1.92
100% Whole Wheat Bread,Fresh Cauliflower,1867,0.00056,0.03,0.025,1.33
Lime Sparkling Water,Organic Zucchini,1678,0.0005,0.035,0.015,1.06
Michigan Organic Kale,Cucumber Kirby,5793,0.00173,0.083,0.058,2.77
Organic Garlic,Organic Bunch Beets,1810,0.00054,0.016,0.12,3.53
Organic Thyme,Organic Hass Avocado,2454,0.00073,0.121,0.011,1.84
Carrots,Half & Half,2363,0.00071,0.031,0.033,1.47
100% Whole Wheat Bread,Organic Mexican Blend Finely Shredded Cheese,1080,0.00032,0.017,0.057,3.01
Bag of Organic Bananas,Gluten Free White Sandwich Bread,1120,0.00033,0.003,0.163,1.38
Organic Kiwi,Organic Garnet Sweet Potato (Yam),2489,0.00074,0.048,0.046,2.94
Bag of Organic Bananas,Crunchy Oats 'n Honey Granola Bars,1154,0.00034,0.003,0.127,1.08
Apple Cider Vinegar,Organic Hass Avocado,1033,0.00031,0.102,0.005,1.54
Uncured Genoa Salami,Organic Tomato Cluster,1626,0.00049,0.038,0.024,1.88
Organic Hothouse Cucumbers,Organic Small Bunch Celery,1847,0.00055,0.074,0.026,3.52
Bag of Organic Bananas,Sparkling Water Berry,2052,0.00061,0.005,0.113,0.96
Bag of Organic Bananas,Mandarin Oranges,1535,0.00046,0.004,0.131,1.11
Yellow Bell Pepper,Organic Avocado,4275,0.00128,0.161,0.023,2.92
Organic Stringles Mozzarella String Cheese,Organic Hass Avocado,1131,0.00034,0.136,0.005,2.07
Organic Raspberries,Bartlett Pears,1742,0.00052,0.012,0.048,1.12
Natural Classic Pork Breakfast Sausage,Organic Strawberries,1614,0.00048,0.19,0.006,2.31
Green Beans,Organic Blueberries,1401,0.00042,0.046,0.013,1.48
Organic Strawberries,Peanut Butter Chocolate Chip Fruit & Nut Food Bar,1020,0.0003,0.004,0.129,1.56
YoBaby Peach Pear Yogurt,Organic Avocado,1025,0.00031,0.115,0.006,2.09
Whole Milk Ricotta Cheese,Organic Yellow Onion,1104,0.00033,0.102,0.009,2.91
Organic White Onions,Organic Tomato Cluster,1726,0.00052,0.07,0.026,3.53
Organic Red Onion,Organic Hass Avocado,11593,0.00346,0.164,0.052,2.48
Fat Free Strawberry Yogurt,Total 0% with Honey Nonfat Greek Strained Yogurt,1811,0.00054,0.178,0.156,51.33
Organic Lacinato (Dinosaur) Kale,Organic Grape Tomatoes,2849,0.00085,0.064,0.032,2.41
Bag of Organic Bananas,Organic Dark Chocolate Peanut Butter Cups,2244,0.00067,0.006,0.192,1.63
Strawberries,Organic Tomato Cluster,2975,0.00089,0.02,0.045,1.0
Organic Garlic,Organic Raspberries,7750,0.00232,0.068,0.054,1.6
Organic Strawberries,Organic Creamy Peanut Butter,3568,0.00107,0.013,0.19,2.3
Organic Bread with 21 Whole Grains,Red Peppers,1040,0.00031,0.043,0.018,2.5
Organic Strawberries,Baby Arugula,1283,0.00038,0.005,0.113,1.37
Organic Coconut Milk,Organic Avocado,3336,0.001,0.118,0.018,2.14
Organic Romaine,Cucumber Kirby,2324,0.00069,0.094,0.023,3.14
European Cucumber,Organic Raspberries,1060,0.00032,0.056,0.007,1.31
Organic Cilantro,Garlic,2975,0.00089,0.041,0.077,3.54
"Organic Red Radish, Bunch",Organic Italian Parsley Bunch,2586,0.00077,0.091,0.041,4.86
100% Recycled Paper Towels,Fresh Cauliflower,1049,0.00031,0.036,0.014,1.63
Organic Whole String Cheese,Lime Sparkling Water,1891,0.00057,0.031,0.039,2.12
Granny Smith Apples,Cucumber Kirby,2654,0.00079,0.071,0.027,2.37
Yellow Onions,Diced Tomatoes,1695,0.00051,0.022,0.117,5.09
Organic Mint,Organic Avocado,1801,0.00054,0.088,0.01,1.6
Green Onions,Honeycrisp Apple,1039,0.00031,0.037,0.012,1.49
Organic Cucumber,Feta Cheese Crumbles,2519,0.00075,0.03,0.075,2.93
Natural Spring Water,Organic Strawberries,1531,0.00046,0.075,0.006,0.91
Lime,Organic Strawberries,1048,0.00031,0.095,0.004,1.15
Bag of Organic Bananas,Organic Vanilla Almond Milk,2612,0.00078,0.007,0.218,1.85
Organic D'Anjou Pears,Organic Blackberries,2246,0.00067,0.044,0.035,2.29
Thin Crust Pepperoni Pizza,Banana,2386,0.00071,0.22,0.005,1.5
Ezekiel 4:9 Bread Organic Sprouted Whole Grain,Organic Blueberries,1028,0.00031,0.056,0.01,1.77
Organic Italian Parsley Bunch,Organic Sour Cream,1473,0.00044,0.023,0.053,2.82
Half & Half,Organic Blueberries,2302,0.00069,0.032,0.022,1.02
Organic Creamy Tomato Soup,Banana,1599,0.00048,0.213,0.003,1.45
Organic Thyme,Organic Basil,1193,0.00036,0.059,0.043,7.08
Organic Romaine Lettuce,Honeycrisp Apple,1445,0.00043,0.04,0.017,1.61
Limes,Organic Beef Hot Dogs,1215,0.00036,0.008,0.07,1.6
Organic Baby Spinach,Original Veggie Straws,2417,0.00072,0.01,0.138,1.83
Small Hass Avocado,Cucumber Kirby,3326,0.00099,0.064,0.033,2.14
Organic Honey Sweet Whole Wheat Bread,Organic Raspberries,1076,0.00032,0.089,0.008,2.09
Limes,Organic Bosc Pear,1593,0.00048,0.011,0.072,1.64
Organic Reduced Fat 2% Milk,Organic Gala Apples,2715,0.00081,0.055,0.036,2.43
Bag of Organic Bananas,Sparkling Natural Mineral Water,7773,0.00232,0.02,0.174,1.47
Organic Old Fashioned Rolled Oats,Organic Hass Avocado,3009,0.0009,0.144,0.014,2.18
Bag of Organic Bananas,Organic Mexican Blend Finely Shredded Cheese,4787,0.00143,0.012,0.252,2.13
Sharp Cheddar Cheese,Half & Half,1520,0.00045,0.048,0.021,2.26
Organic Russet Potato,Organic Hass Avocado,5483,0.00164,0.163,0.025,2.46
Organic Large Extra Fancy Fuji Apple,Large Lemon,5058,0.00151,0.065,0.031,1.35
Organic Blackberries,Large Lemon,4842,0.00145,0.075,0.03,1.56
Organic Baby Arugula,Organic Small Bunch Celery,3896,0.00116,0.051,0.055,2.43
Organic Whole String Cheese,Organic Baby Carrots,4117,0.00123,0.067,0.051,2.78
Shredded Parmesan,Organic Garlic,3774,0.00113,0.1,0.033,2.94
Organic Garlic,Organic Extra Firm Tofu,3294,0.00098,0.029,0.109,3.19
Small Hass Avocado,Organic Strawberries,6130,0.00183,0.118,0.022,1.43
Strawberries,Oven Roasted Turkey Breast,1349,0.0004,0.009,0.064,1.44
Organic Peeled Whole Baby Carrots,Organic Ginger Root,1527,0.00046,0.026,0.028,1.63
Blueberries,Unsweetened Original Almond Breeze Almond Milk,1406,0.00042,0.024,0.039,2.24
Organic Navel Orange,Extra Virgin Olive Oil,1016,0.0003,0.023,0.019,1.45
Organic Whole Milk,Organic Half & Half,6939,0.00207,0.049,0.088,2.06
Organic Whole Kernel Sweet Corn No Salt Added,Organic Avocado,1906,0.00057,0.143,0.01,2.6
"YoKids Squeezers Organic Low-Fat Yogurt, Strawberry",Organic Grape Tomatoes,1197,0.00036,0.059,0.014,2.24
Reduced Fat Milk,Organic Strawberries,1112,0.00033,0.112,0.004,1.36
Banana,White Peach,2589,0.00077,0.005,0.289,1.97
Organic Nectarine,Banana,2456,0.00073,0.186,0.005,1.27
Ground Turkey Breast,Honeycrisp Apple,1659,0.0005,0.06,0.02,2.41
Large Alfresco Eggs,Organic D'Anjou Pears,1283,0.00038,0.03,0.025,2.0
Organic Lemon,Lightly Salted Baked Snap Pea Crisps,1217,0.00036,0.013,0.047,1.72
Yellow Bell Pepper,Organic Baby Arugula,1558,0.00047,0.059,0.021,2.58
Organic Whole Milk,Total 2% All Natural Low Fat 2% Milkfat Greek Strained Yogurt,1647,0.00049,0.012,0.109,2.55
Organic Raspberries,"Yogurt, Strained Low-Fat, Coconut",1165,0.00035,0.008,0.093,2.18
Oven Roasted Turkey Breast,Organic Hass Avocado,1675,0.0005,0.08,0.008,1.21
Organic Shredded Carrots,Cucumber Kirby,1881,0.00056,0.089,0.019,3.0
Organic Russet Potato,Organic D'Anjou Pears,1260,0.00038,0.037,0.025,2.46
Organic Raspberries,Organic Macaroni Shells & Real Aged Cheddar,1179,0.00035,0.008,0.104,2.44
Whole Milk,Fresh CA Grown Eggs,1327,0.0004,0.036,0.125,11.27
Organic Lemon,"Milk, Organic, Vitamin D",1056,0.00032,0.012,0.051,1.86
Organic Green Seedless Grapes,Organic Grape Tomatoes,1684,0.0005,0.075,0.019,2.86
Organic Baby Spinach,Fresh Cauliflower,13343,0.00399,0.053,0.18,2.39
Large Alfresco Eggs,Fresh Cauliflower,2225,0.00066,0.053,0.03,2.37
Chicken Breast Tenders Breaded,Banana,2260,0.00068,0.258,0.005,1.75
Red Raspberries,Cucumber Kirby,1769,0.00053,0.064,0.018,2.14
Michigan Organic Kale,Organic Peeled Whole Baby Carrots,2432,0.00073,0.035,0.042,2.01
Organic Homestyle Mini Waffles,Organic Strawberries,1458,0.00044,0.263,0.005,3.2
Banana,No Salt Added Black Beans,9099,0.00272,0.019,0.312,2.12
Organic D'Anjou Pears,Organic Cucumber,4227,0.00126,0.083,0.05,3.27
Organic Beef Uncured Hot Dogs,Organic Baby Spinach,1538,0.00046,0.124,0.006,1.64
Carrots,Organic Butternut Squash,1565,0.00047,0.021,0.076,3.39
Organic Navel Orange,Organic Tomato Cluster,2392,0.00071,0.054,0.036,2.68
Total 2% Lowfat Greek Strained Yogurt with Peach,Cucumber Kirby,1049,0.00031,0.051,0.011,1.71
Organic Yellow Onion,Organic Spring Mix Salad,1551,0.00046,0.013,0.07,1.99
Organic Baby Arugula,Organic Shredded Carrots,1463,0.00044,0.019,0.07,3.07
Strawberries,Original Veggie Straws,1259,0.00038,0.008,0.072,1.61
Banana,Fig Newmans Fruit Filled Cookies,1147,0.00034,0.002,0.194,1.32
Organic Black Beans,Organic Fuji Apple,1347,0.0004,0.034,0.015,1.23
Organic Original Almond Milk,Organic Baby Spinach,1501,0.00045,0.145,0.006,1.92
Organic Cilantro,Red Vine Tomato,3106,0.00093,0.043,0.055,2.51
Green Bell Pepper,No Salt Added Black Beans,1706,0.00051,0.029,0.058,3.37
100% Raw Coconut Water,Organic Reduced Fat 2% Milk,1016,0.0003,0.026,0.021,1.75
Carrots,Grated Parmesan,2574,0.00077,0.034,0.055,2.44
Sparkling Natural Mineral Water,Asparagus,1124,0.00034,0.025,0.016,1.18
Mild Cheddar Cheese Sticks,Organic Whole String Cheese,1640,0.00049,0.14,0.027,7.6
Organic Zucchini,Organic Brown Rice,1132,0.00034,0.01,0.076,2.33
Orange Bell Pepper,Organic Half & Half,1075,0.00032,0.026,0.014,1.11
Cantaloupe,Original Hummus,1188,0.00036,0.047,0.016,2.13
Apple Honeycrisp Organic,Organic Lacinato (Dinosaur) Kale,2901,0.00087,0.033,0.065,2.48
Lightly Salted Baked Snap Pea Crisps,Half & Half,1054,0.00031,0.041,0.015,1.9
Yellow Onions,Organic Carrot Bunch,1999,0.0006,0.026,0.053,2.31
Organic Garlic,Firm Tofu,1064,0.00032,0.009,0.096,2.83
Organic Granny Smith Apple,Asparagus,2394,0.00072,0.039,0.034,1.84
Organic Banana,Organic Avocado,1354,0.0004,0.065,0.007,1.18
Carrots,Organic White Onions,2070,0.00062,0.028,0.085,3.76
Bag of Organic Bananas,Garlic,4385,0.00131,0.011,0.114,0.96
Organic Nectarine,Limes,1063,0.00032,0.081,0.007,1.84
Organic Garlic,Organic Blueberries,4707,0.00141,0.041,0.045,1.32
Sinfully Sweet Campari Tomatoes,Organic Hass Avocado,1121,0.00034,0.069,0.005,1.04
Yellow Onions,Red Raspberries,1206,0.00036,0.016,0.044,1.89
Organic Garlic,Frozen Broccoli Florets,1069,0.00032,0.009,0.066,1.94
Bag of Organic Bananas,Organic Leek,3886,0.00116,0.01,0.19,1.61
Organic Original Hommus,Organic Baby Spinach,2427,0.00073,0.176,0.01,2.35
Organic Strawberries,Spinach Peas & Pear Stage 2 Baby Food,1420,0.00042,0.005,0.171,2.08
Peanut Butter Chocolate Chip Fruit & Nut Food Bar,Apple Pie Fruit & Nut Food Bar,1247,0.00037,0.158,0.161,68.2
Shredded Mild Cheddar Cheese,Organic Avocado,3058,0.00091,0.11,0.017,2.0
Apple Honeycrisp Organic,Red Vine Tomato,1698,0.00051,0.019,0.03,1.15
Organic Red Bell Pepper,Large Alfresco Eggs,1779,0.00053,0.03,0.042,2.35
Organic Broccoli Crowns,Asparagus,1006,0.0003,0.053,0.014,2.47
Boneless Skinless Chicken Breasts,Organic Blueberries,1973,0.00059,0.038,0.019,1.2
Raisins,Banana,2246,0.00067,0.276,0.005,1.88
Organic D'Anjou Pears,Asparagus,2268,0.00068,0.045,0.032,2.1
Small Hass Avocado,Red Peppers,2389,0.00071,0.046,0.041,2.64
Seedless Red Grapes,Pure Sparkling Water,1033,0.00031,0.012,0.034,1.33
Sparkling Water Berry,Half & Half,1310,0.00039,0.072,0.018,3.38
Small Hass Avocado,Organic Italian Parsley Bunch,1598,0.00048,0.031,0.025,1.63
Organic Red Potato,Large Lemon,1204,0.00036,0.123,0.007,2.56
"Clementines, Bag",Organic Baby Carrots,1772,0.00053,0.043,0.022,1.78
Basil Pesto,Large Lemon,1652,0.00049,0.101,0.01,2.1
No Salt Added Black Beans,Garlic,1083,0.00032,0.037,0.028,3.22
Organic Large Extra Fancy Fuji Apple,Organic Large Green Asparagus,1349,0.0004,0.017,0.067,2.89
Air Chilled Organic Boneless Skinless Chicken Breasts,Honeycrisp Apple,1033,0.00031,0.059,0.012,2.38
Cheerios Cereal,Banana,2118,0.00063,0.261,0.004,1.78
Half & Half,Large Lemon,4834,0.00144,0.067,0.03,1.4
Banana,Total 0% with Honey Nonfat Greek Strained Yogurt,3157,0.00094,0.006,0.272,1.85
Organic Blackberries,Organic Ginger Root,1629,0.00049,0.025,0.03,1.56
Bing Cherries,Bag of Organic Bananas,2357,0.0007,0.159,0.006,1.34
Seedless Red Grapes,Organic Sticks Low Moisture Part Skim Mozzarella String Cheese,2107,0.00063,0.024,0.059,2.29
Yellow Onions,Organic Grape Tomatoes,4035,0.00121,0.052,0.046,1.99
Shredded Parmesan,Original Hummus,1975,0.00059,0.052,0.027,2.36
Shredded Mozzarella,Original Hummus,1179,0.00035,0.051,0.016,2.32
Sparkling Water Berry,Lime Sparkling Water,4338,0.0013,0.239,0.089,16.51
Organic Yellow Onion,Organic Banana,1260,0.00038,0.011,0.06,1.71
Bag of Organic Bananas,Organic Sour Cream,5196,0.00155,0.013,0.187,1.59
Apple Honeycrisp Organic,Organic Blueberries,4918,0.00147,0.056,0.047,1.8
Bag of Organic Bananas,Organic Grade A Large Brown Eggs,2650,0.00079,0.007,0.16,1.35
Organic Baby Spinach,Strawberry Preserves,1405,0.00042,0.006,0.089,1.18
Clementines,Original Beef Jerky,1053,0.00031,0.033,0.157,16.34
Sparkling Water Grapefruit,Grape White/Green Seedless,1479,0.00044,0.019,0.037,1.54
Organic Lacinato (Dinosaur) Kale,Organic Avocado,5103,0.00153,0.114,0.028,2.07
Organic Carrot Bunch,Organic Half & Half,1213,0.00036,0.032,0.015,1.37
Organic Grape Tomatoes,Grape White/Green Seedless,2567,0.00077,0.029,0.063,2.41
Apple Honeycrisp Organic,Organic Green Seedless Grapes,1804,0.00054,0.021,0.081,3.1
Orange Bell Pepper,Organic Whole Milk,2240,0.00067,0.055,0.016,1.28
Organic Baby Spinach,Vine Ripe Tomatoes,1255,0.00038,0.005,0.078,1.04
Organic Yellow Peaches,Organic Kiwi,1739,0.00052,0.079,0.033,5.09
Organic Large Extra Fancy Fuji Apple,Grape White/Green Seedless,1881,0.00056,0.024,0.046,1.99
Bag of Organic Bananas,Zero Calorie Cola,1187,0.00035,0.003,0.133,1.13
Red Vine Tomato,Organic Kiwi,1511,0.00045,0.027,0.029,1.72
Organic Strawberries,Sparkling Natural Mineral Water,3968,0.00119,0.014,0.089,1.08
Sharp Cheddar Cheese,Organic Small Bunch Celery,1181,0.00035,0.038,0.017,1.78
Organic Lacinato (Dinosaur) Kale,Sparkling Water Grapefruit,1777,0.00053,0.04,0.022,1.67
Bag of Organic Bananas,Organic Free Range Chicken Broth,2312,0.00069,0.006,0.173,1.46
White Corn,Organic Zucchini,1641,0.00049,0.085,0.015,2.59
Bag of Organic Bananas,Organic Red Potato,2208,0.00066,0.006,0.225,1.91
Organic Lemon,Honeycrisp Apple,2948,0.00088,0.032,0.035,1.3
Organic Zucchini,Organic Cauliflower,1310,0.00039,0.012,0.101,3.1
Seedless Red Grapes,Organic Whole Strawberries,1045,0.00031,0.012,0.032,1.23
Organic Strawberries,Raspberry Yoghurt,1078,0.00032,0.004,0.123,1.5
Organic Reduced Fat Milk,Organic Bartlett Pear,1152,0.00034,0.031,0.03,2.7
Banana,Coconut Yoghurt,1449,0.00043,0.003,0.221,1.5
Organic Strawberries,Organic Small Bunch Celery,11203,0.00335,0.041,0.158,1.92
Sparkling Lemon Water,Large Lemon,2672,0.0008,0.078,0.017,1.63
Organic Zucchini,Asparagus,7261,0.00217,0.066,0.102,3.12
Organic Old Fashioned Rolled Oats,Organic Avocado,2314,0.00069,0.111,0.013,2.01
100% Whole Wheat Bread,Bag of Organic Bananas,11247,0.00336,0.178,0.028,1.51
Organic Diced Tomatoes,Organic Garbanzo Beans,1319,0.00039,0.058,0.042,6.2
Banana,Soft Pretzel Mini Buns,1471,0.00044,0.003,0.237,1.61
Organic No Salt Added Diced Tomatoes,Organic Hass Avocado,1405,0.00042,0.132,0.006,2.0
Organic D'Anjou Pears,Grape White/Green Seedless,1790,0.00053,0.035,0.044,2.91
Boneless Skinless Chicken Breasts,Shredded Mild Cheddar Cheese,1106,0.00033,0.021,0.04,2.54
Banana,White Corn,4781,0.00143,0.01,0.246,1.68
Organic Lemon,Organic Kiwi,3859,0.00115,0.042,0.074,2.72
Organic Navel Orange,Organic Zucchini,3429,0.00102,0.077,0.031,2.35
Bag of Organic Bananas,Water,2320,0.00069,0.006,0.164,1.39
Red Onion,Cucumber Kirby,4894,0.00146,0.11,0.049,3.69
Cage Free Large White Eggs,Bag of Organic Bananas,1318,0.00039,0.127,0.003,1.08
Organic Whole Milk,Guacamole,1176,0.00035,0.008,0.063,1.48
85% Lean Ground Beef,Organic Baby Spinach,1776,0.00053,0.139,0.007,1.85
Organic Snipped Green Beans,Organic Gala Apples,1014,0.0003,0.056,0.013,2.46
Fat Free Milk,Organic Baby Spinach,1763,0.00053,0.058,0.007,0.77
Organic Yellow Onion,Lime Sparkling Water,2147,0.00064,0.018,0.044,1.26
Organic Unsalted Butter,Large Lemon,1511,0.00045,0.068,0.009,1.41
Organic Broccoli Crowns,Organic Ginger Root,1011,0.0003,0.053,0.019,3.27
Organic Whole Strawberries,Organic Tomato Cluster,1229,0.00037,0.038,0.018,1.88
Organic Yellow Onion,Organic Green Lentils,1092,0.00033,0.009,0.145,4.11
Yellow Onions,Unsweetened Original Almond Breeze Almond Milk,1188,0.00036,0.015,0.033,1.43
Carrots,White Corn,1118,0.00033,0.015,0.058,2.56
Organic Grade A Free Range Large Brown Eggs,Organic Baby Arugula,1863,0.00056,0.045,0.025,1.97
Red Raspberries,Organic Fuji Apple,1869,0.00056,0.067,0.02,2.43
Organic Tomato Basil Pasta Sauce,Organic Hass Avocado,2155,0.00064,0.122,0.01,1.86
Organic Lemon,Red Raspberries,1249,0.00037,0.014,0.045,1.65
Russet Potato,Organic Baby Arugula,1036,0.00031,0.034,0.014,1.49
Whole Milk,Small Hass Avocado,1058,0.00032,0.029,0.02,1.84
Bag of Organic Bananas,Oats & Honey Gluten Free Granola,1353,0.0004,0.003,0.163,1.38
Organic Broccoli Florets,Organic Hass Avocado,4320,0.00129,0.126,0.02,1.91
Organic Red Bell Pepper,Organic Yellow Onion,7919,0.00237,0.132,0.067,3.76
Organic Red Onion,Organic Small Bunch Celery,4567,0.00136,0.065,0.065,3.05
Organic American Cheese Singles,Organic Strawberries,3892,0.00116,0.208,0.014,2.52
Organic Cucumber,Organic Baby Carrots,5099,0.00152,0.06,0.063,2.49
Organic Whole Milk,Organic Hothouse Cucumbers,1800,0.00054,0.013,0.073,1.7
Organic Navel Orange,Organic Raspberries,5505,0.00165,0.123,0.039,2.89
Organic Navel Orange,Organic Large Extra Fancy Fuji Apple,4363,0.0013,0.098,0.056,4.18
Organic Whole Milk,Pure Irish Butter,2765,0.00083,0.019,0.078,1.83
Garlic,Organic Hass Avocado,3215,0.00096,0.083,0.015,1.26
Organic Whole Strawberries,Organic Whole Milk,2437,0.00073,0.075,0.017,1.75
Organic Large Brown Grade AA Cage Free Eggs,Original Hummus,2010,0.0006,0.06,0.027,2.73
Organic Lacinato (Dinosaur) Kale,Organic Raspberries,4386,0.00131,0.098,0.031,2.3
Organic Cucumber,Organic Mexican Blend Finely Shredded Cheese,1024,0.00031,0.012,0.054,2.12
Blueberries,Blackberries,2316,0.00069,0.04,0.097,5.56
2% Reduced Fat DHA Omega-3 Reduced Fat Milk,Organic Baby Spinach,1866,0.00056,0.134,0.007,1.78
Organic Whole Milk,Grated Parmesan,5049,0.00151,0.035,0.108,2.52
Dried Sweetened Cranberries,Banana,1758,0.00053,0.267,0.004,1.82
Sharp Cheddar Cheese,Red Peppers,1199,0.00036,0.038,0.021,2.19
Watermelon Chunks,Cucumber Kirby,1770,0.00053,0.07,0.018,2.34
Organic Large Extra Fancy Fuji Apple,Organic Blackberries,2592,0.00077,0.033,0.04,1.72
Soda,Mixed Fruit Fruit Snacks,1380,0.00041,0.037,0.132,11.85
Green Beans,Organic Avocado,4388,0.00131,0.145,0.024,2.64
Organic Milk,Strawberries,1062,0.00032,0.037,0.007,0.82
Pineapple Chunks,Organic Avocado,2942,0.00088,0.113,0.016,2.05
Grade A Large White Eggs,Banana,3774,0.00113,0.288,0.008,1.96
Total 2% Lowfat Greek Strained Yogurt With Blueberry,Organic Reduced Fat 2% Milk,1132,0.00034,0.053,0.023,3.58
Bag of Organic Bananas,Classic Hummus,1463,0.00044,0.004,0.113,0.96
Small Hass Avocado,Fresh Cauliflower,2130,0.00064,0.041,0.029,1.84
Organic Broccoli Florets,Honeycrisp Apple,1071,0.00032,0.031,0.013,1.26
Banana,Mandarins Bag,1929,0.00058,0.004,0.339,2.31
Organic Baby Arugula,Organic Spring Mix Salad,1394,0.00042,0.018,0.063,2.77
"Almondmilk Creamer, Vanilla",Banana,1034,0.00031,0.182,0.002,1.24
Banana,"Milk, Vitamin D",1297,0.00039,0.003,0.144,0.98
Organic Baby Broccoli,Organic Tomato Cluster,1683,0.0005,0.051,0.025,2.54
Bag of Organic Bananas,Organic Grape Tomatoes,17470,0.00522,0.044,0.198,1.68
Raspberry Preserves,Organic Hass Avocado,1096,0.00033,0.105,0.005,1.59
Pure Irish Butter,Organic Gala Apples,1050,0.00031,0.03,0.014,1.31
Frozen Broccoli Florets,Organic Hass Avocado,1140,0.00034,0.071,0.005,1.07
Organic Whole Milk,Unsalted Butter,4406,0.00132,0.031,0.119,2.78
Blueberries,Grape White/Green Seedless,1008,0.0003,0.017,0.025,1.43
Organic Purple Kale,Organic Baby Spinach,1566,0.00047,0.204,0.006,2.71
Organic Whole Milk,Firm Tofu,1033,0.00031,0.007,0.094,2.19
Organic Baby Spinach,Organic Lightly Salted Brown Rice Cakes,1088,0.00033,0.004,0.125,1.66
Organic Yellow Onion,Cucumber Kirby,4766,0.00142,0.04,0.048,1.36
Organic Raspberries,Organic Cilantro,5808,0.00174,0.041,0.08,1.87
Organic Lacinato (Dinosaur) Kale,Organic Cilantro,3383,0.00101,0.075,0.046,3.46
Cherubs Heavenly Salad Tomatoes,Organic Avocado,1523,0.00046,0.067,0.008,1.23
Whole Milk,Organic Strawberries,1992,0.0006,0.054,0.007,0.65
Organic Bunny Fruit Snacks Berry Patch,Organic Baby Spinach,1327,0.0004,0.096,0.005,1.27
Bag of Organic Bananas,Canola Oil,1070,0.00032,0.003,0.105,0.89
Peach Pear Flavored Sparkling Water,Large Lemon,1336,0.0004,0.06,0.008,1.26
Half & Half,Bartlett Pears,1176,0.00035,0.016,0.032,1.5
Organic Butternut Squash,Organic Raspberries,1770,0.00053,0.086,0.012,2.02
Organic Snipped Green Beans,Organic Whole Milk,1577,0.00047,0.087,0.011,2.03
Organic Butternut Squash,Asparagus,1001,0.0003,0.049,0.014,2.29
Organic Granny Smith Apple,Organic Kiwi,3357,0.001,0.055,0.065,3.53
Organic Large Grade A Brown Eggs,Large Lemon,1574,0.00047,0.107,0.01,2.24
Organic Strawberries,Brussels Sprouts,2466,0.00074,0.009,0.105,1.28
Green Bell Pepper,Organic Romaine,1134,0.00034,0.02,0.046,2.64
Super Greens Salad,Organic Small Bunch Celery,1046,0.00031,0.066,0.015,3.1
Tommy/Kent/Keitt/Haden Mango,Organic Baby Spinach,1329,0.0004,0.153,0.005,2.04
Organic Yellow Onion,Organic Cauliflower,1149,0.00034,0.01,0.089,2.52
Banana,Instant Oatmeal Variety Pack,1362,0.00041,0.003,0.266,1.81
Traditional Hummus,Organic Baby Spinach,1392,0.00042,0.163,0.006,2.17
Cantaloupe,Organic Yellow Onion,1800,0.00054,0.072,0.015,2.04
Organic Grade A Free Range Large Brown Eggs,Organic Fuji Apple,1443,0.00043,0.035,0.016,1.24
Mild Diced Green Chiles,Banana,1431,0.00043,0.222,0.003,1.51
Organic Yams,Organic Cucumber,1123,0.00034,0.054,0.013,2.11
Green Onions,Orange Bell Pepper,1120,0.00033,0.04,0.027,3.26
Organic Blackberries,Organic Raspberries,11046,0.0033,0.171,0.077,4.01
Organic Baby Arugula,Boneless Skinless Chicken Breasts,2570,0.00077,0.034,0.049,2.17
Apple Honeycrisp Organic,Green Beans,1049,0.00031,0.012,0.035,1.33
Organic Cannellini Beans,Organic Garlic,1230,0.00037,0.151,0.011,4.42
Boneless Skinless Chicken Breasts,Organic Zucchini,3710,0.00111,0.071,0.034,2.17
Organic Baby Spinach Salad,Organic Gala Apples,1065,0.00032,0.058,0.014,2.56
Bag of Organic Bananas,Butternut Squash,1215,0.00036,0.003,0.123,1.04
Organic Baby Spinach,Bicolor Sweet Corn,1276,0.00038,0.005,0.131,1.74
Organic Strawberries,Chocolate Chip Cookies,1149,0.00034,0.004,0.078,0.95
Organic Lemon,Organic Basil,2429,0.00073,0.027,0.087,3.19
Organic Whole Milk,Roma Tomato,1603,0.00048,0.011,0.038,0.89
Presliced Everything Bagels,Banana,1907,0.00057,0.249,0.004,1.7
Banana,Icelandic Style Skyr Blueberry Non-fat Yogurt,5296,0.00158,0.011,0.265,1.81
Cola Soft Drink,Banana,1281,0.00038,0.178,0.003,1.22
Strawberries,Total 0% Nonfat Greek Yogurt,1763,0.00053,0.012,0.063,1.42
Yellow Onions,Carrots,6351,0.0019,0.083,0.084,3.67
Organic Cucumber,Organic Peeled Whole Baby Carrots,3779,0.00113,0.044,0.065,2.57
100% Whole Wheat Bread,Honey Nut Cheerios,1404,0.00042,0.022,0.05,2.66
Organic Red Onion,Organic Celery Hearts,1632,0.00049,0.023,0.066,3.1
Feta Cheese Crumbles,Organic Hass Avocado,4819,0.00144,0.143,0.022,2.16
Salted Tub of Butter,Organic Baby Spinach,1186,0.00035,0.103,0.005,1.37
Cantaloupe,Bag of Organic Bananas,5603,0.00167,0.223,0.014,1.89
Organic Carrot Bunch,Green Bell Pepper,1442,0.00043,0.038,0.025,2.21
Organic Strawberries,Organic Plain Greek Whole Milk Yogurt,2347,0.0007,0.009,0.194,2.36
Raisin Bran Cereal,Organic Avocado,1242,0.00037,0.078,0.007,1.41
Hass Avocado,Organic Zucchini,1268,0.00038,0.066,0.012,2.02
Boneless Skinless Chicken Breasts,Garlic,1928,0.00058,0.037,0.05,3.2
Michigan Organic Kale,Pineapple Chunks,1810,0.00054,0.026,0.07,3.32
Organic Whole Grain Wheat English Muffins,Organic Whole String Cheese,1112,0.00033,0.079,0.018,4.28
Organic Diced Tomatoes,Limes,2426,0.00073,0.106,0.017,2.42
Organic Lemon,Organic Low Sodium Chicken Broth,1141,0.00034,0.013,0.063,2.29
Organic Mint,Michigan Organic Kale,1295,0.00039,0.063,0.018,3.02
Sea Salt Pita Chips,Large Lemon,1496,0.00045,0.086,0.009,1.8
Carrots,Bartlett Pears,1377,0.00041,0.018,0.038,1.67
Fat Free Milk,Half & Half,1261,0.00038,0.041,0.018,1.93
Shredded Parmesan,Organic Hass Avocado,5170,0.00155,0.137,0.023,2.08
Organic Strawberries,Asparagus,10605,0.00317,0.038,0.149,1.81
Organic Bread with 21 Whole Grains,Organic Hass Avocado,4261,0.00127,0.178,0.019,2.7
Organic Baby Spinach,Organic Dark Chocolate Peanut Butter Cups,1218,0.00036,0.005,0.104,1.39
Banana,Whole Strawberries,3147,0.00094,0.006,0.343,2.33
Boneless Skinless Chicken Breast,Strawberries,1257,0.00038,0.053,0.008,1.2
Organic Black Beans,Organic Avocado,5237,0.00157,0.132,0.028,2.4
Organic Garlic,Fresh Cauliflower,8380,0.0025,0.074,0.113,3.32
Organic Navel Orange,Organic Blueberries,3109,0.00093,0.07,0.03,2.22
Organic Diced Tomatoes,Organic Tomato Sauce,1325,0.0004,0.058,0.093,13.69
Organic No Salt Added Diced Tomatoes,Organic Garlic,1605,0.00048,0.151,0.014,4.42
Organic Garlic,"Milk, Organic, Vitamin D",1144,0.00034,0.01,0.055,1.62
Organic Unsweetened Almond Milk,Organic Garbanzo Beans,1604,0.00048,0.027,0.051,2.86
Organic Carrot Bunch,Organic Italian Parsley Bunch,2934,0.00088,0.078,0.047,4.15
"Yogurt, Lowfat, Strawberry",Organic Hass Avocado,1041,0.00031,0.126,0.005,1.9
Original Hot Sauce,Organic Hass Avocado,1335,0.0004,0.106,0.006,1.61
Carrots,Limes,8529,0.00255,0.113,0.058,2.59
Organic Garlic,Ground Turkey Breast,2781,0.00083,0.024,0.1,2.95
Carrots,Organic Lacinato (Dinosaur) Kale,3677,0.0011,0.049,0.082,3.65
Organic Strawberries,YoBaby Blueberry Apple Yogurt,1404,0.00042,0.005,0.172,2.08
Pure Sparkling Water,Limes,2138,0.00064,0.071,0.015,1.63
Spring Water,Fresh Cauliflower,1165,0.00035,0.02,0.016,0.9
Organic Grape Tomatoes,Organic Peeled Whole Baby Carrots,4183,0.00125,0.047,0.072,2.75
Applewood Smoked Bacon,Banana,1273,0.00038,0.177,0.003,1.21
Apple Honeycrisp Organic,No Salt Added Black Beans,1030,0.00031,0.012,0.035,1.35
Baby Spinach,Large Lemon,1910,0.00057,0.079,0.012,1.64
Organic Good Seed Bread,Banana,2263,0.00068,0.172,0.005,1.17
Organic Green Cabbage,Organic Red Cabbage,1549,0.00046,0.07,0.099,14.97
Sharp Cheddar Cheese,Michigan Organic Kale,1251,0.00037,0.04,0.018,1.9
Organic Cucumber,Lime Sparkling Water,1536,0.00046,0.018,0.032,1.25
Green Onions,White Onion,1023,0.00031,0.037,0.06,7.18
Organic Turkey Bacon,Large Lemon,1118,0.00033,0.07,0.007,1.46
Organic Red Onion,Large Alfresco Eggs,1943,0.00058,0.027,0.046,2.17
Organic Orange Bell Pepper,Organic Garlic,1015,0.0003,0.092,0.009,2.71
Bag of Organic Bananas,Dark Chocolate Pretzels with Sea Salt,1388,0.00041,0.004,0.165,1.4
Organic Baby Spinach,Organic Cilantro,12479,0.00373,0.05,0.171,2.27
Strawberries,Organic D'Anjou Pears,2926,0.00087,0.02,0.058,1.29
Strawberries,Roasted Pine Nut Hummus,1340,0.0004,0.009,0.112,2.52
100% Whole Wheat Bread,Limes,3187,0.00095,0.05,0.022,1.15
Organic Lemon,Organic Broccoli Florets,1486,0.00044,0.016,0.043,1.59
Small Hass Avocado,Organic D'Anjou Pears,1831,0.00055,0.035,0.036,2.31
Diced Tomatoes,Organic Garlic,1696,0.00051,0.117,0.015,3.44
Organic Frozen Peas,Large Lemon,1472,0.00044,0.07,0.009,1.46
Organic Greek Whole Milk Blended Vanilla Bean Yogurt,Organic Hass Avocado,1314,0.00039,0.134,0.006,2.03
Red Vine Tomato,Organic Grape Tomatoes,2027,0.00061,0.036,0.023,1.36
Large Alfresco Eggs,Organic Whole Milk,3085,0.00092,0.073,0.022,1.71
Organic Whole Milk,Honey Nut Cheerios,1770,0.00053,0.012,0.063,1.48
Yellow Onions,Total 0% Greek Yogurt,1141,0.00034,0.015,0.042,1.82
Bag of Organic Bananas,Goat Milk,1484,0.00044,0.004,0.277,2.35
Shallot,Organic Yellow Onion,1269,0.00038,0.07,0.011,1.98
Extra Virgin Olive Oil,Organic Tomato Cluster,1756,0.00052,0.034,0.026,1.68
Banana,Small Macintosh Apple,1817,0.00054,0.004,0.344,2.34
Organic Cucumber,Organic Red Chard Greens,1060,0.00032,0.012,0.093,3.67
Organic D'Anjou Pears,Original Hummus,2553,0.00076,0.05,0.034,2.27
Red Vine Tomato,Organic Unsweetened Almond Milk,1206,0.00036,0.021,0.02,1.19
Pure Irish Butter,Organic Garnet Sweet Potato (Yam),1001,0.0003,0.028,0.018,1.74
Organic Blackberries,Organic Fuji Apple,3455,0.00103,0.053,0.037,1.93
Dried Sweetened Cranberries,Organic Baby Spinach,1247,0.00037,0.189,0.005,2.52
Organic Whole Milk,Organic Unsweetened Almond Milk,3871,0.00116,0.027,0.064,1.51
Organic Cream Cheese Bar,Banana,1475,0.00044,0.134,0.003,0.91
Organic 2% Reduced Fat Milk,Organic Half & Half,1857,0.00055,0.077,0.024,3.25
Organic Snipped Green Beans,Organic Baby Spinach,3381,0.00101,0.186,0.013,2.47
Banana,Organic Large Grade AA Brown Eggs,4414,0.00132,0.009,0.166,1.13
Strawberries,Blackberries,5783,0.00173,0.039,0.242,5.41
Organic Yellow Onion,Limes,13294,0.00397,0.113,0.091,2.58
Bag of Organic Bananas,Organic Orange Juice,2651,0.00079,0.007,0.273,2.31
Organic Extra Firm Tofu,Organic Ginger Root,1797,0.00054,0.059,0.033,3.67
Orange Juice,Large Lemon,1684,0.0005,0.096,0.01,1.99
Organic Fat Free Milk,Organic Peeled Whole Baby Carrots,1232,0.00037,0.045,0.021,2.6
Organic Uncured Sliced Black Forest Ham,Organic Hass Avocado,2273,0.00068,0.186,0.01,2.81
Michigan Organic Kale,Asparagus,3750,0.00112,0.054,0.053,2.52
Mild Cheddar Cheese Sticks,Banana,3365,0.00101,0.287,0.007,1.96
Total Greek Strained Yogurt,Honeycrisp Apple,1275,0.00038,0.047,0.015,1.87
Organic Baby Arugula,Globe Eggplant,1137,0.00034,0.015,0.063,2.8
Organic Reduced Fat Milk,Large Lemon,2561,0.00077,0.069,0.016,1.45
Organic Large Extra Fancy Fuji Apple,Organic Green Seedless Grapes,1698,0.00051,0.022,0.076,3.26
Bunched Cilantro,Organic Hass Avocado,3979,0.00119,0.084,0.018,1.27
Asparation/Broccolini/Baby Broccoli,Red Onion,1114,0.00033,0.065,0.025,4.88
Organic Lemon,Organic Garbanzo Beans,2194,0.00066,0.024,0.07,2.58
Walnut Halves & Pieces,Organic Avocado,1170,0.00035,0.107,0.006,1.95
English Seedless Cucumber,Organic Zucchini,1042,0.00031,0.075,0.01,2.31
Organic Milk,Limes,1462,0.00044,0.051,0.01,1.16
Green Beans,Jalapeno Peppers,1113,0.00033,0.037,0.025,2.77
Kids Organic Chocolate Chip ZBars,Organic Avocado,1270,0.00038,0.104,0.007,1.88
Broccoli Crown,Red Vine Tomato,2048,0.00061,0.046,0.036,2.69
Romaine Hearts,Organic Blueberries,1302,0.00039,0.048,0.012,1.54
Baby Arugula,Large Lemon,1244,0.00037,0.11,0.008,2.28
Apple Honeycrisp Organic,Organic Shredded Carrots,1039,0.00031,0.012,0.049,1.89
Organic Kiwi,Sparkling Water Grapefruit,1225,0.00037,0.024,0.015,0.99
Extra Virgin Olive Oil,Organic Avocado,4897,0.00146,0.094,0.027,1.7
Hass Avocados,Creamy Almond Butter,1179,0.00035,0.022,0.053,3.36
Organic Small Bunch Celery,Asparagus,3265,0.00098,0.046,0.046,2.17
Organic American Cheese Singles,Organic Hass Avocado,2395,0.00072,0.128,0.011,1.94
Jalapeno Peppers,Organic Yellow Onion,4722,0.00141,0.106,0.04,3.02
Vanilla Almond Breeze Almond Milk,Banana,8973,0.00268,0.279,0.018,1.9
Apple Honeycrisp Organic,Organic Banana,1383,0.00041,0.016,0.066,2.54
Organic Hass Avocado,Organic Green Cabbage,3074,0.00092,0.014,0.139,2.1
Carrots,Raspberries,1072,0.00032,0.014,0.018,0.78
Yellow Onions,Boneless Skinless Chicken Breasts,3960,0.00118,0.051,0.076,3.29
Bunny Pasta with Yummy Cheese Macaroni & Cheese,Organic Hass Avocado,1002,0.0003,0.119,0.005,1.8
Organic Strawberries,Orange Juice,1910,0.00057,0.007,0.109,1.32
Organic Milk,Organic Large Brown Grade AA Cage Free Eggs,2126,0.00064,0.074,0.064,7.42
Banana,Organic Roma Tomato,5342,0.0016,0.011,0.175,1.19
Organic Broccoli Florets,Original Hummus,1235,0.00037,0.036,0.017,1.63
Organic Blueberries,Organic Half & Half,3292,0.00098,0.031,0.042,1.33
Organic Unsalted Butter,Limes,1645,0.00049,0.074,0.011,1.69
Seedless Red Grapes,100% Whole Wheat Bread,2647,0.00079,0.031,0.042,1.62
Russet Potato,Organic Avocado,3640,0.00109,0.118,0.02,2.15
Organic Frozen Peas,Organic Raspberries,2097,0.00063,0.1,0.015,2.35
Cheerios Cereal,Organic Raspberries,1064,0.00032,0.131,0.007,3.07
Limes,Organic AppleApple,1134,0.00034,0.008,0.068,1.54
Banana,Organic Rainbow Carrots,2407,0.00072,0.005,0.157,1.07
Bag of Organic Bananas,Organic Super Fruit Punch Juice Drink,1149,0.00034,0.003,0.192,1.63
Limes,Orange Juice,1132,0.00034,0.008,0.064,1.47
Organic Strawberries,Organic Cripps Pink Apples,2271,0.00068,0.008,0.167,2.03
Organic Black Beans,Bunched Cilantro,1448,0.00043,0.037,0.031,2.58
Organic Broccoli Crowns,Organic Small Bunch Celery,1134,0.00034,0.059,0.016,2.8
Organic Raspberries,Non Fat Raspberry Yogurt,1838,0.00055,0.013,0.108,2.54
Organic Black Beans,Organic Grape Tomatoes,2761,0.00083,0.07,0.031,2.65
No Salt Added Black Beans,Feta Cheese Crumbles,1308,0.00039,0.045,0.039,4.44
Garlic,Brussels Sprouts,1388,0.00041,0.036,0.059,5.15
Organic Red Onion,Organic Gala Apples,2885,0.00086,0.041,0.038,1.8
Organic Red Onion,No Salt Added Black Beans,2252,0.00067,0.032,0.077,3.65
Large Alfresco Eggs,Organic Blueberries,1506,0.00045,0.036,0.014,1.13
Florida Orange Juice With Calcium & Vitamin D,Organic Strawberries,1128,0.00034,0.154,0.004,1.87
Sparkling Natural Mineral Water,Organic Gala Apples,1192,0.00036,0.027,0.016,1.18
Apple Honeycrisp Organic,Organic Heavy Whipping Cream,1111,0.00033,0.013,0.044,1.67
Organic Medjool Dates,Organic Raspberries,1232,0.00037,0.114,0.009,2.68
Apple Honeycrisp Organic,"Organic Red Radish, Bunch",1512,0.00045,0.017,0.053,2.05
Organic Unsalted Butter,Organic Italian Parsley Bunch,1313,0.00039,0.059,0.021,3.13
Limes,Honeycrisp Apple,7314,0.00219,0.05,0.088,2.0
Organic 2% Reduced Fat Milk,Bag of Organic Bananas,3218,0.00096,0.133,0.008,1.13
Organic Snipped Green Beans,Organic Raspberries,2104,0.00063,0.116,0.015,2.71
Bag of Organic Bananas,Organic Baby Broccoli,7428,0.00222,0.019,0.224,1.9
Large Alfresco Eggs,Organic Baby Spinach,6457,0.00193,0.153,0.026,2.03
Organic Cilantro,Organic Peeled Whole Baby Carrots,2128,0.00064,0.029,0.037,1.69
Original Pure Creamy Almond Milk,Half & Half,1030,0.00031,0.067,0.014,3.15
Organic Baby Carrots,Organic Extra Firm Tofu,1598,0.00048,0.02,0.053,2.19
Organic Baby Spinach,Organic Red On the Vine Tomato,2012,0.0006,0.008,0.17,2.26
Green Onions,Red Vine Tomato,1322,0.0004,0.047,0.023,2.79
Strawberries,Grape White/Green Seedless,4158,0.00124,0.028,0.103,2.3
Boneless Skinless Chicken Thighs,Organic Strawberries,1212,0.00036,0.11,0.004,1.34
Organic Italian Parsley Bunch,Organic Reduced Fat Milk,1002,0.0003,0.016,0.027,1.44
Organic 21 Grain Thin Sliced Bread,Organic Hass Avocado,1965,0.00059,0.16,0.009,2.42
Organic Shredded Mozzarella,Organic Garlic,1664,0.0005,0.087,0.015,2.57
Strawberries,Hass Avocado,1898,0.00057,0.013,0.099,2.21
Organic Romaine,Organic Hass Avocado,3127,0.00093,0.126,0.014,1.91
Organic Red Bell Pepper,Honeycrisp Apple,2377,0.00071,0.04,0.029,1.59
Strawberries,Organic Garbanzo Beans,1364,0.00041,0.009,0.044,0.98
Garlic,Organic Tomato Cluster,1144,0.00034,0.03,0.017,1.49
Half & Half,Organic Cucumber,2537,0.00076,0.035,0.03,1.39
Feta Cheese Crumbles,Asparagus,1883,0.00056,0.056,0.026,2.62
Bag of Organic Bananas,Kids Sensible Foods Broccoli Littles,1213,0.00036,0.003,0.206,1.74
Total 0% Raspberry Yogurt,Total 0% Nonfat Greek Yogurt,1104,0.00033,0.088,0.04,10.52
100% Whole Wheat Bread,Cucumber Kirby,2458,0.00073,0.039,0.025,1.31
Organic Baby Spinach,Gold Potato,1413,0.00042,0.006,0.156,2.08
Large Alfresco Eggs,Original Hummus,1413,0.00042,0.033,0.019,1.51
Organic Shredded Carrots,Organic Cucumber,1782,0.00053,0.085,0.021,3.33
Purity Farms Ghee Clarified Butter,Bag of Organic Bananas,1303,0.00039,0.167,0.003,1.42
Fresh Cauliflower,Organic Bosc Pear,1381,0.00041,0.019,0.062,2.81
Michigan Organic Kale,Sparkling Water Grapefruit,2254,0.00067,0.032,0.028,1.36
Organic Mini Sandwich Crackers Peanut Butter,Organic Baby Spinach,1078,0.00032,0.147,0.004,1.96
Mango Chunks,Organic Strawberries,2552,0.00076,0.138,0.009,1.68
Organic Reduced Fat 2% Milk,Organic Fat Free Milk,1887,0.00056,0.038,0.069,4.67
Organic Strawberries,Organic Vanilla Bean Ice Cream,1035,0.00031,0.004,0.171,2.07
Grated Parmesan,Organic Tomato Basil Pasta Sauce,1095,0.00033,0.023,0.062,4.44
Organic Strawberries,Organic Orange Juice,1725,0.00052,0.006,0.177,2.15
Organic Yellow Onion,Unsalted Butter,2572,0.00077,0.022,0.069,1.97
Ancient Grain Original Granola,Organic Hass Avocado,1138,0.00034,0.168,0.005,2.55
Organic Navel Orange,Organic Small Bunch Celery,2816,0.00084,0.063,0.04,2.98
Limes,Organic Roma Tomato,3521,0.00105,0.024,0.115,2.63
100% Whole Wheat Bread,Blueberries,1878,0.00056,0.03,0.032,1.71
"Organic Red Radish, Bunch",Organic Hass Avocado,5067,0.00151,0.179,0.023,2.72
"Milk, Organic, Vitamin D",Organic Hass Avocado,3046,0.00091,0.147,0.014,2.22
Organic Mint,Organic Whole Milk,1201,0.00036,0.059,0.008,1.37
Grated Parmesan,Organic Peeled Whole Baby Carrots,1709,0.00051,0.036,0.03,2.11
Organic Mini Sandwich Crackers Peanut Butter,Organic Strawberries,1852,0.00055,0.253,0.007,3.07
Organic Broccoli Crowns,Organic Avocado,1135,0.00034,0.059,0.006,1.08
Organic Lemon,100% Recycled Paper Towels,1778,0.00053,0.019,0.061,2.24
Fresh Cauliflower,Honeycrisp Apple,3189,0.00095,0.043,0.038,1.73
Organic Broccoli Crowns,Apple Honeycrisp Organic,1461,0.00044,0.076,0.017,2.93
Green Bell Pepper,Red Vine Tomato,2518,0.00075,0.043,0.044,2.56
Banana,1% Low Fat Milk,2551,0.00076,0.005,0.286,1.94
Ezekiel 4:9 Bread Organic Sprouted Whole Grain,Organic Cucumber,1037,0.00031,0.056,0.012,2.21
Organic Reduced Fat 2% Milk,Organic Grade A Free Range Large Brown Eggs,1013,0.0003,0.021,0.024,1.64
Shredded Parmesan,Organic Italian Parsley Bunch,1827,0.00055,0.048,0.029,2.57
Organic Mayonnaise,Banana,1336,0.0004,0.146,0.003,1.0
Italian Sparkling Mineral Water,Organic Large Extra Fancy Fuji Apple,1375,0.00041,0.043,0.018,1.84
Sparkling Water Berry,Peach Pear Flavored Sparkling Water,3585,0.00107,0.198,0.162,29.9
Apple Honeycrisp Organic,Cucumber Kirby,3335,0.001,0.038,0.033,1.28
Organic Red Bell Pepper,Asparagus,3009,0.0009,0.05,0.042,2.36
Organic Green Cabbage,Organic Avocado,1773,0.00053,0.08,0.01,1.45
Garlic,Organic Extra Firm Tofu,1078,0.00032,0.028,0.036,3.09
Organic Hothouse Cucumbers,Organic Gala Apples,1326,0.0004,0.053,0.018,2.36
Organic Strawberries,Organic Homestyle Waffles,1922,0.00057,0.007,0.214,2.6
"Super Spinach! Baby Spinach, Baby Bok Choy, Sweet Baby Kale",Organic Hass Avocado,2421,0.00072,0.158,0.011,2.39
Organic Ketchup,Organic Yellow Onion,1225,0.00037,0.077,0.01,2.19
Bag of Organic Bananas,Organic Air Chilled Whole Chicken,1173,0.00035,0.003,0.197,1.67
Clementines,Popcorn,1108,0.00033,0.034,0.156,16.22
Organic Red Onion,Banana,12077,0.00361,0.171,0.025,1.16
Organic Yams,Organic Yellow Onion,1650,0.00049,0.079,0.014,2.24
Organic Romaine Hearts,Large Lemon,1219,0.00036,0.093,0.008,1.93
"YoKids Squeezers Organic Low-Fat Yogurt, Strawberry",Organic Gala Apples,1130,0.00034,0.056,0.015,2.46
Organic Whole Milk,Organic Sour Cream,3053,0.00091,0.021,0.11,2.58
Organic Extra Firm Tofu,Organic Garnet Sweet Potato (Yam),1433,0.00043,0.047,0.026,2.9
Small Hass Avocado,Organic Whole Milk,3010,0.0009,0.058,0.021,1.35
Red Leaf Lettuce,Large Lemon,1004,0.0003,0.109,0.006,2.26
Green Onions,Organic Avocado,2920,0.00087,0.104,0.016,1.9
Banana,2% Reduced Fat Organic Milk,4526,0.00135,0.009,0.266,1.81
Russet Potato,Unsalted Butter,1010,0.0003,0.033,0.027,2.96
Organic Large Extra Fancy Fuji Apple,Organic Whole Milk,6085,0.00182,0.078,0.043,1.83
Banana,Organic Baby Rainbow Carrots,3808,0.00114,0.008,0.185,1.26
Apple Honeycrisp Organic,Organic Granny Smith Apple,4935,0.00147,0.057,0.081,3.1
Bag of Organic Bananas,Lemonade,2133,0.00064,0.005,0.104,0.88
Brussels Sprouts,Cucumber Kirby,1473,0.00044,0.063,0.015,2.11
Sparkling Water Grapefruit,Organic Hass Avocado,7557,0.00226,0.095,0.034,1.44
Frozen Organic Wild Blueberries,Organic Peeled Whole Baby Carrots,1081,0.00032,0.035,0.019,2.02
Shredded Parmesan,Organic Tomato Cluster,1638,0.00049,0.043,0.025,2.18
Nonfat Icelandic Style Strawberry Yogurt,Non Fat Raspberry Yogurt,3948,0.00118,0.358,0.233,70.68
Sparkling Water Grapefruit,Organic Zucchini,3142,0.00094,0.04,0.029,1.21
Organic Tomato Paste,Organic Yellow Onion,3315,0.00099,0.181,0.028,5.14
Feta Cheese Crumbles,Cucumber Kirby,4181,0.00125,0.124,0.042,4.15
Organic Mango,Organic Avocado,1000,0.0003,0.103,0.005,1.87
Banana,Organic Tahini,1131,0.00034,0.002,0.171,1.16
Organic Navel Orange,Half & Half,1349,0.0004,0.03,0.019,1.41
Medium Cheddar Cheese Block,Organic Baby Spinach,1683,0.0005,0.151,0.007,2.01
Fresh Asparagus,Strawberries,1274,0.00038,0.207,0.009,4.64
Organic Garlic,Organic Crushed Fire Roasted Tomatoes,1015,0.0003,0.009,0.139,4.08
Ground Turkey Breast,Organic Grape Tomatoes,1701,0.00051,0.061,0.019,2.33
Organic Low Sodium Vegetable Broth,Banana,1978,0.00059,0.183,0.004,1.25
Organic Baby Spinach,Organic Berry Blend,1517,0.00045,0.006,0.225,2.99
Organic Chicken & Apple Sausage,Organic Raspberries,1643,0.00049,0.122,0.012,2.86
Banana,Lemon Sparkling Water,1710,0.00051,0.003,0.172,1.17
Organic Garlic,Organic Brown Rice,1082,0.00032,0.009,0.073,2.14
Organic Large Extra Fancy Fuji Apple,Organic Large Grade AA Brown Eggs,1469,0.00044,0.019,0.055,2.37
Organic English Cucumber,Banana,1325,0.0004,0.153,0.003,1.04
Organic Garlic,Spaghetti,1410,0.00042,0.012,0.086,2.52
Italian Sparkling Mineral Water,Half & Half,1092,0.00033,0.034,0.015,1.59
Organic Raspberries,Fresh Ginger Root,1620,0.00048,0.011,0.064,1.5
Unsweetened Almondmilk,Organic Blueberries,2545,0.00076,0.049,0.024,1.57
Organic Whole Kernel Sweet Corn No Salt Added,No Salt Added Black Beans,1961,0.00059,0.147,0.067,16.87
Michigan Organic Kale,Organic Hothouse Cucumbers,1029,0.00031,0.015,0.041,1.98
Total 2% Lowfat Plain Greek Yogurt,Organic Raspberries,1272,0.00038,0.075,0.009,1.77
Organic Granny Smith Apple,Organic Bartlett Pear,2081,0.00062,0.034,0.054,2.95
Grated Parmesan,Organic Baby Carrots,2513,0.00075,0.054,0.031,2.23
Banana,Unsweetened Original Almond Breeze Almond Milk,10072,0.00301,0.021,0.279,1.9
Granny Smith Apples,Bag of Organic Bananas,3453,0.00103,0.092,0.009,0.78
Orange Juice,Organic Hass Avocado,1227,0.00037,0.07,0.006,1.06
Bag of Organic Bananas,Organic Macaroni Shells & Real Aged Cheddar,2680,0.0008,0.007,0.237,2.01
Banana,Fresh CA Grown Eggs,2876,0.00086,0.006,0.27,1.84
Organic Blueberries,Globe Eggplant,1050,0.00031,0.01,0.059,1.87
Bag of Organic Bananas,Organic Heavy Whipping Cream,4001,0.0012,0.01,0.157,1.33
Green Bell Pepper,Organic Whole Milk,3691,0.0011,0.064,0.026,1.49
Bunched Cilantro,Organic Blueberries,1520,0.00045,0.032,0.014,1.02
Organic Whole Milk,Colby Cheese Sticks,1561,0.00047,0.011,0.123,2.89
Roma Tomato,Honeycrisp Apple,1453,0.00043,0.034,0.017,1.38
Organic Carrot Bunch,Organic Zucchini,4189,0.00125,0.112,0.038,3.41
Uncured Genoa Salami,Organic Avocado,3192,0.00095,0.074,0.017,1.34
Organic Reduced Fat 2% Milk,Organic Ginger Root,1153,0.00034,0.023,0.021,1.44
Organic Blackberries,Bartlett Pears,1620,0.00048,0.025,0.044,2.29
Backyard Barbeque Potato Chips,Bag of Organic Bananas,1373,0.00041,0.159,0.003,1.35
Gogo Squeez Organic Apple Strawberry Applesauce on the Go,Banana,1471,0.00044,0.259,0.003,1.76
Organic Large Extra Fancy Fuji Apple,Organic Old Fashioned Rolled Oats,1007,0.0003,0.013,0.048,2.07
Banana,Beef Franks,1095,0.00033,0.002,0.162,1.1
Organic Navel Orange,Organic Bosc Pear,1546,0.00046,0.035,0.07,5.23
Corn Tortillas,Large Lemon,1470,0.00044,0.095,0.009,1.97
Organic Raspberries,Creamy Almond Butter,1369,0.00041,0.01,0.061,1.44
Seedless Red Grapes,Gala Apples,1540,0.00046,0.018,0.061,2.37
Sinfully Sweet Campari Tomatoes,Organic Blueberries,1027,0.00031,0.063,0.01,2.01
Feta Cheese Crumbles,Organic Small Bunch Celery,1483,0.00044,0.044,0.021,2.08
Seedless Red Grapes,2% Reduced Fat Milk,1254,0.00037,0.014,0.032,1.25
Organic Apple Juice Boxes,Bag of Organic Bananas,1333,0.0004,0.23,0.003,1.95
Organic Baby Spinach,Crunchy Almond Butter,1420,0.00042,0.006,0.164,2.19
1% Lowfat Milk,Organic Raspberries,1035,0.00031,0.07,0.007,1.65
Pure Sparkling Water,Orange Sparkling Water,1002,0.0003,0.033,0.066,7.4
YoKids Blueberry & Strawberry/Vanilla Yogurt,Organic Hass Avocado,1519,0.00045,0.12,0.007,1.82
Green Beans,Organic Yellow Onion,1884,0.00056,0.062,0.016,1.77
Organic Roasted Turkey Breast,Asparagus,1223,0.00037,0.041,0.017,1.95
Organic Fuji Apple,Sparkling Natural Mineral Water,1471,0.00044,0.016,0.033,1.18
Organic Cilantro,Cucumber Kirby,3930,0.00117,0.054,0.039,1.81
Organic Fuji Apple,Total 0% Nonfat Greek Yogurt,1510,0.00045,0.016,0.054,1.95
Grated Parmesan,Organic Zucchini,4126,0.00123,0.088,0.038,2.69
Seedless Red Grapes,Romaine Hearts,1044,0.00031,0.012,0.039,1.49
Baby Seedless Cucumbers,Organic Grape Tomatoes,1060,0.00032,0.105,0.012,3.99
Strawberries,Cereal,1309,0.00039,0.009,0.102,2.29
XL Emerald White Seedless Grapes,Large Lemon,1283,0.00038,0.078,0.008,1.63
Red Peppers,Fresh Cauliflower,3518,0.00105,0.06,0.047,2.73
Organic Baby Spinach,Organic Hot House Tomato,1324,0.0004,0.005,0.168,2.23
Total 2% All Natural Greek Strained Yogurt with Honey,Total 2% with Strawberry Lowfat Greek Strained Yogurt,5947,0.00178,0.249,0.193,27.04
Organic Lacinato (Dinosaur) Kale,Organic Extra Firm Tofu,1451,0.00043,0.032,0.048,3.57
Carrots,Potato Yukon Gold Organic,1112,0.00033,0.015,0.085,3.78
Tomato Sauce,Organic Yellow Onion,1594,0.00048,0.119,0.014,3.37
Organic Sliced White Mushrooms,Banana,1582,0.00047,0.186,0.003,1.27
Organic Garlic,Sea Salt Pita Chips,1011,0.0003,0.009,0.058,1.71
Apple Honeycrisp Organic,Organic Baby Spinach Salad,1002,0.0003,0.011,0.055,2.09
Bag of Organic Bananas,Gallon Freezer Bags,1041,0.00031,0.003,0.185,1.57
Chopped Spinach,Organic Avocado,1083,0.00032,0.121,0.006,2.2
Limes,Unsweetened Original Almond Breeze Almond Milk,2276,0.00068,0.016,0.063,1.44
Yellow Onions,Extra Virgin Olive Oil,2550,0.00076,0.033,0.049,2.12
Vanilla Unsweetened Almond Milk,Organic Avocado,1054,0.00031,0.092,0.006,1.67
Organic Short Grain Brown Rice,Organic Baby Spinach,1576,0.00047,0.186,0.006,2.48
Banana,"Tomatoes, Whole Peeled",1068,0.00032,0.002,0.166,1.13
Organic Whole Kernel Sweet Corn No Salt Added,Organic Garlic,1241,0.00037,0.093,0.011,2.73
Carrots,Organic Zucchini,8432,0.00252,0.112,0.077,3.43
Organic Strawberries,Shredded Mild Cheddar Cheese,4646,0.00139,0.017,0.167,2.03
Organic Cucumber,Organic Tomato Basil Pasta Sauce,1142,0.00034,0.013,0.065,2.55
Yellow Onions,Organic Italian Parsley Bunch,4178,0.00125,0.054,0.066,2.88
Green Onions,Banana,6685,0.002,0.239,0.014,1.63
Organic Blueberries,Unsweetened Vanilla Almond Milk,1228,0.00037,0.012,0.045,1.42
Organic Blue Corn Tortilla Chips,Organic Strawberries,2085,0.00062,0.154,0.008,1.87
Goo Berry Pie Probugs Kefir,Banana,1328,0.0004,0.207,0.003,1.41
Bag of Organic Bananas,Gluten Free 7 Grain Bread,2158,0.00064,0.005,0.242,2.05
Baby Seedless Cucumbers,Banana,2188,0.00065,0.217,0.004,1.48
Organic Lemon,Spring Water,2494,0.00075,0.027,0.043,1.57
Organic Baby Broccoli,Asparagus,2305,0.00069,0.07,0.032,3.27
Organic Broccoli Florets,Organic Garlic,2179,0.00065,0.064,0.019,1.87
Frozen Broccoli Florets,Organic Baby Carrots,1089,0.00033,0.067,0.014,2.8
Red Peppers,Organic Baby Carrots,2178,0.00065,0.037,0.027,1.56
Organic Strawberries,Organic Italian Salad,1433,0.00043,0.005,0.132,1.61
Apple Honeycrisp Organic,Organic Sour Cream,1406,0.00042,0.016,0.051,1.94
Organic Raw Multigreen Kobmbucha,Bag of Organic Bananas,1140,0.00034,0.167,0.003,1.41
Organic Yams,Organic Raspberries,1912,0.00057,0.091,0.013,2.14
Honey Nut Cheerios,Honeycrisp Apple,1358,0.00041,0.049,0.016,1.95
2% Reduced Fat Milk,Limes,1369,0.00041,0.035,0.009,0.81
Organic Large Extra Fancy Fuji Apple,Organic Baby Arugula,3207,0.00096,0.041,0.042,1.81
Organic Whole Strawberries,Honeycrisp Apple,1168,0.00035,0.036,0.014,1.44
Organic Fuji Apple,XL Emerald White Seedless Grapes,1076,0.00032,0.012,0.066,2.37
I Heart Baby Kale,Organic Avocado,1059,0.00032,0.083,0.006,1.5
Organic Raspberries,Organic Golden Delicious Apple,1011,0.0003,0.007,0.098,2.31
Organic Red Potato,Organic Baby Spinach,1788,0.00053,0.183,0.007,2.43
Uncured Genoa Salami,Organic Kiwi,1248,0.00037,0.029,0.024,1.86
Organic Tomato Paste,Cucumber Kirby,1174,0.00035,0.064,0.012,2.15
Half & Half,Organic Cilantro,1842,0.00055,0.026,0.025,1.18
Organic Sticks Low Moisture Part Skim Mozzarella String Cheese,Grape White/Green Seedless,1088,0.00033,0.031,0.027,2.53
Multigrain Pita Chips,Banana,1342,0.0004,0.24,0.003,1.63
Organic Sticks Low Moisture Part Skim Mozzarella String Cheese,Grated Parmesan,1127,0.00034,0.032,0.024,2.26
Organic Sugar Snap Peas,Organic Hass Avocado,1681,0.0005,0.195,0.008,2.95
Organic Sugar Snap Peas,Organic Baby Spinach,1409,0.00042,0.163,0.006,2.17
Banana,Bunched Cilantro,11797,0.00353,0.024,0.249,1.69
Sourdough Bread,Banana,3844,0.00115,0.225,0.008,1.53
Fresh Cauliflower,Bartlett Pears,1291,0.00039,0.017,0.035,1.59
Large Lemon,Mandarin Oranges,1054,0.00031,0.007,0.09,1.87
Organic AppleApple,Organic Hass Avocado,2828,0.00085,0.169,0.013,2.55
Sparkling Lemon Water,Organic Baby Carrots,1182,0.00035,0.035,0.015,1.44
100% Whole Wheat Bread,Strawberries,4938,0.00148,0.078,0.033,1.75
100% Recycled Paper Towels,Organic Whole Milk,2104,0.00063,0.072,0.015,1.7
Jalapeno Peppers,Organic Gala Apples,1232,0.00037,0.028,0.016,1.23
Organic Grade A Free Range Large Brown Eggs,Organic D'Anjou Pears,1624,0.00049,0.039,0.032,2.56
Organic Whole Milk,Extra Virgin Olive Oil,3219,0.00096,0.023,0.062,1.44
Bag of Organic Bananas,Organic Baby Kale,3181,0.00095,0.008,0.168,1.42
Organic Whipped Naturally Buttery Spread,Organic Baby Spinach,1624,0.00049,0.123,0.006,1.63
Organic Strawberries,"Super Spinach! Baby Spinach, Baby Bok Choy, Sweet Baby Kale",1943,0.00058,0.007,0.127,1.54
Organic Hothouse Cucumbers,Asparagus,1019,0.0003,0.041,0.014,1.93
Organic Broccoli,Organic Carrot Bunch,1787,0.00053,0.044,0.048,3.94
Organic Chicken Bone Broth,Organic Baby Spinach,1359,0.00041,0.154,0.005,2.05
Organic Red Onion,Organic Russet Potato,2028,0.00061,0.029,0.06,2.84
Boneless Skinless Chicken Breasts,Feta Cheese Crumbles,1923,0.00057,0.037,0.057,3.64
Organic Cucumber,Organic Garnet Sweet Potato (Yam),4493,0.00134,0.053,0.082,3.24
Russet Potato,Limes,2829,0.00085,0.092,0.019,2.1
Organic Strawberries,Organic Jalapeno Pepper,2521,0.00075,0.009,0.119,1.45
Organic Frozen Mango Chunks,Organic Avocado,1107,0.00033,0.101,0.006,1.84
Banana,Roasted Garlic Hummus,1547,0.00046,0.003,0.246,1.68
Red Peppers,Organic White Onions,1595,0.00048,0.027,0.065,3.75
Organic Bread with 21 Whole Grains,Organic Half & Half,1068,0.00032,0.045,0.014,1.89
Carrots,Organic Large Green Asparagus,1048,0.00031,0.014,0.052,2.33
Air Chilled Breaded Chicken Breast Nuggets,Organic Strawberries,2067,0.00062,0.233,0.008,2.83
Total 2% Greek Strained Yogurt with Cherry 5.3 oz,Organic Avocado,1554,0.00046,0.083,0.008,1.51
Organic Lacinato (Dinosaur) Kale,Organic Bunch Beets,1238,0.00037,0.028,0.082,6.13
Spinach Peas & Pear Stage 2 Baby Food,Organic Hass Avocado,1289,0.00039,0.155,0.006,2.35
Strawberries,Reduced Fat 2% Milk,1750,0.00052,0.012,0.097,2.17
Organic Baby Arugula,Brussels Sprouts,1010,0.0003,0.013,0.043,1.9
Bag of Organic Bananas,Organic Rosemary,1431,0.00043,0.004,0.133,1.12
100% Whole Wheat Bread,Total 2% with Strawberry Lowfat Greek Strained Yogurt,1183,0.00035,0.019,0.038,2.03
Organic Whole Kernel Sweet Corn No Salt Added,Organic Strawberries,1899,0.00057,0.142,0.007,1.73
Air Chilled Organic Boneless Skinless Chicken Breasts,Organic Blueberries,1224,0.00037,0.07,0.012,2.23
Red Vine Tomato,Large Lemon,7329,0.00219,0.129,0.046,2.69
Organic Lemon,Organic Gala Apples,5043,0.00151,0.055,0.067,2.44
Organic Strawberries,Organic Ginger Root,7456,0.00223,0.027,0.138,1.67
Banana,Organic Garlic,19821,0.00592,0.04,0.174,1.18
Whole Milk Plain Yogurt,Organic Whole Milk,4246,0.00127,0.268,0.03,6.29
Organic Baby Spinach,Extra Virgin Olive Oil,6174,0.00185,0.025,0.118,1.57
Banana,Kumato Tomatoes,1029,0.00031,0.002,0.19,1.29
Organic Strawberries,Organic Egg Whites,2809,0.00084,0.01,0.139,1.69
Organic Baby Arugula,Organic Cilantro,4357,0.0013,0.058,0.06,2.63
Organic Unsalted Butter,Organic Yellow Onion,2353,0.0007,0.106,0.02,3.01
Ataulfo Mango,Organic Avocado,1245,0.00037,0.216,0.007,3.92
Organic Butternut Squash,Organic Baby Spinach,3995,0.00119,0.194,0.016,2.58
Pita Chips Simply Naked,Organic Hass Avocado,1150,0.00034,0.098,0.005,1.49
Pineapple Chunks,Organic Hass Avocado,3101,0.00093,0.119,0.014,1.8
Organic Vanilla Soymilk,Banana,1061,0.00032,0.194,0.002,1.32
Large Grade AA Eggs,Organic Avocado,1312,0.00039,0.183,0.007,3.33
Red Onion,Organic Small Bunch Celery,1248,0.00037,0.028,0.018,1.33
Limes,Natural Chicken & Sage Breakfast Sausage,1045,0.00031,0.007,0.069,1.58
Organic Red Onion,Blueberries,1168,0.00035,0.016,0.02,0.95
Organic Yellow Peaches,Organic Small Bunch Celery,1143,0.00034,0.052,0.016,2.46
Red Mango,Organic Avocado,1062,0.00032,0.123,0.006,2.23
Fresh Cauliflower,Organic Dill,1158,0.00035,0.016,0.07,3.15
Packaged Grape Tomatoes,Organic Blueberries,1136,0.00034,0.081,0.011,2.59
Green Beans,Boneless Skinless Chicken Breasts,1904,0.00057,0.063,0.036,4.02
Plantain Chips,Banana,1562,0.00047,0.209,0.003,1.42
Organic Whole Milk,Organic Green Cabbage,1617,0.00048,0.011,0.073,1.71
Organic Romaine Lettuce,Organic Half & Half,1118,0.00033,0.031,0.014,1.31
Organic Baby Broccoli,Organic Bartlett Pear,1061,0.00032,0.032,0.027,2.77
Organic Carrot Bunch,Organic Russet Potato,1391,0.00042,0.037,0.041,3.68
Organic Strawberries,Roma Tomato,2799,0.00084,0.01,0.066,0.81
Red Raspberries,Bag of Organic Bananas,4405,0.00132,0.159,0.011,1.35
Organic Low Sodium Vegetable Broth,Organic Garlic,1650,0.00049,0.153,0.014,4.49
Organic Green Seedless Grapes,Organic Tomato Cluster,1221,0.00036,0.055,0.018,2.74
Organic Whole String Cheese,Fresh Cauliflower,2493,0.00075,0.04,0.034,1.82
Organic Large Brown Eggs,Limes,1194,0.00036,0.08,0.008,1.83
Apple Honeycrisp Organic,Non Fat Raspberry Yogurt,1028,0.00031,0.012,0.061,2.32
Raspberries,Large Lemon,4058,0.00121,0.067,0.025,1.39
Vanilla Almond Breeze Almond Milk,Large Lemon,2538,0.00076,0.079,0.016,1.64
Organic Carrot Bunch,Organic Kiwi,1552,0.00046,0.041,0.03,2.66
Organic Unsweetened Almond Milk,Organic Garnet Sweet Potato (Yam),2659,0.00079,0.044,0.049,2.72
Organic Unsweetened Almond Milk,Organic Grape Tomatoes,2997,0.0009,0.05,0.034,1.9
Green Bell Pepper,Fresh Ginger Root,1065,0.00032,0.018,0.042,2.42
Organic Romaine,Organic Tomato Cluster,1609,0.00048,0.065,0.024,3.25
Apple Cider Vinegar,Organic Baby Spinach,1447,0.00043,0.143,0.006,1.9
Bag of Organic Bananas,Natural Chicken & Sage Breakfast Sausage,2875,0.00086,0.007,0.19,1.61
Limes,Organic Red Cabbage,2602,0.00078,0.018,0.166,3.79
Green Beans,Organic Fuji Apple,1756,0.00052,0.058,0.019,2.09
Organic Celery Hearts,Large Lemon,2743,0.00082,0.11,0.017,2.29
Green Bell Pepper,Unsweetened Almondmilk,1133,0.00034,0.02,0.022,1.26
Sharp Cheddar Cheese,Carrots,1496,0.00045,0.048,0.02,2.12
Bag of Organic Bananas,Red Mango,1450,0.00043,0.004,0.168,1.42
Raspberries,Asparagus,1531,0.00046,0.025,0.022,1.18
Organic Hass Avocado,Organic Brown Rice,1936,0.00058,0.009,0.13,1.98
Extra Virgin Olive Oil,Feta Cheese Crumbles,1300,0.00039,0.025,0.038,2.46
Organic Whole String Cheese,Organic Beef Hot Dogs,1221,0.00036,0.02,0.07,3.82
Organic Fat Free Milk,Organic Hass Avocado,2863,0.00086,0.104,0.013,1.58
Organic Diced Tomatoes,Organic Raspberries,1399,0.00042,0.061,0.01,1.44
Red Vine Tomato,Feta Cheese Crumbles,1566,0.00047,0.028,0.046,2.74
Broccoli Crown,Organic Granny Smith Apple,1168,0.00035,0.026,0.019,1.42
Seedless Red Grapes,Organic Roasted Turkey Breast,1483,0.00044,0.017,0.05,1.94
Broccoli Crown,Organic Garlic,3865,0.00116,0.086,0.034,2.52
Lime Sparkling Water,Sparkling Water Grapefruit,13789,0.00412,0.284,0.174,12.0
Bag of Organic Bananas,Organic Small Bunch Celery,16139,0.00482,0.041,0.228,1.93
Organic Red Onion,Organic Frozen Peas,1135,0.00034,0.016,0.054,2.56
Large Alfresco Eggs,Bag of Organic Bananas,9612,0.00287,0.227,0.024,1.93
Large Lemon,Organic Brown Rice,1371,0.00041,0.009,0.092,1.92
Organic Lemon,Organic Cucumber,8747,0.00261,0.096,0.103,3.77
Organic Cucumber,Organic Blueberries,5226,0.00156,0.061,0.05,1.96
Strawberries,Fat Free Skim Milk,1351,0.0004,0.009,0.143,3.2
Organic Lemon,Organic Thyme,2298,0.00069,0.025,0.114,4.17
Bag of Organic Bananas,Vitamin D Whole Milk,1045,0.00031,0.003,0.111,0.94
Organic Strawberries,Hass Avocado,1630,0.00049,0.006,0.085,1.03
Michigan Organic Kale,Organic Low Sodium Chicken Broth,1033,0.00031,0.015,0.057,2.7
Reduced Fat Milk,Bag of Organic Bananas,1591,0.00048,0.16,0.004,1.36
Organic Yellow Onion,Red Peppers,6326,0.00189,0.054,0.109,3.09
Broccoli Crown,Blueberries,1689,0.0005,0.038,0.029,2.16
Orange Bell Pepper,Carrots,1774,0.00053,0.043,0.024,1.92
Frozen Organic Wild Blueberries,Asparagus,1190,0.00036,0.038,0.017,1.81
Organic Yellow Onion,Collard Greens,1068,0.00032,0.009,0.099,2.81
Banana,Organic Whole Milk Strawberry Beet Berry Yogurt Pouch,1664,0.0005,0.003,0.255,1.74
Organic Bread with 21 Whole Grains,Organic Avocado,1510,0.00045,0.063,0.008,1.15
Organic Good Seed Bread,Organic Baby Spinach,1546,0.00046,0.118,0.006,1.56
Organic Baby Spinach,Whole Strawberries,2055,0.00061,0.008,0.224,2.97
Plain Bagels,Banana,2219,0.00066,0.207,0.005,1.41
Lime Sparkling Water,Organic Garnet Sweet Potato (Yam),1047,0.00031,0.022,0.019,1.32
Organic Spring Mix,Large Lemon,2128,0.00064,0.064,0.013,1.34
Pure Sparkling Water,Organic Baby Arugula,1050,0.00031,0.035,0.014,1.55
Original Pure Creamy Almond Milk,Large Lemon,1086,0.00032,0.071,0.007,1.48
Organic Baby Spinach,Organic D'Anjou Pears,8377,0.0025,0.033,0.165,2.19
Shredded Parmesan,Boneless Skinless Chicken Breasts,1672,0.0005,0.044,0.032,2.83
Uncured Genoa Salami,Organic Grape Tomatoes,2207,0.00066,0.051,0.025,1.94
White Corn,Organic Cucumber,1096,0.00033,0.056,0.013,2.22
Organic Whole Milk,Roasted Turkey Breast,1479,0.00044,0.01,0.081,1.9
Organic Fuji Apple,Lime Sparkling Water,2290,0.00068,0.025,0.047,1.7
Bing Cherries,Organic Baby Spinach,1637,0.00049,0.11,0.007,1.47
Organic Baby Spinach,Crescent Rolls,1166,0.00035,0.005,0.138,1.83
Carrots,Organic Roasted Turkey Breast,1012,0.0003,0.013,0.034,1.53
Bag of Organic Bananas,Organic Extra Virgin Olive Oil,2789,0.00083,0.007,0.202,1.71
Bag of Organic Bananas,"Uncured, No Sugar, Hickory Smoked Bacon",1047,0.00031,0.003,0.206,1.75
Total 2% Lowfat Greek Strained Yogurt with Peach,Sparkling Water Grapefruit,1123,0.00034,0.055,0.014,2.31
Shredded Parmesan,Organic Large Extra Fancy Fuji Apple,1754,0.00052,0.047,0.022,2.0
Organic Bread with 21 Whole Grains,Organic Zucchini,1339,0.0004,0.056,0.012,1.71
Penne Rigate,Banana,2401,0.00072,0.252,0.005,1.72
Organic Zucchini,Organic Green Cabbage,2472,0.00074,0.023,0.112,3.42
Organic Whole String Cheese,Grape White/Green Seedless,2008,0.0006,0.033,0.05,2.69
Banana,Honey Wheat Bread,1753,0.00052,0.004,0.285,1.94
Banana,Salt & Pepper Krinkle Chips,1213,0.00036,0.002,0.181,1.23
Mango Chunks,Blueberries,1543,0.00046,0.084,0.026,4.8
Organic Sour Cream,Organic Half & Half,1255,0.00038,0.045,0.016,1.92
Seedless Red Grapes,Red Peppers,2480,0.00074,0.029,0.043,1.64
Organic Red Bell Pepper,Extra Virgin Olive Oil,1667,0.0005,0.028,0.032,1.78
Organic Lemon,Total 0% Nonfat Greek Yogurt,1238,0.00037,0.014,0.044,1.63
Banana,Organic Whipping Cream,1032,0.00031,0.002,0.094,0.64
Organic Whole Strawberries,Organic Mango Chunks,1345,0.0004,0.041,0.172,17.67
Strawberries,Fat Free Milk,2168,0.00065,0.015,0.071,1.59
Organic Lemon,Red Vine Tomato,1925,0.00058,0.021,0.034,1.25
Uncured Genoa Salami,Organic Small Bunch Celery,1764,0.00053,0.041,0.025,1.93
Organic 1% Milk,Banana,1300,0.00039,0.258,0.003,1.76
Organic Baby Spinach,Total Greek Strained Yogurt,3446,0.00103,0.014,0.126,1.67
Organic Reduced Fat 2% Milk,Organic Blueberries,1842,0.00055,0.037,0.018,1.19
I Heart Baby Kale,Organic Baby Spinach,1635,0.00049,0.127,0.006,1.69
Small Hass Avocado,Organic Cilantro,2596,0.00078,0.05,0.036,2.28
Spring Water,Organic Strawberries,5142,0.00154,0.088,0.019,1.07
European Cucumber,Organic Grape Tomatoes,1164,0.00035,0.061,0.013,2.32
Bag of Organic Bananas,Unrefined Virgin Coconut Oil,1877,0.00056,0.005,0.191,1.62
Boneless Skinless Chicken Breasts,Organic Peeled Whole Baby Carrots,2169,0.00065,0.041,0.038,2.4
Red Vine Tomato,Organic Avocado,8642,0.00258,0.153,0.047,2.77
Broccoli Crown,Organic Avocado,8466,0.00253,0.188,0.046,3.42
Frozen Organic Wild Blueberries,Organic Ginger Root,1514,0.00045,0.049,0.028,3.02
Organic Gala Apples,Unsalted Butter,1236,0.00037,0.016,0.033,1.47
Limes,Organic Fuji Apple,5889,0.00176,0.04,0.063,1.45
Sea Salt & Vinegar Potato Chips,Organic Hass Avocado,1413,0.00042,0.092,0.006,1.39
Organic Romaine Hearts,Organic Avocado,1383,0.00041,0.105,0.008,1.91
Bag of Organic Bananas,Organic Bosc Pear,6903,0.00206,0.017,0.312,2.64
Bag of Organic Bananas,Organic White Cheddar Popcorn,1436,0.00043,0.004,0.184,1.55
Organic Whole String Cheese,Organic AppleApple,1635,0.00049,0.027,0.097,5.29
Organic Grade A Free Range Large Brown Eggs,Honeycrisp Apple,2240,0.00067,0.054,0.027,2.15
Whole Milk,Fat Free Milk,1384,0.00041,0.037,0.045,4.1
100% Recycled Paper Towels,100% Recycled Bath Tissue Rolls,1101,0.00033,0.038,0.214,24.6
Organic Shredded Mozzarella,Organic Zucchini,1715,0.00051,0.09,0.016,2.75
Banana,Mixed Berries Whole Milk Icelandic Style Skyr Yogurt,1598,0.00048,0.003,0.213,1.45
Peach Pear Flavored Sparkling Water,Blackberry Cucumber Sparkling Water,1278,0.00038,0.058,0.109,16.44
Banana,Cream Cheese,1618,0.00048,0.003,0.221,1.51
No Salt Added Black Beans,Organic Jalapeno Pepper,1018,0.0003,0.035,0.048,5.53
Organic Cream Cheese Bar,Organic Strawberries,1735,0.00052,0.157,0.006,1.91
Bag of Organic Bananas,Organic Mint,3680,0.0011,0.009,0.18,1.52
Organic Baby Broccoli,Organic Kiwi,1266,0.00038,0.038,0.024,2.46
Red Vine Tomato,Red Onion,3094,0.00092,0.055,0.07,4.11
Organic Cucumber,Organic Jalapeno Pepper,1509,0.00045,0.018,0.071,2.81
Organic Baby Arugula,No Salt Added Black Beans,1625,0.00049,0.021,0.056,2.46
Hass Avocados,Large Lemon,1133,0.00034,0.022,0.007,0.45
Green Bell Pepper,Sweet Onion,1328,0.0004,0.023,0.065,3.75
Organic D'Anjou Pears,Organic Whole Strawberries,1266,0.00038,0.025,0.039,2.55
Organic Russet Potato,Organic Gala Apples,1633,0.00049,0.048,0.022,2.14
Organic Thompson Seedless Raisins,Organic Avocado,1357,0.00041,0.105,0.007,1.9
Organic Large Extra Fancy Fuji Apple,Organic Shredded Carrots,1019,0.0003,0.013,0.048,2.08
Organic Grade A Free Range Large Brown Eggs,Original Hummus,1496,0.00045,0.036,0.02,1.61
Crackers Cheddar Bunnies Snack Packs,Organic Hass Avocado,1876,0.00056,0.147,0.008,2.23
Black Beans,Large Lemon,1081,0.00032,0.076,0.007,1.58
Organic Whole String Cheese,Cheddar Bunnies Snack Crackers,1044,0.00031,0.017,0.095,5.17
Organic Baby Arugula,Organic Cucumber,4367,0.00131,0.058,0.051,2.27
Unsweetened Almondmilk,Organic Ginger Root,1664,0.0005,0.032,0.031,1.99
Organic Russet Potato,Green Bell Pepper,1645,0.00049,0.049,0.028,2.82
"Organic Red Radish, Bunch",Fresh Cauliflower,2543,0.00076,0.09,0.034,4.06
Organic Extra Firm Tofu,Honeycrisp Apple,1272,0.00038,0.042,0.015,1.69
Half & Half,Organic Baby Carrots,2420,0.00072,0.034,0.03,1.4
Bok Choy,Organic Baby Spinach,1119,0.00033,0.174,0.004,2.32
Original Hummus,Organic Baby Rainbow Carrots,1113,0.00033,0.015,0.054,2.44
Organic Strawberries,Total Greek Strained Yogurt,4020,0.0012,0.015,0.147,1.78
Organic D'Anjou Pears,Organic Peeled Whole Baby Carrots,1844,0.00055,0.036,0.032,2.1
Organic Strawberries,Organic Green Lentils,1196,0.00036,0.004,0.158,1.92
Organic Raw Kombucha Gingerade,Organic Avocado,1768,0.00053,0.082,0.01,1.49
Sourdough Bread,Large Lemon,1671,0.0005,0.098,0.01,2.04
Organic Broccoli,Organic Raspberries,3917,0.00117,0.097,0.027,2.28
Large Alfresco Eggs,Organic Hass Avocado,6319,0.00189,0.149,0.029,2.26
Organic Baby Spinach,Organic Tortilla Chips,1139,0.00034,0.005,0.079,1.05
Extra Virgin Olive Oil,Organic Extra Firm Tofu,1187,0.00035,0.023,0.039,2.5
Ground Turkey Breast,Organic Blueberries,1311,0.00039,0.047,0.012,1.51
Organic Garlic,Total 2% All Natural Low Fat 2% Milkfat Greek Strained Yogurt,1035,0.00031,0.009,0.068,2.01
Naturals Savory Turkey Breakfast Sausage,Organic Strawberries,1176,0.00035,0.138,0.004,1.68
Organic Strawberries,Organic Boneless Skinless Chicken Breast,1918,0.00057,0.007,0.18,2.19
Banana,Four Cheese Pasta Sauce,1405,0.00042,0.003,0.231,1.57
Clementines,Organic Baby Spinach,1387,0.00041,0.043,0.006,0.57
Organic Yellow Onion,Organic Red Chard Greens,1421,0.00042,0.012,0.125,3.55
Broccoli Crown,Organic Baby Arugula,1910,0.00057,0.042,0.025,1.88
Organic Reduced Fat 2% Milk,Total 2% All Natural Greek Strained Yogurt with Honey,1253,0.00037,0.025,0.053,3.56
Organic Yellow Onion,Organic Low Sodium Chicken Broth,2518,0.00075,0.021,0.138,3.92
Organic Reduced Fat 2% Milk,Sparkling Water Grapefruit,2515,0.00075,0.051,0.032,2.15
Organic Simply Naked Pita Chips,Raspberries,1062,0.00032,0.113,0.017,6.22
Whipped Cream Cheese,Sparkling Water Grapefruit,1519,0.00045,0.047,0.019,1.99
Jalapeno Peppers,Garlic,2435,0.00073,0.055,0.063,4.76
Organic Nectarine,Organic Cucumber,1169,0.00035,0.089,0.014,3.49
Spaghetti,Grated Parmesan,1112,0.00033,0.068,0.024,4.82
Organic Navel Orange,Organic Whole Strawberries,1023,0.00031,0.023,0.031,2.34
Organic Strawberries,Organic Roasted Sliced Chicken Breast,2226,0.00067,0.008,0.178,2.16
European Cucumber,Orange Bell Pepper,1125,0.00034,0.059,0.027,4.82
Air Chilled Breaded Chicken Breast Nuggets,Organic Hass Avocado,1059,0.00032,0.119,0.005,1.81
Bag of Organic Bananas,Cucumber & Garlic  Tzatziki,1276,0.00038,0.003,0.17,1.44
Jalapeno Peppers,Organic Unsweetened Almond Milk,1108,0.00033,0.025,0.018,1.39
Tilapia Filet,Large Lemon,1956,0.00058,0.128,0.012,2.67
100% Raw Coconut Water,Organic Hass Avocado,6868,0.00205,0.175,0.031,2.65
Shredded Parmesan,Organic Cucumber,1960,0.00059,0.052,0.023,2.05
Organic Golden Delicious Apple,Organic Gala Apples,1006,0.0003,0.098,0.013,4.33
Sugar Snap Peas,Organic Hass Avocado,1641,0.00049,0.111,0.007,1.68
Raspberries,Cucumber Kirby,2552,0.00076,0.042,0.026,1.41
Organic Red Bell Pepper,Organic Peeled Whole Baby Carrots,2328,0.0007,0.039,0.04,2.25
Organic Cucumber,Organic Granny Smith Apple,5515,0.00165,0.065,0.09,3.55
Organic Red Potatoes,Bag of Organic Bananas,1872,0.00056,0.211,0.005,1.79
Half & Half,Honeycrisp Apple,2819,0.00084,0.039,0.034,1.58
Organic D'Anjou Pears,Organic Reduced Fat Milk,1396,0.00042,0.027,0.038,2.49
Banana,Seedless Small Watermelon,3101,0.00093,0.006,0.215,1.47
Roma Tomato,Red Onion,3037,0.00091,0.072,0.068,5.42
Organic Butternut Squash,Organic Yellow Onion,2662,0.0008,0.129,0.023,3.68
Air Chilled Breaded Chicken Breast Nuggets,Organic Avocado,1116,0.00033,0.126,0.006,2.28
Bag of Organic Bananas,Roasted Salted Cashews,1214,0.00036,0.003,0.168,1.42
Bag of Organic Bananas,"YoKids Squeezers Organic Low-Fat Yogurt, Strawberry",4161,0.00124,0.011,0.205,1.73
Organic Gala Apples,Organic Reduced Fat Milk,2184,0.00065,0.029,0.059,2.62
Russet Potato,Organic Fuji Apple,1497,0.00045,0.049,0.016,1.75
Organic Black Beans,Organic Whole Milk,3460,0.00103,0.087,0.024,2.05
Organic Rosemary,Organic Garlic,2039,0.00061,0.189,0.018,5.55
Garlic,Organic Unsweetened Almond Milk,1104,0.00033,0.029,0.018,1.6
Total 2% with Strawberry Lowfat Greek Strained Yogurt,Organic Half & Half,1647,0.00049,0.053,0.021,2.26
Limes,Cherubs Heavenly Salad Tomatoes,1428,0.00043,0.01,0.063,1.44
Total 2% Lowfat Greek Strained Yogurt With Blueberry,Organic Raspberries,1611,0.00048,0.075,0.011,1.77
California Cauliflower,Large Lemon,1007,0.0003,0.19,0.006,3.96
Cherry Pomegranate Greek Yogurt,Total 2% Lowfat Greek Strained Yogurt with Peach,1240,0.00037,0.176,0.06,28.58
Seedless Red Grapes,Large Lemon,7782,0.00233,0.09,0.048,1.87
Ezekiel 4:9 Bread Organic Sprouted Whole Grain,Cucumber Kirby,1100,0.00033,0.06,0.011,2.0
Organic Frozen Peas,Banana,3442,0.00103,0.164,0.007,1.12
Large Grapefruit,Organic Grape Tomatoes,1349,0.0004,0.061,0.015,2.3
Organic Mixed Berry Yogurt & Fruit Snack,Banana,1261,0.00038,0.22,0.003,1.5
Organic Blackberries,Organic Garnet Sweet Potato (Yam),1561,0.00047,0.024,0.029,1.48
Yellow Bell Pepper,Organic Raspberries,1697,0.00051,0.064,0.012,1.5
Gluten-Free Chicken Nuggets,Organic Strawberries,1041,0.00031,0.187,0.004,2.27
Banana,Uncured Genoa Salami,9330,0.00279,0.019,0.216,1.47
Vanilla Pure Almond Milk,Organic Avocado,1117,0.00033,0.094,0.006,1.7
Organic Navel Orange,Banana,6958,0.00208,0.156,0.014,1.06
Organic English Cucumber,Bag of Organic Bananas,2258,0.00067,0.26,0.006,2.21
Asparation/Broccolini/Baby Broccoli,Large Lemon,2842,0.00085,0.166,0.018,3.44
Organic Large Green Asparagus,Organic Blueberries,1540,0.00046,0.077,0.015,2.45
Organic Red Bell Pepper,Organic Large Extra Fancy Fuji Apple,3532,0.00106,0.059,0.045,2.53
White Corn Tortillas,Banana,1394,0.00042,0.202,0.003,1.37
Uncured Genoa Salami,Sparkling Water Grapefruit,2453,0.00073,0.057,0.031,2.39
Hass Avocados,Organic Grape Tomatoes,1701,0.00051,0.032,0.019,1.23
Organic Blackberries,Roma Tomato,1148,0.00034,0.018,0.027,1.41
Organic Frozen Peas,Organic Gala Apples,1207,0.00036,0.058,0.016,2.54
Organic Original Hommus,Organic Raspberries,1276,0.00038,0.093,0.009,2.18
Organic Strawberries,Organic Super Fruit Punch Juice Drink,1094,0.00033,0.004,0.183,2.22
Limes,Organic Yellow Squash,1086,0.00032,0.007,0.094,2.13
Bag of Organic Bananas,Organic Ezekiel 4:9 Sesame Bread,1017,0.0003,0.003,0.182,1.54
Organic Turkey Bacon,Organic Hass Avocado,2782,0.00083,0.175,0.013,2.65
Total 2% All Natural Greek Strained Yogurt with Honey,Organic Avocado,2090,0.00062,0.088,0.011,1.59
Organic Strawberries,Organic Whole Cashews,2182,0.00065,0.008,0.164,1.99
Frozen Organic Wild Blueberries,Berry Medley,1008,0.0003,0.033,0.068,7.31
Granny Smith Apples,Organic Half & Half,1223,0.00037,0.033,0.015,1.38
Unsalted Butter,Cucumber Kirby,2142,0.00064,0.058,0.021,1.94
White Onion,Organic Cilantro,1134,0.00034,0.067,0.016,3.05
Organic Distilled White Vinegar,Banana,1360,0.00041,0.143,0.003,0.98
100% Raw Coconut Water,Carrots,1100,0.00033,0.028,0.015,1.25
Blueberries,Organic Half & Half,1436,0.00043,0.025,0.018,1.04
Clementines,Blackberries,1685,0.0005,0.052,0.07,7.32
Organic Red Bell Pepper,Green Beans,1228,0.00037,0.021,0.041,2.27
Organic Garlic,Organic Half & Half,3495,0.00104,0.031,0.044,1.3
Organic Yellow Onion,Organic Baby Rainbow Carrots,1432,0.00043,0.012,0.07,1.98
Broccoli Crown,Organic Garbanzo Beans,1016,0.0003,0.023,0.033,2.42
Organic Acai Berry Smoothie Packs,Banana,1085,0.00032,0.217,0.002,1.48
Organic Iceberg Lettuce,Limes,1473,0.00044,0.098,0.01,2.23
Michigan Organic Kale,Unsalted Butter,1296,0.00039,0.018,0.035,1.67
Organic Garlic,Organic Avocado,14217,0.00425,0.125,0.077,2.27
Organic Baby Arugula,Organic Romaine Lettuce,1478,0.00044,0.02,0.041,1.81
Organic Red Bell Pepper,Green Bell Pepper,7086,0.00212,0.118,0.122,6.83
Blueberries,Orange Bell Pepper,1330,0.0004,0.023,0.032,1.86
Organic Blueberries,Organic Tomato Cluster,3332,0.001,0.032,0.05,1.59
Organic Lemon,Organic Baby Spinach,14512,0.00434,0.159,0.058,2.11
Orange Bell Pepper,Organic Blackberries,1184,0.00035,0.029,0.018,1.49
Kale Greens,Cucumber Kirby,1275,0.00038,0.1,0.013,3.35
Organic Whole String Cheese,Organic Blueberries,3054,0.00091,0.05,0.029,1.58
Wild Berry Smoothie,Organic Baby Spinach,1016,0.0003,0.122,0.004,1.63
Organic Peeled Whole Baby Carrots,Organic Garnet Sweet Potato (Yam),1915,0.00057,0.033,0.035,2.03
Bunched Cilantro,Feta Cheese Crumbles,1223,0.00037,0.026,0.036,2.55
Organic Jalapeno Pepper,Cucumber Kirby,1022,0.00031,0.048,0.01,1.62
Organic Large Extra Fancy Fuji Apple,Michigan Organic Kale,3201,0.00096,0.041,0.046,1.96
Original Pure Creamy Almond Milk,Organic Hass Avocado,1798,0.00054,0.118,0.008,1.78
Organic Sugar Snap Peas,Organic Raspberries,1241,0.00037,0.144,0.009,3.37
Bag of Organic Bananas,Lemon Yogurt,1544,0.00046,0.004,0.165,1.39
Organic Low Sodium Vegetable Broth,Limes,1336,0.0004,0.124,0.009,2.83
Organic Baby Spinach,Organic Tahini,1132,0.00034,0.004,0.171,2.27
Icelandic Style Skyr Blueberry Non-fat Yogurt,Organic Half & Half,1012,0.0003,0.051,0.013,2.15
Organic Strawberries,Organic Soft Wheat Bread,1243,0.00037,0.005,0.236,2.87
Organic Strawberries,Orange Sparkling Water,1175,0.00035,0.004,0.078,0.95
Organic Whole String Cheese,Pure Irish Butter,1228,0.00037,0.02,0.035,1.88
Organic Red Onion,Organic Baby Spinach,12746,0.00381,0.18,0.051,2.39
Fresh Cauliflower,Organic Red Chard Greens,1058,0.00032,0.014,0.093,4.2
Boneless Skinless Chicken Breasts,Salted Butter,1061,0.00032,0.02,0.053,3.39
Organic Blueberries,Cucumber Kirby,3789,0.00113,0.036,0.038,1.21
Strawberries,Organic Whole String Cheese,3237,0.00097,0.022,0.052,1.18
All Natural Apricot Sparkling Water,Sparkling Water Grapefruit,1903,0.00057,0.332,0.024,14.03
"Organic Red Radish, Bunch",Organic Baby Arugula,2715,0.00081,0.096,0.036,4.24
Green Onions,Organic Zucchini,1641,0.00049,0.059,0.015,1.79
Organic Leek,Organic Garlic,3215,0.00096,0.157,0.028,4.62
Organic Raspberries,Organic Romaine Lettuce,2544,0.00076,0.018,0.071,1.66
Strawberries,Organic Cilantro,2926,0.00087,0.02,0.04,0.9
Organic Grape Tomatoes,Whipped Cream Cheese,1801,0.00054,0.02,0.056,2.12
Bag of Organic Bananas,Pita Chips Simply Naked,1795,0.00054,0.005,0.153,1.3
Yellow Onions,No Salt Added Black Beans,2779,0.00083,0.036,0.095,4.14
Organic Extra Firm Tofu,Organic Hass Avocado,3425,0.00102,0.113,0.016,1.71
Unsweetened Almondmilk,Organic Granny Smith Apple,2034,0.00061,0.039,0.033,2.15
Spring Water,Sparkling Natural Mineral Water,1419,0.00042,0.024,0.032,1.82
Yellow Bell Pepper,Organic Tomato Cluster,1096,0.00033,0.041,0.016,2.06
Cantaloupe,Strawberries,2479,0.00074,0.099,0.017,2.21
Organic Garlic,Grated Parmesan,5310,0.00159,0.047,0.113,3.32
Organic Strawberries,Organic Baby Spinach Salad,2886,0.00086,0.01,0.157,1.91
Organic Whole String Cheese,Red Peppers,1666,0.0005,0.027,0.029,1.55
Bag of Organic Bananas,Boneless Skinless Chicken Breasts,5124,0.00153,0.013,0.098,0.83
Organic Whole Grassmilk Milk,Organic Hass Avocado,2647,0.00079,0.166,0.012,2.52
100% Whole Wheat Bread,Red Onion,1257,0.00038,0.02,0.028,1.5
Grated Parmesan,Organic Italian Parsley Bunch,3259,0.00097,0.069,0.052,3.69
Organic Cucumber,Sparkling Water Grapefruit,2367,0.00071,0.028,0.03,1.18
Organic Shredded Carrots,Organic Ginger Root,1077,0.00032,0.051,0.02,3.17
Granny Smith Apples,Sparkling Water Grapefruit,1033,0.00031,0.027,0.013,1.16
100% Recycled Paper Towels,Cucumber Kirby,1368,0.00041,0.047,0.014,1.58
Organic Romaine,Organic Whole Milk,1551,0.00046,0.063,0.011,1.47
Ancient Grain Original Granola,Bag of Organic Bananas,1545,0.00046,0.229,0.004,1.94
No Salt Added Black Beans,Asparagus,1523,0.00046,0.052,0.021,2.46
Unsweetened Almondmilk,Organic Bartlett Pear,1001,0.0003,0.019,0.026,1.67
Seedless Red Grapes,Italian Sparkling Mineral Water,1100,0.00033,0.013,0.034,1.32
Organic Whole String Cheese,Organic Bosc Pear,1124,0.00034,0.018,0.051,2.75
Fresh Ginger Root,Asparagus,1123,0.00034,0.044,0.016,2.08
Bag of Organic Bananas,Organic Frozen Peas,5566,0.00166,0.014,0.265,2.25
Yellow Onions,Organic Bell Pepper,1117,0.00033,0.015,0.046,2.0
Organic Baby Arugula,Organic Red Cabbage,1062,0.00032,0.014,0.068,3.0
Bag of Organic Bananas,Red Peppers,7580,0.00227,0.019,0.13,1.1
Frozen Organic Wild Blueberries,Organic Baby Carrots,1566,0.00047,0.051,0.019,2.1
Organic Garlic,Organic Garnet Sweet Potato (Yam),6458,0.00193,0.057,0.118,3.48
Organic Large Green Asparagus,Organic Zucchini,2312,0.00069,0.116,0.021,3.53
Organic Avocado,Organic Garnet Sweet Potato (Yam),7509,0.00224,0.041,0.138,2.5
Mild Salsa,Limes,1414,0.00042,0.093,0.01,2.12
Original Hummus,Organic Extra Firm Tofu,2193,0.00066,0.03,0.072,3.26
Bag of Organic Bananas,Low Fat Strawberry Yogurt Tubes,1222,0.00037,0.003,0.193,1.63
Bag of Organic Bananas,Organic Romaine Hearts,2100,0.00063,0.005,0.16,1.36
Taco Seasoning,Organic Hass Avocado,1337,0.0004,0.142,0.006,2.16
Organic Quick Oats,Organic Hass Avocado,1363,0.00041,0.133,0.006,2.01
Bag of Organic Bananas,Organic Large Brown Eggs,3202,0.00096,0.008,0.215,1.82
Uncured Genoa Salami,Uncured Hickory Smoked Sunday Bacon,1409,0.00042,0.033,0.065,5.04
Fresh Cauliflower,"Clementines, Bag",1490,0.00045,0.02,0.036,1.63
Organic Bread with 21 Whole Grains,Banana,5393,0.00161,0.225,0.011,1.53
Organic Broccoli,Uncured Genoa Salami,1043,0.00031,0.026,0.024,2.0
Red Peppers,Unsalted Butter,1135,0.00034,0.02,0.031,1.76
Organic Shredded Mozzarella,Organic Baby Spinach,3540,0.00106,0.186,0.014,2.47
Mango Chunks,Whole Strawberries,1082,0.00032,0.059,0.118,21.37
"Clementines, Bag",Organic Cilantro,1073,0.00032,0.026,0.015,1.19
100% Whole Wheat Bread,Apple Honeycrisp Organic,2560,0.00077,0.041,0.029,1.56
Bag of Organic Bananas,Crunchy Almond Butter,1465,0.00044,0.004,0.17,1.44
Strawberries,Unsweetened Original Almond Breeze Almond Milk,1926,0.00058,0.013,0.053,1.2
Organic Whole Milk,Sea Salt Pita Chips,1319,0.00039,0.009,0.076,1.78
Half & Half,Organic Garnet Sweet Potato (Yam),1215,0.00036,0.017,0.022,1.04
Organic Thompson Seedless Raisins,Organic Whole Milk,1768,0.00053,0.137,0.012,3.2
Organic Fuji Apple,Whipped Cream Cheese,1521,0.00045,0.016,0.047,1.7
Mozzarella String Cheese,Banana,1005,0.0003,0.092,0.002,0.63
Organic Muenster Cheese Slices,Banana,1477,0.00044,0.185,0.003,1.26
White Corn,Organic Small Bunch Celery,1053,0.00031,0.054,0.015,2.57
Fresh Cauliflower,Organic Hass Avocado,11011,0.00329,0.148,0.05,2.25
Organic Roasted Turkey Breast,Organic Half & Half,1087,0.00032,0.037,0.014,1.56
Bag of Organic Bananas,Sonoma Traditional Flour Tortillas 10 Count,1809,0.00054,0.005,0.222,1.88
"Organic Butterhead (Boston, Butter, Bibb) Lettuce",Organic Baby Spinach,1821,0.00054,0.145,0.007,1.93
Shredded Mild Cheddar Cheese,Organic Tomato Cluster,1151,0.00034,0.041,0.017,2.07
Organic Baby Spinach,Organic Half & Half,6844,0.00205,0.027,0.087,1.15
Total 0% Greek Yogurt,Organic Hass Avocado,2256,0.00067,0.083,0.01,1.26
Bag of Organic Bananas,Organic Grade A Free Range Large Brown Eggs,9124,0.00273,0.023,0.218,1.85
Organic Yellow Onion,Organic Extra Firm Tofu,2527,0.00076,0.021,0.083,2.37
Organic Lemon,Organic Unsalted Butter,1546,0.00046,0.017,0.069,2.55
Organic Baby Arugula,Organic Raspberries,5590,0.00167,0.074,0.039,1.73
100% Whole Wheat Bread,Organic Broccoli,1222,0.00037,0.019,0.03,1.6
Organic 2% Reduced Fat Milk,Large Lemon,1515,0.00045,0.063,0.009,1.3
Large Grapefruit,Honeycrisp Apple,1415,0.00042,0.063,0.017,2.55
Organic Yellow Onion,Organic Baby Kale,1347,0.0004,0.011,0.071,2.02
Organic Low Sodium Vegetable Broth,Organic Zucchini,1385,0.00041,0.128,0.013,3.93
Guacamole,Large Lemon,1150,0.00034,0.062,0.007,1.29
"Tortillas, Corn, Organic",Organic Strawberries,1096,0.00033,0.174,0.004,2.11
Mini Original Babybel Cheese,Organic Whole Milk,1531,0.00046,0.096,0.011,2.25
Apple Honeycrisp Organic,Organic Raw Kombucha Gingerade,1080,0.00032,0.012,0.05,1.92
Organic Sliced White Mushrooms,Organic Hass Avocado,1318,0.00039,0.155,0.006,2.35
Organic Whole Milk,Organic Large Grade A Brown Eggs,1104,0.00033,0.008,0.075,1.77
Organic Snipped Green Beans,Organic Cilantro,1077,0.00032,0.059,0.015,2.71
Organic English Cucumber,Organic Strawberries,1540,0.00046,0.178,0.006,2.16
Red Peppers,Organic Basil,1340,0.0004,0.023,0.048,2.76
Jalapeno Peppers,Banana,9430,0.00282,0.212,0.019,1.44
Organic Fresh Basil,Organic Garlic,2271,0.00068,0.186,0.02,5.47
Organic Whole String Cheese,Uncured Genoa Salami,3109,0.00093,0.05,0.072,3.9
Apple Honeycrisp Organic,Large Alfresco Eggs,2632,0.00079,0.03,0.062,2.39
Limes,Lemonade,1201,0.00036,0.008,0.059,1.34
Organic Frozen Mango Chunks,Bag of Organic Bananas,2949,0.00088,0.27,0.007,2.28
Yellow Bell Pepper,Organic Baby Spinach,4577,0.00137,0.172,0.018,2.29
Bag of Organic Bananas,Organic Roasted Turkey Breast,7586,0.00227,0.019,0.257,2.18
Whole Milk Plain Yogurt,Organic Strawberries,2536,0.00076,0.16,0.009,1.95
Organic Garlic,Total 2% with Strawberry Lowfat Greek Strained Yogurt,1225,0.00037,0.011,0.04,1.17
Organic Whole String Cheese,Organic D'Anjou Pears,2846,0.00085,0.046,0.056,3.04
Honeycrisp Apple,Cucumber Kirby,6648,0.00199,0.08,0.067,2.68
Apple Honeycrisp Organic,Organic Blackberries,2726,0.00081,0.031,0.042,1.62
Clementines,0% Greek Strained Yogurt,2984,0.00089,0.093,0.219,22.72
Organic Whole Milk,Organic Jalapeno Pepper,1164,0.00035,0.008,0.055,1.29
Organic Russet Potato,Organic Zucchini,3346,0.001,0.099,0.031,3.04
Organic Hothouse Cucumbers,Organic Hass Avocado,5000,0.00149,0.201,0.023,3.05
Bunched Cilantro,Extra Virgin Olive Oil,1434,0.00043,0.03,0.027,1.93
Organic Baby Spinach,Poblano Pepper,1071,0.00032,0.004,0.157,2.09
Total 2% Greek Strained Yogurt with Cherry 5.3 oz,Organic Hass Avocado,1597,0.00048,0.085,0.007,1.29
Bag of Organic Bananas,Whole Organic Omega 3 Milk,2435,0.00073,0.006,0.259,2.19
Yellow Onions,Apple Honeycrisp Organic,2655,0.00079,0.035,0.03,1.32
Green Bell Pepper,Organic Baby Carrots,2755,0.00082,0.047,0.034,1.97
Gluten Free 7 Grain Bread,Organic Hass Avocado,1591,0.00048,0.179,0.007,2.7
Organic Whole String Cheese,Bartlett Pears,1073,0.00032,0.017,0.029,1.59
Organic Raspberries,Organic Free Range Chicken Broth,1144,0.00034,0.008,0.086,2.01
Italian Sparkling Mineral Water,Organic Cucumber,1555,0.00046,0.048,0.018,1.91
Extra Virgin Olive Oil,Red Onion,1382,0.00041,0.026,0.031,1.99
Organic Baby Spinach,Organic Red Grapes,1424,0.00043,0.006,0.149,1.98
Corn Tortillas,Organic Baby Spinach,2620,0.00078,0.169,0.01,2.25
Small Hass Avocado,Limes,5729,0.00171,0.11,0.039,2.51
Organic Black Beans,Shredded Mild Cheddar Cheese,1098,0.00033,0.028,0.039,3.34
Strawberries,Half & Half,3387,0.00101,0.023,0.047,1.06
Organic Bell Pepper,Organic Hass Avocado,4709,0.00141,0.194,0.021,2.93
Hass Avocados,Fresh Asparagus,1455,0.00043,0.028,0.237,15.08
European Cucumber,Organic Yellow Onion,1033,0.00031,0.054,0.009,1.54
Bunched Cilantro,Organic Ginger Root,2249,0.00067,0.047,0.042,2.93
Original Hummus,Organic Unsweetened Almond Milk,3095,0.00092,0.042,0.052,2.32
Half & Half,Organic Peeled Whole Baby Carrots,2158,0.00064,0.03,0.037,1.74
100% Whole Wheat Bread,Broccoli Crown,1127,0.00034,0.018,0.025,1.33
Unsweetened Almondmilk,Asparagus,1587,0.00047,0.031,0.022,1.44
Organic Lemon,Romaine Hearts,1230,0.00037,0.013,0.046,1.67
Total 0% Nonfat Plain Greek Yogurt,Organic Avocado,1767,0.00053,0.116,0.01,2.11
Organic Red Bell Pepper,Organic Italian Parsley Bunch,3426,0.00102,0.057,0.054,3.04
Lemon Hummus,Organic Cucumber,1106,0.00033,0.065,0.013,2.55
Extra Virgin Olive Oil,Asparagus,2238,0.00067,0.043,0.031,2.01
Seedless Red Grapes,Organic Broccoli,1931,0.00058,0.022,0.048,1.84
Organic Kiwi,Organic Tomato Cluster,2925,0.00087,0.056,0.044,2.82
Green Peas,Large Lemon,1255,0.00038,0.107,0.008,2.22
Mild Cheddar Cheese Sticks,Organic Whole Milk,1536,0.00046,0.131,0.011,3.07
Bag of Organic Bananas,Cheddar Bunnies Snack Crackers,2309,0.00069,0.006,0.211,1.79
Organic Whole Milk,Red Onion,1882,0.00056,0.013,0.042,0.99
Organic Milk,Organic Baby Spinach,2914,0.00087,0.101,0.012,1.34
Organic Yellow Onion,Cream Cheese Spread,1021,0.00031,0.009,0.082,2.34
Organic Yellow Onion,Bartlett Pears,1302,0.00039,0.011,0.036,1.01
Unsweetened Almondmilk,Organic Baby Broccoli,1149,0.00034,0.022,0.035,2.24
Organic Baby Arugula,Organic Half & Half,2322,0.00069,0.031,0.029,1.3
Almond Nut & Rice Cracker Snacks,Organic Baby Spinach,1055,0.00032,0.115,0.004,1.53
Organic Cucumber,Organic Bell Pepper,2816,0.00084,0.033,0.116,4.56
Organic Reduced Fat 2% Milk,Organic Carrot Bunch,1104,0.00033,0.022,0.029,1.99
Jalapeno Peppers,Organic Fuji Apple,1458,0.00044,0.033,0.016,1.18
Bag of Organic Bananas,Organic Greek Plain Nonfat Yogurt,1661,0.0005,0.004,0.235,1.99
Organic Strawberries,Organic Whole Wheat Bread,2072,0.00062,0.008,0.179,2.18
Blueberries,Bunched Cilantro,1420,0.00042,0.024,0.03,1.72
Yellow Bell Pepper,Bag of Organic Bananas,3502,0.00105,0.132,0.009,1.11
Organic Blueberries,Total 0% Nonfat Greek Yogurt,1467,0.00044,0.014,0.053,1.68
Green Bell Pepper,Organic Yellow Onion,8273,0.00247,0.143,0.07,4.05
Organic Whole String Cheese,Organic Raspberries,7059,0.00211,0.114,0.05,2.69
Bag of Organic Bananas,Organic 21 Grain Thin Sliced Bread,2799,0.00084,0.007,0.228,1.93
Organic Red Bell Pepper,Organic Avocado,6753,0.00202,0.113,0.037,2.05
Jalapeno Peppers,Organic Tomato Cluster,1911,0.00057,0.043,0.029,2.15
Sparkling Water Grapefruit,Large Lemon,5865,0.00175,0.074,0.036,1.54
Organic Yellow Onion,Light Brown Sugar,1097,0.00033,0.009,0.079,2.25
Hass Avocados,Organic Raspberries,2498,0.00075,0.048,0.018,1.12
Half & Half,Extra Virgin Olive Oil,1448,0.00043,0.02,0.028,1.29
Toasted Coconut Almondmilk Blend,Banana,2574,0.00077,0.193,0.005,1.31
Cauliflower Florets,Bag of Organic Bananas,1200,0.00036,0.141,0.003,1.2
Organic Basil,Organic Garnet Sweet Potato (Yam),1411,0.00042,0.051,0.026,3.11
Sparkling Water Grapefruit,Curate Melon Pomelo Sparking Water,1901,0.00057,0.024,0.258,10.89
Cinnamon Rolls with Icing,Organic Raspberries,1000,0.0003,0.08,0.007,1.87
Yellow Onions,Large Grapefruit,1089,0.00033,0.014,0.049,2.12
Organic Thyme,Organic Ginger Root,1114,0.00033,0.055,0.021,3.41
Organic Spring Mix Salad,Asparagus,1080,0.00032,0.049,0.015,2.29
Organic D'Anjou Pears,Organic Avocado,4942,0.00148,0.097,0.027,1.77
Banana,Organic Grape Tomatoes,19589,0.00585,0.04,0.222,1.51
2% Reduced Fat Milk,Banana,9744,0.00291,0.252,0.02,1.72
Organic Milk,Half & Half,2392,0.00071,0.083,0.033,3.87
Small Hass Avocado,Organic Romaine Lettuce,1017,0.0003,0.02,0.028,1.81
Organic Salted Butter,Organic Baby Spinach,1946,0.00058,0.125,0.008,1.66
Organic Baby Spinach,Baby Food Stage 2 Blueberry Pear & Purple Carrot,1093,0.00033,0.004,0.12,1.6
"Organic Milk Reduced Fat, 2% Milkfat",Organic Hass Avocado,1764,0.00053,0.134,0.008,2.04
Apple Honeycrisp Organic,Organic Broccoli,3036,0.00091,0.035,0.075,2.88
Organic Large Extra Fancy Fuji Apple,Organic Whole Strawberries,2033,0.00061,0.026,0.062,2.67
Banana,Organic Sea Salt Roasted Seaweed Snacks,1834,0.00055,0.004,0.172,1.17
Banana,Yoghurt Blueberry,1137,0.00034,0.002,0.224,1.52
Sharp Cheddar Cheese,Grated Parmesan,1326,0.0004,0.042,0.028,3.01
Apple Honeycrisp Organic,Sparkling Water Grapefruit,3727,0.00111,0.043,0.047,1.8
Blackberries,Banana,3652,0.00109,0.153,0.007,1.04
100% Raw Coconut Water,Organic Whole Milk,1845,0.00055,0.047,0.013,1.1
Organic Thompson Seedless Raisins,Organic Hass Avocado,2070,0.00062,0.16,0.009,2.42
Non Fat Acai & Mixed Berries Yogurt,Banana,2093,0.00063,0.23,0.004,1.57
Bag of Organic Bananas,Organic Italian Salad,1947,0.00058,0.005,0.18,1.52
Organic Butternut Squash,Organic Gala Apples,1113,0.00033,0.054,0.015,2.39
Carrots,Organic Cilantro,4548,0.00136,0.06,0.062,2.77
Organic Tomato Sauce,Large Lemon,1227,0.00037,0.087,0.008,1.8
Organic Baby Spinach,Total 2% Greek Strained Yogurt with Cherry 5.3 oz,1578,0.00047,0.006,0.084,1.12
Organic Whole String Cheese,Organic Cucumber,3942,0.00118,0.064,0.046,2.52
Organic Strawberries,Organic Mixed Vegetables,1753,0.00052,0.006,0.171,2.07
Sparkling Clementine Juice,Banana,1262,0.00038,0.192,0.003,1.31
Strawberries,Organic Strawberries,1415,0.00042,0.009,0.005,0.11
Organic Raspberries,Pure Irish Butter,2106,0.00063,0.015,0.06,1.4
Whole Milk Ricotta Cheese,Organic Strawberries,1616,0.00048,0.15,0.006,1.82
Feta Cheese Crumbles,Organic Ginger Root,1040,0.00031,0.031,0.019,1.9
1% Lowfat Milk,Organic Avocado,1650,0.00049,0.112,0.009,2.04
Organic Grape Tomatoes,Organic Romaine Lettuce,2455,0.00073,0.028,0.068,2.59
Tomato Sauce,Organic Zucchini,1126,0.00034,0.084,0.01,2.56
Unsweetened Almond Milk,Organic Baby Spinach,1025,0.00031,0.153,0.004,2.03
Organic Red Onion,Red Vine Tomato,3688,0.0011,0.052,0.065,3.08
Yellow Onions,Red Onion,2390,0.00071,0.031,0.054,2.34
Organic Baby Spinach,Organic Long Grain White Rice,1182,0.00035,0.005,0.132,1.75
Carrots,No Salt Added Black Beans,2127,0.00064,0.028,0.073,3.24
Organic Diced Tomatoes,Organic Yellow Onion,3819,0.00114,0.167,0.032,4.75
Whipped Cream Cheese,Organic Half & Half,1688,0.0005,0.052,0.021,2.22
Unsalted Butter,Organic Peeled Whole Baby Carrots,1101,0.00033,0.03,0.019,1.72
YoBaby Blueberry Apple Yogurt,Organic Whole Milk,1340,0.0004,0.164,0.009,3.84
Organic Blackberries,Total 2% with Strawberry Lowfat Greek Strained Yogurt,1075,0.00032,0.017,0.035,1.8
Organic Whole String Cheese,Organic Creamy Peanut Butter,1322,0.0004,0.021,0.07,3.82
No Salt Added Black Beans,Organic Italian Parsley Bunch,1079,0.00032,0.037,0.017,1.96
Organic Baby Spinach,Organic Mango Chunks,1781,0.00053,0.007,0.228,3.04
Original Hummus,Organic Yellow Peaches,1087,0.00032,0.015,0.049,2.23
Organic Large Brown Grade AA Cage Free Eggs,Organic Avocado,1954,0.00058,0.059,0.011,1.07
Total 2% with Strawberry Lowfat Greek Strained Yogurt,Lime Sparkling Water,1202,0.00036,0.039,0.025,2.69
Banana,Organic Orange Juice,1185,0.00035,0.002,0.122,0.83
Organic Tomato Paste,Organic Raspberries,1009,0.0003,0.055,0.007,1.29
Organic Celery Hearts,Bag of Organic Bananas,4949,0.00148,0.199,0.013,1.68
Organic Garlic,Organic Cilantro,10277,0.00307,0.09,0.141,4.13
Organic Baby Spinach,Organic Ginger Root,11122,0.00332,0.044,0.206,2.73
Baby Spinach,Organic Avocado,1617,0.00048,0.067,0.009,1.21
Clementines,Organic Tortilla Chips,1383,0.00041,0.043,0.096,9.97
Banana,Super Greens Salad,2760,0.00082,0.006,0.173,1.18
"Organic Butterhead (Boston, Butter, Bibb) Lettuce",Banana,2233,0.00067,0.178,0.005,1.21
Organic Whole String Cheese,Organic Garlic,3655,0.00109,0.059,0.032,1.74
Organic Avocado,Organic Bunch Beets,1590,0.00048,0.009,0.105,1.92
Bag of Organic Bananas,Lime Sparkling Water,6328,0.00189,0.016,0.13,1.11
Organic Whole String Cheese,Boneless Skinless Chicken Breasts,1651,0.00049,0.027,0.032,1.71
Garnet Sweet Potato (Yam),Banana,2205,0.00066,0.313,0.004,2.13
Broccoli Crown,Grated Parmesan,1473,0.00044,0.033,0.031,2.34
Organic Whole Milk,Organic Bunch Beets,1154,0.00034,0.008,0.077,1.79
Organic Yellow Onion,Organic Granny Smith Apple,4669,0.0014,0.04,0.076,2.17
Shredded Parmesan,Asparagus,1966,0.00059,0.052,0.028,2.45
Organic Roma Tomato,Organic Gala Apples,1584,0.00047,0.052,0.021,2.3
Cantaloupe,Cucumber Kirby,1553,0.00046,0.062,0.016,2.07
Organic Lacinato (Dinosaur) Kale,Organic Thyme,1007,0.0003,0.022,0.05,3.72
Apple Honeycrisp Organic,Orange Bell Pepper,1880,0.00056,0.022,0.046,1.76
Total 2% Lowfat Greek Strained Yogurt With Blueberry,Organic Whole Milk,1754,0.00052,0.082,0.012,1.92
Russet Potato,Organic Hass Avocado,2139,0.00064,0.07,0.01,1.05
Organic Whole Milk,Organic Plain Whole Milk Yogurt,1686,0.0005,0.012,0.119,2.79
Original Hummus,Extra Virgin Olive Oil,2131,0.00064,0.029,0.041,1.84
Organic Peeled Whole Baby Carrots,Organic Small Bunch Celery,3204,0.00096,0.055,0.045,2.62
"Peach,  Apricot & Banana Stage 2 Baby Food",Banana,1107,0.00033,0.21,0.002,1.43
Organic Tomato Paste,Tomato Sauce,1117,0.00033,0.061,0.083,15.16
Organic Short Grain Brown Rice,Organic Hass Avocado,1183,0.00035,0.14,0.005,2.12
Bag of Organic Bananas,Cherubs Heavenly Salad Tomatoes,2344,0.0007,0.006,0.104,0.88
Organic Celery Hearts,Organic Fuji Apple,1000,0.0003,0.04,0.011,1.45
Hass Avocados,Organic Gala Apples,1185,0.00035,0.023,0.016,1.0
Organic Strawberry Fruit Spread,Organic Hass Avocado,1321,0.00039,0.113,0.006,1.71
Banana,Cheese Pizza Snacks,1859,0.00056,0.004,0.21,1.43
Sharp Cheddar Cheese,Green Bell Pepper,1162,0.00035,0.037,0.02,2.13
Bag of Organic Bananas,100 Calorie  Per Bag Popcorn,1809,0.00054,0.005,0.135,1.15
Organic Reduced Fat 2% Milk,Bag of Organic Bananas,10293,0.00308,0.208,0.026,1.77
Organic Baby Broccoli,Organic Baby Carrots,1264,0.00038,0.038,0.016,1.59
Banana,Organic Sour Cream,4201,0.00126,0.009,0.151,1.03
Small Hass Avocado,Bag of Organic Bananas,7771,0.00232,0.149,0.02,1.26
Red Peppers,Globe Eggplant,1083,0.00032,0.019,0.06,3.48
Yellow Onions,Organic Celery Hearts,1287,0.00038,0.017,0.052,2.25
Carrots,Organic Blueberries,3041,0.00091,0.04,0.029,1.29
Red Peppers,Organic Black Beans,1909,0.00057,0.033,0.048,2.77
Strawberries,Honey Nut Cheerios,2151,0.00064,0.014,0.077,1.72
Organic Orange Juice,Organic Hass Avocado,1452,0.00043,0.149,0.007,2.26
Organic Original Hommus,Banana,2249,0.00067,0.163,0.005,1.11
Organic Raspberries,Organic Ginger Root,4143,0.00124,0.029,0.077,1.8
100% Whole Wheat Bread,Organic Blueberries,2509,0.00075,0.04,0.024,1.27
Spring Water,Organic Whole String Cheese,1205,0.00036,0.021,0.02,1.12
Broccoli Crown,Honeycrisp Apple,3585,0.00107,0.08,0.043,3.2
Yellow Bell Pepper,Organic Fuji Apple,1411,0.00042,0.053,0.015,1.91
Banana,Original Instant Oatmeal,1448,0.00043,0.003,0.228,1.55
Organic Garlic,Organic Rainbow Carrots,2026,0.00061,0.018,0.132,3.89
Organic Raspberries,Organic Sour Cream,2114,0.00063,0.015,0.076,1.79
Organic Snipped Green Beans,Asparagus,1203,0.00036,0.066,0.017,3.11
Organic Red Onion,Bunched Cilantro,3106,0.00093,0.044,0.065,3.09
Organic Whole Milk,Cucumber Kirby,6396,0.00191,0.045,0.064,1.5
Banana,Macaroni & Cheese,4041,0.00121,0.008,0.223,1.52
Organic Iceberg Lettuce,Organic Grape Tomatoes,1012,0.0003,0.067,0.011,2.55
Organic Frozen Peas,Organic Grape Tomatoes,1408,0.00042,0.067,0.016,2.55
Large Alfresco Eggs,Organic Ginger Root,1395,0.00042,0.033,0.026,2.04
Organic Large Extra Fancy Fuji Apple,Organic Lacinato (Dinosaur) Kale,2532,0.00076,0.032,0.056,2.42
Organic Strawberries,Organic Greek Plain Nonfat Yogurt,1161,0.00035,0.004,0.164,2.0
"Organic Red Radish, Bunch",Organic Tomato Cluster,1962,0.00059,0.069,0.029,3.48
Peanut Butter Creamy With Salt,Organic Baby Spinach,1036,0.00031,0.158,0.004,2.1
Large Pineapple Chunks,Organic Strawberries,1068,0.00032,0.186,0.004,2.26
Organic Strawberries,Organic Honey Nut O's Cereal,1159,0.00035,0.004,0.214,2.6
Apple Honeycrisp Organic,Original Veggie Straws,1189,0.00036,0.014,0.068,2.6
Bag of Organic Bananas,Organic Mayonnaise,1827,0.00055,0.005,0.2,1.69
Organic Strawberries,Organic Raspberries,35533,0.01062,0.129,0.249,3.03
Organic Yellow Onion,Organic Coconut Milk,3560,0.00106,0.03,0.126,3.58
Green Seedless Grapes,Raspberries,1518,0.00045,0.116,0.025,6.4
Total 2% Lowfat Greek Strained Yogurt With Blueberry,Total 2% with Strawberry Lowfat Greek Strained Yogurt,9565,0.00286,0.447,0.31,48.44
Organic Baby Carrots,Organic Bartlett Pear,2089,0.00062,0.026,0.054,2.24
Red Peppers,Organic Large Grade AA Brown Eggs,1314,0.00039,0.023,0.049,2.84
Organic Gala Apples,Total Greek Strained Yogurt,1148,0.00034,0.015,0.042,1.85
Organic Strawberries,Organic Zucchini,16071,0.0048,0.058,0.147,1.78
Organic Red Bell Pepper,Large Lemon,4942,0.00148,0.083,0.031,1.72
Seedless Red Grapes,Clementines,1519,0.00045,0.018,0.047,1.82
Yellow Onions,Organic Fuji Apple,3573,0.00107,0.046,0.038,1.67
Organic Raspberries,Ground Turkey Breast,2098,0.00063,0.015,0.076,1.78
Organic Strawberries,Colby Cheese Sticks,2628,0.00079,0.01,0.208,2.52
Banana,Canola Oil,1902,0.00057,0.004,0.187,1.28
Organic Multigrain Waffles,Organic Raspberries,1180,0.00035,0.106,0.008,2.49
Michigan Organic Kale,Organic Thyme,1053,0.00031,0.015,0.052,2.49
Organic Snipped Green Beans,Organic Kiwi,1040,0.00031,0.057,0.02,3.68
Cage Free Large White Eggs,Organic Baby Spinach,1359,0.00041,0.131,0.005,1.74
"YoKids Squeezers Organic Low-Fat Yogurt, Strawberry",Organic Reduced Fat Milk,1073,0.00032,0.053,0.029,4.79
Banana,Squeeze Tomato Ketchup,1920,0.00057,0.004,0.229,1.56
Organic Chicken Broth,Banana,2308,0.00069,0.196,0.005,1.34
Organic Cherries,Bag of Organic Bananas,1011,0.0003,0.178,0.003,1.51
Super Greens Salad,Organic Avocado,1459,0.00044,0.092,0.008,1.66
Organic Baby Spinach,Orange Sparkling Water,1115,0.00033,0.004,0.074,0.98
Pure Coconut Water,Bag of Organic Bananas,3360,0.001,0.178,0.009,1.51
Organic Chicken Broth,Organic Small Bunch Celery,1038,0.00031,0.088,0.015,4.18
Pure Sparkling Water,Large Lemon,2227,0.00067,0.074,0.014,1.54
"Peach,  Apricot & Banana Stage 2 Baby Food",Bag of Organic Bananas,1302,0.00039,0.247,0.003,2.09
Cherry Pomegranate Greek Yogurt,Total 2% Lowfat Greek Strained Yogurt With Blueberry,1249,0.00037,0.177,0.058,27.64
Bag of Organic Bananas,Grassmilk 2% Reduced Fat Milk,1356,0.00041,0.003,0.261,2.21
Limes,Oven Roasted Turkey Breast,1006,0.0003,0.007,0.048,1.09
Corn Chips,Organic Strawberries,1212,0.00036,0.136,0.004,1.66
Organic Cilantro,Organic Baby Kale,1004,0.0003,0.014,0.053,2.42
Organic Fuji Apple,Roma Tomato,2207,0.00066,0.024,0.052,1.89
Iceberg Lettuce,Red Vine Tomato,1158,0.00035,0.086,0.02,5.1
Seedless Red Grapes,Organic Fuji Apple,5946,0.00178,0.069,0.064,2.47
Strawberries,Organic Peeled Whole Baby Carrots,3370,0.00101,0.023,0.058,1.3
Strawberries,Seedless Cucumbers,2707,0.00081,0.018,0.19,4.25
Strawberries,Asparation/Broccolini/Baby Broccoli,1855,0.00055,0.012,0.108,2.42
Large Alfresco Eggs,Organic Small Bunch Celery,2331,0.0007,0.055,0.033,2.61
Baby Cucumbers,Organic Baby Spinach,1547,0.00046,0.103,0.006,1.37
Bag of Organic Bananas,Parsley,1020,0.0003,0.003,0.187,1.59
100% Recycled Paper Towels,Organic Tomato Cluster,1216,0.00036,0.042,0.018,2.1
Red Vine Tomato,Organic Ginger Root,1581,0.00047,0.028,0.029,1.73
Limes,Asparagus,7258,0.00217,0.049,0.102,2.33
Total 2% with Strawberry Lowfat Greek Strained Yogurt,Large Lemon,2128,0.00064,0.069,0.013,1.43
Organic Chicken Broth,Organic Strawberries,1492,0.00045,0.127,0.005,1.54
Organic Red Bell Pepper,Organic Bosc Pear,1056,0.00032,0.018,0.048,2.67
Organic Strawberries,Salted Butter,2500,0.00075,0.009,0.125,1.52
Organic Celery Hearts,Organic Cucumber,2676,0.0008,0.108,0.031,4.23
Peach Pear Flavored Sparkling Water,Curate Melon Pomelo Sparking Water,1060,0.00032,0.048,0.144,21.75
Organic Celery Hearts,Organic Peeled Whole Baby Carrots,1065,0.00032,0.043,0.018,2.48
Tomato Paste,Organic Garlic,1129,0.00034,0.096,0.01,2.81
Organic Strawberries,Organic Red Delicious Apple,2514,0.00075,0.009,0.175,2.13
Honey Yoghurt,Blueberry Yoghurt,1657,0.0005,0.169,0.161,54.94
Sea Salt Pita Chips,Organic Avocado,1773,0.00053,0.102,0.01,1.86
Crushed Tomatoes,Limes,1268,0.00038,0.103,0.009,2.34
Organic Whole Milk,Organic Lowfat 1% Milk,1623,0.00049,0.011,0.106,2.48
Fresh Asparagus,Raspberries,1030,0.00031,0.168,0.017,9.2
Organic Cherries,Organic Strawberries,1709,0.00051,0.301,0.006,3.66
"Clementines, Bag",Organic Granny Smith Apple,1393,0.00042,0.034,0.023,1.85
Organic Red Bell Pepper,Organic Sour Cream,1218,0.00036,0.02,0.044,2.45
Organic Original Hommus,Organic Cucumber,1261,0.00038,0.092,0.015,3.61
Major Dickason's Blend Ground Coffee Dark Roast,Bag of Organic Bananas,1060,0.00032,0.171,0.003,1.45
Organic Red Bell Pepper,Organic Garbanzo Beans,1711,0.00051,0.029,0.055,3.06
Organic Chicken & Apple Sausage,Organic Strawberries,2707,0.00081,0.201,0.01,2.44
Banana,Broccoli Florets,1041,0.00031,0.002,0.171,1.16
Sliced Black Olives,Organic Avocado,1429,0.00043,0.127,0.008,2.31
Organic Italian Parsley Bunch,Organic Romaine Lettuce,2622,0.00078,0.042,0.073,3.86
Small Hass Avocado,Organic Large Brown Grade AA Cage Free Eggs,1064,0.00032,0.02,0.032,2.05
Organic Whole String Cheese,Grated Parmesan,2444,0.00073,0.04,0.052,2.83
Total 0% Raspberry Yogurt,Total 2% Lowfat Greek Strained Yogurt with Peach,1962,0.00059,0.156,0.095,25.36
Organic Italian Parsley Bunch,Organic Gala Apples,2325,0.00069,0.037,0.031,1.63
Baby Spinach,Organic Italian Parsley Bunch,1045,0.00031,0.043,0.017,2.29
Carrots,Original Hummus,3849,0.00115,0.051,0.052,2.31
Organic Uncured Sliced Black Forest Ham,Banana,1988,0.00059,0.162,0.004,1.11
Organic Baby Spinach,Organic Bell Pepper,3978,0.00119,0.016,0.163,2.17
Organic Raspberries,Large Grapefruit,1814,0.00054,0.013,0.081,1.91
Organic Grape Tomatoes,Organic Small Bunch Celery,4497,0.00134,0.051,0.064,2.42
Limes,Organic Half & Half,4542,0.00136,0.031,0.057,1.31
Limes,Whipped Cream Cheese,2311,0.00069,0.016,0.072,1.63
Banana,Blue Cheese Crumbles,1363,0.00041,0.003,0.208,1.42
Organic Chicken Broth,Large Lemon,1399,0.00042,0.119,0.009,2.48
Organic Raspberries,Super Greens Salad,1433,0.00043,0.01,0.09,2.11
Organic Red Potato,Limes,1003,0.0003,0.102,0.007,2.34
Carrots,Organic Raspberries,5135,0.00153,0.068,0.036,1.6
Bag of Organic Bananas,Butterhead Lettuce,1213,0.00036,0.003,0.195,1.65
Organic Hothouse Cucumbers,Organic Ginger Root,1147,0.00034,0.046,0.021,2.86
Red Raspberries,Red Peppers,1425,0.00043,0.051,0.024,2.96
Organic Yellow Onion,Heavy Whipping Cream,1567,0.00047,0.013,0.073,2.07
100% Raw Coconut Water,Organic Garlic,1977,0.00059,0.05,0.017,1.48
Original Nooks & Crannies English Muffins,Banana,3569,0.00107,0.228,0.007,1.55
Sparkling Lemon Water,Cucumber Kirby,1152,0.00034,0.034,0.012,1.13
Organic Bell Pepper,Organic Avocado,2535,0.00076,0.104,0.014,1.89
Yellow Onions,100% Whole Wheat Bread,1934,0.00058,0.025,0.031,1.33
Red Peppers,Organic Bartlett Pear,1186,0.00035,0.02,0.031,1.76
Multigrain Oat Bread,Bag of Organic Bananas,1434,0.00043,0.28,0.004,2.37
Organic Strawberries,Organic Garnet Sweet Potato (Yam),8482,0.00253,0.031,0.156,1.89
Naturals Chicken Nuggets,Organic Strawberries,2214,0.00066,0.203,0.008,2.46
Limes,Pure Irish Butter,2203,0.00066,0.015,0.062,1.42
Organic Chicken Bone Broth,Organic Yellow Onion,1135,0.00034,0.129,0.01,3.66
Organic Yams,Organic Hass Avocado,2764,0.00083,0.132,0.013,2.0
Organic Baby Arugula,Sparkling Natural Mineral Water,1219,0.00036,0.016,0.027,1.2
Organic Broccoli Florets,Organic Garnet Sweet Potato (Yam),1833,0.00055,0.054,0.034,3.29
Banana,Apple Cinnamon Instant Oatmeal,1449,0.00043,0.003,0.249,1.7
Boneless Skinless Chicken Breasts,Organic Tomato Cluster,1579,0.00047,0.03,0.024,1.51
Organic English Cucumber,Organic Raspberries,1194,0.00036,0.138,0.008,3.23
Organic Shredded Mozzarella,Banana,3148,0.00094,0.165,0.006,1.13
Bag of Organic Bananas,Whole Wheat Bread,1991,0.0006,0.005,0.181,1.53
Organic Black Beans,Sparkling Water Grapefruit,1374,0.00041,0.035,0.017,1.47
Organic Strawberries,Sour Cream,1591,0.00048,0.006,0.071,0.86
Organic Shredded Mozzarella,Organic Yellow Onion,2066,0.00062,0.109,0.018,3.08
Carrots,Organic Low Sodium Chicken Broth,1753,0.00052,0.023,0.096,4.27
Apple Honeycrisp Organic,Red Peppers,2314,0.00069,0.027,0.04,1.52
Organic Red Chard Greens,Organic Zucchini,1377,0.00041,0.121,0.013,3.71
Organic Whole Milk,Pineapple Chunks,1548,0.00046,0.011,0.059,1.39
Organic Baby Carrots,Total 0% Nonfat Greek Yogurt,1235,0.00037,0.015,0.044,1.84
Organic D'Anjou Pears,Fresh Cauliflower,2952,0.00088,0.058,0.04,2.62
Non Fat Acai & Mixed Berries Yogurt,"Yogurt, Strained Low-Fat, Coconut",1463,0.00044,0.161,0.116,42.92
Hass Avocados,Half & Half,1001,0.0003,0.019,0.014,0.89
Organic Fuji Apple,Total 2% Greek Strained Yogurt with Cherry 5.3 oz,1096,0.00033,0.012,0.059,2.11
Strawberries,Pineapple Chunks,1357,0.00041,0.009,0.052,1.17
Strawberries,Fresh Ginger Root,1273,0.00038,0.009,0.05,1.12
Organic Tomato Paste,Green Bell Pepper,1300,0.00039,0.071,0.022,4.09
Dark Chocolate Pretzels with Sea Salt,Organic Strawberries,1075,0.00032,0.128,0.004,1.55
Organic Spring Mix,Organic Hass Avocado,3724,0.00111,0.112,0.017,1.7
Unsalted Pure Irish Butter,Organic Lemon,1231,0.00037,0.06,0.013,2.19
Hass Avocados,Organic Baby Spinach,6451,0.00193,0.123,0.026,1.63
Sharp Cheddar Cheese,Organic Baby Spinach,3948,0.00118,0.126,0.016,1.67
Shredded Mozzarella,Grated Parmesan,2205,0.00066,0.096,0.047,6.85
White Onion,Red Peppers,1138,0.00034,0.067,0.02,3.84
Organic Strawberries,Baby Food Stage 2 Blueberry Pear & Purple Carrot,1621,0.00048,0.006,0.178,2.16
Uncured Genoa Salami,Organic Gala Apples,1924,0.00058,0.044,0.025,1.97
Organic Dill,Organic Zucchini,1766,0.00053,0.106,0.016,3.26
Organic Carrot Bunch,Organic Bunch Beets,1024,0.00031,0.027,0.068,6.05
Organic Lemon,Carrots,5158,0.00154,0.057,0.069,2.51
Banana,Shredded Hash Browns,1353,0.0004,0.003,0.186,1.27
Organic Rainbow Carrots,Organic Cucumber,1288,0.00038,0.084,0.015,3.32
Organic Strawberries,Organic Spring Mix Salad,3163,0.00095,0.011,0.143,1.73
Organic Strawberries,Organic Golden Delicious Apple,1806,0.00054,0.007,0.176,2.14
Carrots,Michigan Organic Kale,5274,0.00158,0.07,0.075,3.35
Seedless Red Grapes,Organic Snipped Green Beans,1055,0.00032,0.012,0.058,2.24
Organic Extra Firm Tofu,Organic Zucchini,2727,0.00081,0.09,0.025,2.75
Green Bell Pepper,Organic Blueberries,2648,0.00079,0.046,0.025,1.45
Organic Grape Tomatoes,Raspberries,1545,0.00046,0.018,0.025,0.96
Organic Baby Kale,Organic Hass Avocado,2659,0.00079,0.14,0.012,2.12
Apple Honeycrisp Organic,Unsalted Butter,1287,0.00038,0.015,0.035,1.33
Sparkling Lemon Water,Honeycrisp Apple,1455,0.00043,0.043,0.017,1.71
Bag of Organic Bananas,XL Emerald White Seedless Grapes,1765,0.00053,0.004,0.108,0.91
Total 2% All Natural Greek Strained Yogurt with Honey,Total 2% All Natural Plain Greek Yogurt,1231,0.00037,0.052,0.071,10.0
Organic Baby Arugula,Half & Half,2368,0.00071,0.031,0.033,1.46
Carrots,Garlic,3312,0.00099,0.044,0.086,3.82
Organic Roasted Turkey Breast,Large Lemon,1806,0.00054,0.061,0.011,1.27
Bag of Organic Bananas,Grade A Large Brown Eggs,2051,0.00061,0.005,0.305,2.58
Seedless Cucumbers,Organic Blueberries,1031,0.00031,0.072,0.01,2.3
Whole Milk,2% Reduced Fat Milk,1596,0.00048,0.043,0.041,3.74
Organic Genoa Salami,Organic Strawberries,1376,0.00041,0.227,0.005,2.76
Limes,Original No Pulp 100% Florida Orange Juice,1115,0.00033,0.008,0.055,1.26
Organic Frozen Peas,Organic Broccoli Florets,1469,0.00044,0.07,0.043,6.84
Organic Celery Hearts,Organic Cilantro,1740,0.00052,0.07,0.024,3.2
Spring Water,Honeycrisp Apple,1116,0.00033,0.019,0.013,0.77
Organic Large Extra Fancy Fuji Apple,Organic Peeled Whole Baby Carrots,3106,0.00093,0.04,0.054,2.3
Frozen Organic Wild Blueberries,Organic Hass Avocado,5672,0.0017,0.183,0.026,2.77
Kale Greens,Organic Avocado,1119,0.00033,0.088,0.006,1.59
Bag of Organic Bananas,Organic Spaghetti Squash,2459,0.00073,0.006,0.175,1.49
Organic Strawberries,Soft Pretzel Mini Buns,1450,0.00043,0.005,0.233,2.84
Organic Strawberries,Kids Organic Chocolate Chip ZBars,2666,0.0008,0.01,0.218,2.64
Organic Lemon,Jalapeno Peppers,2051,0.00061,0.022,0.046,1.69
Organic Gala Apples,Organic Blueberries,4567,0.00136,0.06,0.043,1.92
Red Vine Tomato,Organic Extra Firm Tofu,1169,0.00035,0.021,0.039,2.28
Organic Unsalted Butter,Organic Strawberries,3843,0.00115,0.173,0.014,2.1
Organic Turkey Bacon,Organic Lemon,1014,0.0003,0.064,0.011,2.34
Banana,ALMONDBREEZE UNSWEETENED,2530,0.00076,0.005,0.254,1.73
Apple Honeycrisp Organic,Organic Baby Arugula,3454,0.00103,0.04,0.046,1.75
Organic Whole Milk,Organic Italian Parsley Bunch,4326,0.00129,0.03,0.069,1.61
Bag of Organic Bananas,Vitamin D Organic Whole Milk,1158,0.00035,0.003,0.107,0.91
Bag of Organic Bananas,Classic White Bread,1128,0.00034,0.003,0.157,1.33
White Cheddar Popcorn,Banana,1790,0.00053,0.219,0.004,1.49
Bag of Organic Bananas,Pitted Dates,1020,0.0003,0.003,0.198,1.68
Total 2% Lowfat Greek Strained Yogurt With Blueberry,Original Hummus,1256,0.00038,0.059,0.017,2.65
Green Onions,Fresh Ginger Root,1464,0.00044,0.052,0.058,6.89
Organic Chicken Stock,Bag of Organic Bananas,1865,0.00056,0.169,0.005,1.43
Organic Hothouse Cucumbers,Organic Zucchini,2347,0.0007,0.095,0.021,2.89
Soda,Chocolate Chip Cookies,1139,0.00034,0.031,0.077,6.92
Organic Garlic,Organic Baby Rainbow Carrots,1196,0.00036,0.01,0.058,1.71
Fat Free Milk,Organic Fuji Apple,1611,0.00048,0.053,0.017,1.9
Fresh Cauliflower,Garlic,1979,0.00059,0.027,0.051,2.31
Organic Raspberries,Total 2% with Strawberry Lowfat Greek Strained Yogurt,2369,0.00071,0.017,0.077,1.8
Organic Milk,Organic Tomato Cluster,1238,0.00037,0.043,0.019,2.15
Organic Broccoli,Organic Black Beans,1319,0.00039,0.033,0.033,2.76
Organic Baby Spinach,Fresh Mozzarella Ball,1904,0.00057,0.008,0.18,2.4
Organic Tortilla Chips,Raspberries,1030,0.00031,0.071,0.017,3.93
Marinara Sauce,Honeycrisp Apple,1096,0.00033,0.053,0.013,2.12
Small Hass Avocado,Unsalted Butter,1018,0.0003,0.02,0.027,1.76
Organic Whipping Cream,Organic Raspberries,1174,0.00035,0.107,0.008,2.5
Coke Classic,Banana,1957,0.00058,0.174,0.004,1.18
Fresh Cauliflower,Organic Large Grade AA Brown Eggs,1294,0.00039,0.017,0.049,2.19
Organic Snipped Green Beans,Organic Baby Carrots,1700,0.00051,0.093,0.021,3.88
Non Fat Acai & Mixed Berries Yogurt,Icelandic Style Skyr Blueberry Non-fat Yogurt,4094,0.00122,0.451,0.205,75.56
Uncured Slow Cooked Ham,Banana,3497,0.00105,0.248,0.007,1.69
Organic Raspberries,Organic Bartlett Pear,4782,0.00143,0.034,0.124,2.9
Organic Strawberries,Organic Edamame,1238,0.00037,0.004,0.156,1.9
Unsalted Pure Irish Butter,Organic Whole Milk,1683,0.0005,0.082,0.012,1.92
Organic Red Potatoes,Organic Baby Spinach,1490,0.00045,0.168,0.006,2.24
Organic Strawberries,Organic Whole White Mushrooms,1127,0.00034,0.004,0.168,2.04
Bag of Organic Bananas,Roasted Red Pepper Hummus,2354,0.0007,0.006,0.132,1.12
Blood Oranges,Large Lemon,1513,0.00045,0.137,0.009,2.85
Banana,Total 2% All Natural Plain Greek Yogurt,4313,0.00129,0.009,0.25,1.7
Air Chilled Organic Boneless Skinless Chicken Breasts,Organic Hass Avocado,2435,0.00073,0.139,0.011,2.11
Organic Raspberries,Potato Yukon Gold Organic,1006,0.0003,0.007,0.077,1.8
Feta Cheese Crumbles,Sparkling Water Grapefruit,1490,0.00045,0.044,0.019,1.86
Organic Baby Spinach,Organic Unbleached All-Purpose Flour,1058,0.00032,0.004,0.11,1.47
"YoKids Squeezers Organic Low-Fat Yogurt, Strawberry",Organic Hass Avocado,2336,0.0007,0.115,0.011,1.74
Organic Bread with 21 Whole Grains,Organic Yellow Onion,1791,0.00054,0.075,0.015,2.13
Organic Frozen Peas,Organic Garnet Sweet Potato (Yam),1192,0.00036,0.057,0.022,3.49
100% Recycled Paper Towels,Sparkling Water Grapefruit,1247,0.00037,0.043,0.016,1.81
Green Bell Pepper,Organic Kiwi,1972,0.00059,0.034,0.038,2.19
Organic Gala Apples,Honey Nut Cheerios,1023,0.00031,0.014,0.037,1.62
Apple Honeycrisp Organic,Organic Unsweetened Almond Milk,3181,0.00095,0.036,0.053,2.03
Broccoli Crown,Original Hummus,1778,0.00053,0.04,0.024,1.78
Organic Grape Tomatoes,Organic Creamy Peanut Butter,1036,0.00031,0.012,0.055,2.09
Organic Coconut Milk,Organic Zucchini,2896,0.00087,0.102,0.026,3.13
Chicken & Maple Breakfast Sausage,Organic Hass Avocado,2263,0.00068,0.118,0.01,1.79
Organic Baby Spinach,Whole Organic Omega 3 Milk,1064,0.00032,0.004,0.113,1.5
Organic Baby Broccoli,Honeycrisp Apple,1138,0.00034,0.034,0.014,1.38
Soda,Crunchy Oats 'n Honey Granola Bars,1590,0.00048,0.043,0.175,15.71
Bag of Organic Bananas,Sea Salt & Vinegar Potato Chips,2364,0.00071,0.006,0.154,1.3
Organic Large Extra Fancy Fuji Apple,Organic Blueberries,4858,0.00145,0.062,0.046,1.98
Organic No Salt Added Diced Tomatoes,Organic Baby Spinach,2326,0.0007,0.218,0.009,2.9
Organic Muenster Cheese Slices,Organic Hass Avocado,1412,0.00042,0.177,0.006,2.68
Organic Unsweetened Almond Milk,Organic Hass Avocado,9320,0.00279,0.155,0.042,2.35
Organic Vegetable Broth,Banana,2187,0.00065,0.18,0.004,1.23
Organic Broccoli Florets,Organic Baby Spinach,5593,0.00167,0.163,0.022,2.17
Organic Red Bell Pepper,Organic Fuji Apple,1447,0.00043,0.024,0.016,0.87
Celery Hearts,Organic Strawberries,1884,0.00056,0.137,0.007,1.67
Organic Dark Sweet Cherries,Organic Hass Avocado,1162,0.00035,0.16,0.005,2.42
Jalapeno Peppers,Organic Garbanzo Beans,1090,0.00033,0.025,0.035,2.63
Green Bell Pepper,Organic Italian Parsley Bunch,2824,0.00084,0.049,0.045,2.58
Whole Wheat Bread,Organic Baby Spinach,1475,0.00044,0.134,0.006,1.78
Fresh Cauliflower,Bunched Cilantro,2451,0.00073,0.033,0.052,2.33
Organic Lemon,Organic Navel Orange,4657,0.00139,0.051,0.104,3.82
Blueberries,Carrots,1659,0.0005,0.028,0.022,1.27
Organic Whole Kernel Sweet Corn No Salt Added,Organic Grape Tomatoes,1081,0.00032,0.081,0.012,3.08
Organic Egg Whites,Organic Avocado,2248,0.00067,0.111,0.012,2.02
Bag of Organic Bananas,Sour Cream,1616,0.00048,0.004,0.072,0.61
Organic Whole Milk,No Salt Added Black Beans,2174,0.00065,0.015,0.075,1.75
Frozen Organic Wild Blueberries,Organic Whole Strawberries,7015,0.0021,0.227,0.215,23.21
Guacamole,Organic Avocado,1790,0.00053,0.096,0.01,1.75
Organic Original Hommus,Organic Hass Avocado,3003,0.0009,0.218,0.014,3.31
Organic Grade A Free Range Large Brown Eggs,Organic Garnet Sweet Potato (Yam),1877,0.00056,0.045,0.034,2.76
Orange Bell Pepper,Original Hummus,1641,0.00049,0.04,0.022,1.8
Broccoli Crown,Jalapeno Peppers,1422,0.00042,0.032,0.032,2.38
Organic Baby Spinach,"Flat Parsley, Bunch",1490,0.00045,0.006,0.106,1.41
Organic Unsalted Butter,Organic Blueberries,1024,0.00031,0.046,0.01,1.47
Organic Strawberries,Spaghetti,1931,0.00058,0.007,0.117,1.43
Orange Bell Pepper,Organic Avocado,5421,0.00162,0.132,0.029,2.4
Plain Bagelettes,Whipped Cream Cheese,1056,0.00032,0.188,0.033,19.54
Yellow Onions,Green Beans,2390,0.00071,0.031,0.079,3.44
Jalapeno Peppers,Organic Lacinato (Dinosaur) Kale,1300,0.00039,0.029,0.029,2.18
Organic Strawberries,Green Peas,1209,0.00036,0.004,0.103,1.25
Banana,Dha Omega 3 Vitamin D Milk,1286,0.00038,0.003,0.16,1.09
Total 2% Lowfat Greek Strained Yogurt With Blueberry,Limes,1206,0.00036,0.056,0.008,1.29
Organic Egg Whites,Organic Grape Tomatoes,1239,0.00037,0.061,0.014,2.33
Large Yellow Flesh Nectarine,Honeycrisp Apple,1290,0.00039,0.083,0.015,3.32
Organic Zucchini,Total 0% Nonfat Greek Yogurt,1406,0.00042,0.013,0.05,1.54
Banana,Organic Stringles Mozzarella String Cheese,1504,0.00045,0.003,0.181,1.24
Bag of Organic Bananas,ZBar Organic Chocolate Brownie Energy Snack,1400,0.00042,0.004,0.17,1.44
Whole Milk Ricotta Cheese,Organic Italian Parsley Bunch,1038,0.00031,0.096,0.016,5.11
Organic Lemon,Uncured Hickory Smoked Sunday Bacon,1214,0.00036,0.013,0.056,2.06
Watermelon Chunks,Organic Lemon,1061,0.00032,0.042,0.012,1.53
Organic Orange Bell Pepper,Organic Hass Avocado,2389,0.00071,0.217,0.011,3.29
Lightly Salted Baked Snap Pea Crisps,Organic Large Extra Fancy Fuji Apple,1384,0.00041,0.053,0.018,2.29
Strawberry Rhubarb Yoghurt,Banana,2400,0.00072,0.229,0.005,1.56
Organic Red Bell Pepper,Organic Garlic,6222,0.00186,0.104,0.055,3.05
Organic American Cheese Singles,Organic Whole String Cheese,1086,0.00032,0.058,0.018,3.15
2% Reduced Fat Milk,Fresh CA Grown Eggs,1720,0.00051,0.045,0.161,13.98
Unsweetened Almondmilk,Cucumber Kirby,1823,0.00054,0.035,0.018,1.18
Shredded Mild Cheddar Cheese,Organic Cilantro,1187,0.00035,0.043,0.016,1.95
Organic Whole Milk,Organic Granny Smith Apple,4068,0.00122,0.028,0.067,1.56
Organic Frozen Peas,Organic Small Bunch Celery,1291,0.00039,0.062,0.018,2.91
"Organic Red Radish, Bunch",Organic Whole Milk,1848,0.00055,0.065,0.013,1.53
Organic Baby Spinach,Unsweetened Vanilla Almond Milk,3110,0.00093,0.012,0.113,1.5
Organic Large Extra Fancy Fuji Apple,Pure Irish Butter,1127,0.00034,0.014,0.032,1.37
Jalapeno Peppers,Organic Granny Smith Apple,1272,0.00038,0.029,0.021,1.57
Organic Chicken Broth,Organic Avocado,1444,0.00043,0.123,0.008,2.23
Tommy/Kent/Keitt/Haden Mango,Organic Strawberries,1917,0.00057,0.221,0.007,2.68
Organic Lemon,Organic Romaine Lettuce,2825,0.00084,0.031,0.078,2.88
Banana,Organic Kiwi,10951,0.00327,0.022,0.211,1.43
Strawberries,"Cage Free Brown Eggs-Large, Grade A",1229,0.00037,0.008,0.094,2.1
Organic AppleApple,Organic Gala Apples,1027,0.00031,0.061,0.014,2.71
Organic Butternut Squash,Limes,1856,0.00055,0.09,0.013,2.06
Limes,Organic Black Beans,5379,0.00161,0.037,0.136,3.1
Lightly Salted Baked Snap Pea Crisps,Organic Grape Tomatoes,1240,0.00037,0.048,0.014,1.82
Organic Red Bell Pepper,Organic Hothouse Cucumbers,2119,0.00063,0.035,0.085,4.77
Seedless Red Grapes,Organic Baby Broccoli,1078,0.00032,0.012,0.033,1.25
Organic Garlic,Heavy Whipping Cream,1724,0.00052,0.015,0.08,2.35
100% Recycled Bathroom Tissue,Organic Hass Avocado,1255,0.00038,0.166,0.006,2.52
Organic Garlic,Goat Cheese Crumbles,1061,0.00032,0.009,0.076,2.22
Organic Broccoli,Organic Bartlett Pear,1525,0.00046,0.038,0.039,3.27
Organic Baby Carrots,Brussels Sprouts,1256,0.00038,0.016,0.054,2.23
Organic Strawberries,Organic Dark Sweet Cherries,1091,0.00033,0.004,0.15,1.82
Bag of Organic Bananas,Organic Whole Wheat Fusilli,1328,0.0004,0.003,0.184,1.56
Organic Free Range Low Sodium Chicken Broth,Banana,1350,0.0004,0.177,0.003,1.2
100% Whole Wheat Bread,"Milk, Organic, Vitamin D",1105,0.00033,0.018,0.053,2.82
Uncured Genoa Salami,Organic Reduced Fat Milk,1058,0.00032,0.024,0.029,2.22
Organic Reduced Fat 2% Milk,Organic Large Brown Grade AA Cage Free Eggs,2878,0.00086,0.058,0.087,5.87
Organic Vegetable Broth,Organic Baby Spinach,2399,0.00072,0.198,0.01,2.63
Spring Water,Asparagus,1128,0.00034,0.019,0.016,0.91
Organic Roasted Turkey Breast,Organic Fuji Apple,1209,0.00036,0.041,0.013,1.48
Organic Cilantro,Organic Italian Parsley Bunch,7828,0.00234,0.107,0.124,5.69
Organic Large Extra Fancy Fuji Apple,Organic Gala Apples,2855,0.00085,0.037,0.038,1.62
Organic Orange Bell Pepper,Organic Raspberries,1885,0.00056,0.171,0.013,4.02
Raisin Bran Cereal,Organic Raspberries,1029,0.00031,0.064,0.007,1.51
Organic Red Bell Pepper,Organic Granny Smith Apple,2859,0.00085,0.048,0.047,2.61
Bag of Organic Bananas,Organic Roma Tomato,7140,0.00213,0.018,0.234,1.98
Organic Lemon,Organic Italian Parsley Bunch,6830,0.00204,0.075,0.108,3.97
Crushed Tomatoes,Banana,2314,0.00069,0.187,0.005,1.28
Half & Half,Organic Ginger Root,1330,0.0004,0.019,0.025,1.15
Organic Red Bell Pepper,Organic Grape Tomatoes,5484,0.00164,0.092,0.062,3.48
Organic Reduced Fat 2% Milk,Organic Baby Arugula,1544,0.00046,0.031,0.02,1.38
Organic Strawberries,Organic Spaghetti Squash,1904,0.00057,0.007,0.136,1.65
Limes,Lime Sparkling Water,3552,0.00106,0.024,0.073,1.67
Organic Strawberries,Super Greens Salad,2545,0.00076,0.009,0.16,1.94
Organic Unsweetened Vanilla Almond Milk,Organic Raspberries,1248,0.00037,0.076,0.009,1.78
Michigan Organic Kale,Feta Cheese Crumbles,1945,0.00058,0.028,0.058,2.75
Bag of Organic Bananas,Organic Dark Sweet Cherries,1936,0.00058,0.005,0.266,2.25
Reduced Fat 2% Milk,0% Greek Strained Yogurt,1103,0.00033,0.061,0.081,14.95
Cantaloupe,Organic Large Extra Fancy Fuji Apple,1635,0.00049,0.065,0.021,2.79
Organic Strawberries,Original Semisoft Cheese,1739,0.00052,0.006,0.151,1.84
Lemon Hummus,Organic Whole String Cheese,1029,0.00031,0.06,0.017,3.27
Pretzel Crisps Original Deli Style Pretzel Crackers,Original Hummus,1271,0.00038,0.077,0.017,3.46
Organic Reduced Fat 2% Milk,Green Bell Pepper,1109,0.00033,0.022,0.019,1.3
Lime,Organic Hass Avocado,1099,0.00033,0.099,0.005,1.51
Organic Lowfat 1% Milk,Organic Hass Avocado,1507,0.00045,0.098,0.007,1.49
Green Bell Pepper,Organic Half & Half,1386,0.00041,0.024,0.018,1.01
"Super Spinach! Baby Spinach, Baby Bok Choy, Sweet Baby Kale",Organic Blueberries,1017,0.0003,0.066,0.01,2.11
Red Peppers,Half & Half,1799,0.00054,0.031,0.025,1.44
Organic Navel Orange,Sparkling Water Grapefruit,1161,0.00035,0.026,0.015,1.1
Organic Russet Potato,Asparagus,1664,0.0005,0.049,0.023,2.32
Bag of Organic Bananas,Red Leaf Lettuce,1574,0.00047,0.004,0.17,1.44
Organic Rainbow Carrots,Organic Grape Tomatoes,1014,0.0003,0.066,0.012,2.52
Organic Reduced Fat 2% Milk,Organic Roasted Turkey Breast,1072,0.00032,0.022,0.036,2.46
"YoKids Squeezers Organic Low-Fat Yogurt, Strawberry",Banana,5923,0.00177,0.291,0.012,1.98
Crushed Tomatoes,Organic Garlic,1749,0.00052,0.142,0.015,4.16
Tart Cherry Yoghurt,Banana,1515,0.00045,0.247,0.003,1.68
Organic Coconut Milk,Organic Grape Tomatoes,1418,0.00042,0.05,0.016,1.9
Blueberries,Boneless Skinless Chicken Breasts,1628,0.00049,0.028,0.031,1.79
Organic Blueberry Waffles,Organic Whole Milk,1141,0.00034,0.134,0.008,3.14
Organic Banana,Organic Hass Avocado,3167,0.00095,0.151,0.014,2.29
Grape White/Green Seedless,Organic Hass Avocado,4387,0.00131,0.108,0.02,1.64
Organic Fuji Apple,Total 2% with Strawberry Lowfat Greek Strained Yogurt,2470,0.00074,0.027,0.08,2.88
100% Raw Coconut Water,Cucumber Kirby,1063,0.00032,0.027,0.011,0.91
Yellow Onions,Pineapple Chunks,1015,0.0003,0.013,0.039,1.7
Banana,Dairy Free Unsweetened Coconut Milk,1557,0.00047,0.003,0.183,1.25
Organic Garlic,Organic Baby Kale Mix,1021,0.00031,0.009,0.092,2.69
Banana,Vitamin D Whole Milk,1623,0.00049,0.003,0.173,1.18
Original Hummus,Organic Tomato Cluster,2646,0.00079,0.036,0.04,1.79
Organic Fuji Apple,Organic Tomato Cluster,2797,0.00084,0.03,0.042,1.51
Yellow Onions,Organic Lemon,2994,0.00089,0.039,0.033,1.43
Corn Tortillas,Bunched Cilantro,1114,0.00033,0.072,0.023,5.06
Bag of Organic Bananas,Total 0% with Honey Nonfat Greek Strained Yogurt,1404,0.00042,0.004,0.121,1.02
Organic Broccoli,Organic Bell Pepper,1210,0.00036,0.03,0.05,4.12
100% Raw Coconut Water,Large Lemon,1965,0.00059,0.05,0.012,1.04
Frozen Broccoli Florets,Cucumber Kirby,1493,0.00045,0.092,0.015,3.1
Organic Baby Spinach,Organic Large Brown Grade AA Cage Free Eggs,4076,0.00122,0.016,0.123,1.63
Organic Homestyle Mini Waffles,Bag of Organic Bananas,1185,0.00035,0.214,0.003,1.81
Broccoli Crown,Organic Kiwi,1131,0.00034,0.025,0.022,1.62
Pomegranate,Banana,1348,0.0004,0.208,0.003,1.42
Organic Red Onion,Bartlett Pears,1032,0.00031,0.015,0.028,1.33
Organic Strawberries,Organic Peeled Whole Baby Carrots,10167,0.00304,0.037,0.176,2.13
White Corn,Organic Avocado,1736,0.00052,0.089,0.009,1.63
Organic Celery Hearts,Organic Hass Avocado,3533,0.00106,0.142,0.016,2.15
Banana,Peach,1719,0.00051,0.003,0.269,1.83
Bag of Organic Bananas,Macaroni & Cheese,2884,0.00086,0.007,0.159,1.35
Organic Baby Carrots,Unsweetened Vanilla Almond Milk,1006,0.0003,0.012,0.037,1.52
Clementines,Whole Grain Cheddar Baked Snack Crackers,1071,0.00032,0.033,0.14,14.59
Organic Blackberries,Organic Cilantro,2326,0.0007,0.036,0.032,1.65
Frozen Organic Wild Blueberries,Banana,5696,0.0017,0.184,0.012,1.25
Organic Red On the Vine Tomato,Organic Hass Avocado,2477,0.00074,0.209,0.011,3.17
Yellow Onions,Garlic,4466,0.00133,0.058,0.116,5.04
Shredded Parmesan,Organic Whole Milk,3545,0.00106,0.094,0.025,2.2
Organic Coconut Milk,Organic Garbanzo Beans,1500,0.00045,0.053,0.048,5.69
Banana,Real Mayonnaise,1626,0.00049,0.003,0.146,1.0
Bag of Organic Bananas,Organic Romaine Lettuce,6604,0.00197,0.017,0.183,1.55
Organic Baby Spinach,Organic Whole White Mushrooms,1262,0.00038,0.005,0.188,2.5
Organic Baby Spinach,Organic Large Grade A Brown Eggs,1747,0.00052,0.007,0.119,1.59
Limes,Organic Blueberries,5933,0.00177,0.04,0.056,1.29
Organic Large Extra Fancy Fuji Apple,Organic White Onions,1090,0.00033,0.014,0.045,1.91
Apple Honeycrisp Organic,Red Raspberries,1311,0.00039,0.015,0.047,1.81
Organic Raspberries,Oven Roasted Turkey,1414,0.00042,0.01,0.117,2.74
Carrots,Organic Hass Avocado,9855,0.00295,0.131,0.045,1.98
Organic Strawberries,Organic Cinnamon Crunch Cereal,1645,0.00049,0.006,0.195,2.36
Seedless Red Grapes,Bing Cherries,1004,0.0003,0.012,0.068,2.61
Whole Milk,Limes,1710,0.00051,0.046,0.012,1.06
Half & Half,Organic Black Beans,1143,0.00034,0.016,0.029,1.35
100% Recycled Bathroom Tissue,Bag of Organic Bananas,1400,0.00042,0.186,0.004,1.57
Honey Yoghurt,Organic Hass Avocado,1279,0.00038,0.13,0.006,1.98
Organic Spaghetti Squash,Large Lemon,1486,0.00044,0.106,0.009,2.21
Organic Apple Juice Boxes,Banana,1161,0.00035,0.2,0.002,1.36
Organic Turkey Bacon,Organic Zucchini,1157,0.00035,0.073,0.011,2.22
Organic Jalapeno Pepper,Organic Hass Avocado,3914,0.00117,0.185,0.018,2.81
Limes,Super Greens Salad,1301,0.00039,0.009,0.082,1.86
Seedless Red Grapes,Extra Virgin Olive Oil,1727,0.00052,0.02,0.033,1.27
Organic Lemon,Globe Eggplant,1244,0.00037,0.014,0.069,2.55
Organic Grape Tomatoes,Unsweetened Vanilla Almond Milk,1002,0.0003,0.011,0.036,1.38
Bag of Organic Bananas,Thin & Light Tortilla Chips,1379,0.00041,0.003,0.181,1.54
Organic Lacinato (Dinosaur) Kale,Grated Parmesan,1330,0.0004,0.03,0.028,2.12
Lime Sparkling Water,Organic Peeled Whole Baby Carrots,1480,0.00044,0.031,0.026,1.77
Organic Green Seedless Grapes,Organic Blueberries,1315,0.00039,0.059,0.013,1.88
Yellow Onions,Uncured Genoa Salami,1183,0.00035,0.015,0.027,1.19
Organic Celery Hearts,Organic Grape Tomatoes,1752,0.00052,0.07,0.02,2.67
Organic Black Beans,Organic Half & Half,1439,0.00043,0.036,0.018,1.54
Creamy Almond Butter,Organic Hass Avocado,2163,0.00065,0.097,0.01,1.47
Organic Baby Spinach,Organic Blueberries,14259,0.00426,0.057,0.136,1.8
Organic Italian Parsley Bunch,Organic Hothouse Cucumbers,1778,0.00053,0.028,0.072,3.8
Banana,Eggo Homestyle Waffles,2325,0.00069,0.005,0.249,1.69
Organic Strawberries,Blueberry Yoghurt,1145,0.00034,0.004,0.111,1.35
Banana,Honeycrisp Apple,29639,0.00886,0.06,0.356,2.42
Watermelon Chunks,Organic Avocado,2623,0.00078,0.103,0.014,1.88
Clementines,Green Seedless Grapes,1617,0.00048,0.05,0.124,12.89
Four Cheese Thin Crust Pizza,Bag of Organic Bananas,1051,0.00031,0.166,0.003,1.4
Apple Honeycrisp Organic,Organic Thyme,1065,0.00032,0.012,0.053,2.02
Organic Rosemary,Organic Thyme,1740,0.00052,0.161,0.086,26.72
Organic Russet Potato,Organic Small Bunch Celery,2793,0.00083,0.083,0.039,3.92
Organic Russet Potato,Organic Black Beans,1025,0.00031,0.03,0.026,2.57
Bag of Organic Bananas,Organic Large Grade AA Omega-3 Eggs,2124,0.00063,0.005,0.231,1.96
Banana,Organic Bartlett Pear,8045,0.0024,0.016,0.208,1.42
Organic Cilantro,Large Lemon,8450,0.00253,0.116,0.053,2.41
Organic Strawberries,Shredded Mozzarella,3174,0.00095,0.012,0.138,1.68
Organic Nectarine,Organic Strawberries,4626,0.00138,0.351,0.017,4.26
100% Raw Coconut Water,Bag of Organic Bananas,9183,0.00274,0.234,0.023,1.98
Red Peppers,Organic Ginger Root,2367,0.00071,0.041,0.044,2.52
Organic Cucumber,Organic Extra Firm Tofu,1763,0.00053,0.021,0.058,2.29
Organic Milk,Carrots,1161,0.00035,0.04,0.015,1.79
Granny Smith Apples,Roma Tomato,1180,0.00035,0.031,0.028,2.49
Yellow Onions,Organic Garnet Sweet Potato (Yam),2951,0.00088,0.038,0.054,2.35
Bag of Organic Bananas,Mixed Berries Whole Milk Icelandic Style Skyr Yogurt,1321,0.00039,0.003,0.176,1.49
Organic Garlic,Organic Hothouse Cucumbers,2157,0.00064,0.019,0.087,2.55
Organic Lowfat 1% Milk,Organic Avocado,1676,0.0005,0.109,0.009,1.98
Seedless Red Grapes,Original Veggie Straws,1287,0.00038,0.015,0.073,2.83
Total 0% Greek Yogurt,Asparagus,1005,0.0003,0.037,0.014,1.74
Sharp Cheddar Cheese,Cucumber Kirby,1911,0.00057,0.061,0.019,2.04
Yellow Onions,Red Potatoes,1130,0.00034,0.015,0.103,4.49
Orange Bell Pepper,Organic Peeled Whole Baby Carrots,1359,0.00041,0.033,0.023,1.92
Cantaloupe,Organic Gala Apples,1552,0.00046,0.062,0.021,2.73
Organic Lacinato (Dinosaur) Kale,Original Hummus,2362,0.00071,0.053,0.032,2.38
Organic Strawberries,Original No Pulp 100% Florida Orange Juice,1786,0.00053,0.006,0.089,1.08
Organic Red Onion,Globe Eggplant,1506,0.00045,0.021,0.084,3.97
Organic Whole Strawberries,Unsweetened Almondmilk,1242,0.00037,0.038,0.024,2.46
Watermelon Chunks,Limes,1828,0.00055,0.072,0.012,1.64
Seedless Small Watermelon,Organic Hass Avocado,1236,0.00037,0.086,0.006,1.3
Banana,Organic Shells And White Cheddar,1426,0.00043,0.003,0.216,1.47
Organic Baby Spinach,Organic Avocado,32291,0.00965,0.128,0.175,2.33
Organic Baby Spinach,Organic Peeled Whole Baby Carrots,9147,0.00273,0.036,0.158,2.1
Limes,Sparkling Natural Mineral Water,2897,0.00087,0.02,0.065,1.48
Organic Shredded Mild Cheddar,Organic Raspberries,1001,0.0003,0.117,0.007,2.74
Organic Large Extra Fancy Fuji Apple,Organic Baby Spinach,11585,0.00346,0.148,0.046,1.97
Grated Parmesan,Cucumber Kirby,2757,0.00082,0.059,0.028,1.97
Ezekiel 4:9 Bread Organic Sprouted Whole Grain,Organic Strawberries,2782,0.00083,0.15,0.01,1.83
Organic Strawberries,Almonds & Sea Salt in Dark Chocolate,1819,0.00054,0.007,0.136,1.65
Organic D'Anjou Pears,Whipped Cream Cheese,1157,0.00035,0.023,0.036,2.36
Bag of Organic Bananas,Organic Romaine,4286,0.00128,0.011,0.173,1.46
Organic Fuji Apple,Organic Granny Smith Apple,3204,0.00096,0.034,0.052,1.89
Carrots,Organic Extra Firm Tofu,2455,0.00073,0.033,0.081,3.6
Grated Parmesan,Feta Cheese Crumbles,2040,0.00061,0.043,0.06,4.3
Organic Macaroni Shells & Real Aged Cheddar,Organic Avocado,1111,0.00033,0.098,0.006,1.78
Organic Raspberries,Organic Strawberry Smoothie,1111,0.00033,0.008,0.092,2.16
Toasted Coconut Almondmilk Blend,Organic Baby Spinach,1898,0.00057,0.142,0.008,1.89
Organic Whole Milk,Organic Strawberry Smoothie,1257,0.00038,0.009,0.104,2.44
Organic Iceberg Lettuce,Organic Garlic,1238,0.00037,0.082,0.011,2.41
Mache Rosettes French Salad Mix,Organic Strawberries,1083,0.00032,0.155,0.004,1.88
Organic Lemon,Organic Coconut Milk,1845,0.00055,0.02,0.065,2.39
Organic Grape Tomatoes,Organic Basil,2305,0.00069,0.026,0.083,3.14
Red Raspberries,Organic Grape Tomatoes,1708,0.00051,0.062,0.019,2.34
Aged White Cheddar Baked Rice & Corn Puffs Gluten Free Lunch Packs,Organic Raspberries,1378,0.00041,0.121,0.01,2.85
Organic Black Beans,Organic Blueberries,2210,0.00066,0.056,0.021,1.78
Banana,Organic Apple Slices,1158,0.00035,0.002,0.163,1.11
Carrots,Organic Roma Tomato,1821,0.00054,0.024,0.06,2.65
Strawberries,XL Emerald White Seedless Grapes,2080,0.00062,0.014,0.127,2.84
Organic Russet Potato,Organic Kiwi,1269,0.00038,0.038,0.024,2.42
Banana,Organic Whole White Mushrooms,1382,0.00041,0.003,0.206,1.4
Organic Shredded Carrots,Organic Baby Carrots,1099,0.00033,0.052,0.014,2.17
Banana,Organic Avocado,55611,0.01662,0.113,0.302,2.06
Limes,Organic Whole Milk,8747,0.00261,0.06,0.061,1.4
Organic Frozen Mango Chunks,Organic Hass Avocado,2019,0.0006,0.185,0.009,2.8
Organic Romaine Lettuce,Organic Baby Carrots,1432,0.00043,0.04,0.018,1.65
Organic Unsalted Butter,Organic Small Bunch Celery,1118,0.00033,0.05,0.016,2.38
Organic Baby Arugula,Raspberries,1199,0.00036,0.016,0.02,0.87
Organic 2% Reduced Fat Milk,Organic Strawberries,2137,0.00064,0.088,0.008,1.07
Organic Sprouted English Muffin,Bag of Organic Bananas,1296,0.00039,0.198,0.003,1.68
Jalapeno Peppers,Boneless Skinless Chicken Breasts,2168,0.00065,0.049,0.041,3.12
Organic Baby Spinach,Organic Wheat-Free & Gluten-Free Original Crackers,1142,0.00034,0.005,0.135,1.79
Organic Gala Apples,Organic Ginger Root,2382,0.00071,0.031,0.044,1.95
Organic Whole Milk,Unsweetened Original Almond Breeze Almond Milk,1501,0.00045,0.011,0.042,0.98
Organic Reduced Fat 2% Milk,Organic Small Bunch Celery,1656,0.00049,0.034,0.023,1.59
Banana,Pink Lady (Cripps) Apple,2905,0.00087,0.006,0.365,2.49
Frozen Organic Wild Blueberries,Limes,2252,0.00067,0.073,0.015,1.66
Organic Lemon,Organic Extra Firm Tofu,1291,0.00039,0.014,0.043,1.56
Unsweetened Almondmilk,Organic Tomato Cluster,1767,0.00053,0.034,0.026,1.71
Sharp Cheddar Cheese,Organic Cucumber,1281,0.00038,0.041,0.015,1.6
Super Greens Salad,Large Lemon,1271,0.00038,0.08,0.008,1.66
Ezekiel 4:9 Bread Organic Sprouted Whole Grain,Large Lemon,1705,0.00051,0.092,0.011,1.92
Organic Spring Mix,Raspberries,1558,0.00047,0.047,0.026,2.58
English Seedless Cucumber,Bag of Organic Bananas,2037,0.00061,0.148,0.005,1.25
Bag of Organic Bananas,Collard Greens,1835,0.00055,0.005,0.17,1.44
Yellow Onions,Ground Turkey Breast,1682,0.0005,0.022,0.061,2.64
No Salt Added Black Beans,Organic Cilantro,2500,0.00075,0.086,0.034,3.93
Yellow Onions,Green Onions,2111,0.00063,0.027,0.075,3.28
Fresh Cauliflower,Organic Basil,1507,0.00045,0.02,0.054,2.44
Banana,Organic Chicken Strips,1940,0.00058,0.004,0.168,1.14
Basil Pesto,Limes,1351,0.0004,0.083,0.009,1.89
Apple Honeycrisp Organic,Organic Whole Milk,6993,0.00209,0.08,0.049,1.88
Organic Large Extra Fancy Fuji Apple,Asparagus,2854,0.00085,0.037,0.04,1.72
Ezekiel 4:9 Bread Organic Sprouted Whole Grain,Organic Yellow Onion,1062,0.00032,0.057,0.009,1.63
Organic D'Anjou Pears,Organic Whole Milk,5243,0.00157,0.103,0.037,2.42
Organic Cucumber,Organic Banana,1500,0.00045,0.018,0.072,2.82
Organic D'Anjou Pears,Organic Italian Parsley Bunch,2073,0.00062,0.041,0.033,2.17
Unsweetened Almondmilk,Organic Lacinato (Dinosaur) Kale,1905,0.00057,0.037,0.042,2.75
Shallot,Organic Baby Arugula,1460,0.00044,0.08,0.019,3.55
Backyard Barbeque Potato Chips,Sea Salt & Vinegar Potato Chips,1258,0.00038,0.146,0.082,31.64
Bag of Organic Bananas,Organic Uncured Sliced Black Forest Ham,3307,0.00099,0.008,0.27,2.29
Italian Extra Virgin Olive Oil,Organic Zucchini,1027,0.00031,0.08,0.009,2.44
Green Bell Pepper,Banana,11214,0.00335,0.193,0.023,1.32
Organic Cucumber,Organic Sour Cream,1510,0.00045,0.018,0.054,2.14
Michigan Organic Kale,Unsweetened Original Almond Breeze Almond Milk,1543,0.00046,0.022,0.043,2.04
Organic Whole String Cheese,Organic Old Fashioned Rolled Oats,1128,0.00034,0.018,0.054,2.93
Organic Strawberries,Organic Mango,2504,0.00075,0.009,0.258,3.14
Organic D'Anjou Pears,"Clementines, Bag",1426,0.00043,0.028,0.035,2.27
85% Lean Ground Beef,Organic Avocado,1932,0.00058,0.151,0.01,2.75
Organic Whole Strawberries,Organic Gala Apples,1674,0.0005,0.051,0.022,2.27
Organic Granny Smith Apple,Organic Extra Firm Tofu,1000,0.0003,0.016,0.033,1.81
Organic Leek,Organic Ginger Root,1395,0.00042,0.068,0.026,4.22
Blueberries,"Clementines, Bag",1234,0.00037,0.021,0.03,1.72
No Salt Added Black Beans,Red Vine Tomato,1549,0.00046,0.053,0.027,3.14
Organic Whole Grassmilk Milk,Organic Raspberries,1554,0.00046,0.097,0.011,2.29
100% Recycled Paper Towels,Carrots,1090,0.00033,0.038,0.014,1.67
Organic Whole Strawberries,Michigan Organic Kale,2061,0.00062,0.063,0.029,3.01
Bag of Organic Bananas,Organic Low Sodium Vegetable Broth,2032,0.00061,0.005,0.188,1.6
100% Raw Coconut Water,Fresh Cauliflower,1307,0.00039,0.033,0.018,1.5
Organic Medjool Dates,Organic Hass Avocado,1989,0.00059,0.185,0.009,2.8
Pink Lady Apples,Clementines,1302,0.00039,0.249,0.04,25.85
Organic Baby Spinach,Distilled Water,1532,0.00046,0.006,0.092,1.22
Organic Bartlett Pear,Organic Zucchini,3477,0.00104,0.09,0.032,2.75
Organic Garlic,Organic Small Bunch Celery,9517,0.00284,0.084,0.135,3.95
Organic Vegetable Broth,Organic Yellow Onion,2005,0.0006,0.165,0.017,4.7
Bag of Organic Bananas,Cream Top Smooth & Creamy Vanilla Yogurt,1158,0.00035,0.003,0.184,1.56
Small Hass Avocado,Red Vine Tomato,1825,0.00055,0.035,0.032,2.07
Unsweetened Almondmilk,Organic Hass Avocado,7462,0.00223,0.144,0.034,2.18
Sparkling Water Grapefruit,Organic Avocado,6526,0.00195,0.082,0.035,1.5
Yellow Onions,Italian Sparkling Mineral Water,1005,0.0003,0.013,0.031,1.36
Small Hass Avocado,Strawberries,3517,0.00105,0.067,0.024,1.51
Sweet Potato Tortilla Chips,Bag of Organic Bananas,1285,0.00038,0.158,0.003,1.34
Carrots,Organic Sour Cream,1334,0.0004,0.018,0.048,2.14
Organic Blueberries,Organic Grape Tomatoes,6055,0.00181,0.058,0.069,2.19
Orange Bell Pepper,Fresh Cauliflower,2192,0.00066,0.053,0.03,2.41
Total 0% Greek Yogurt,Original Hummus,1506,0.00045,0.055,0.02,2.5
Boneless Skinless Chicken Breasts,Organic Grape Tomatoes,2863,0.00086,0.055,0.033,2.08
Organic Fuji Apple,Honeycrisp Apple,2524,0.00075,0.027,0.03,1.09
Organic Garlic,Organic Spring Mix Salad,1847,0.00055,0.016,0.083,2.44
"Super Spinach! Baby Spinach, Baby Bok Choy, Sweet Baby Kale",Organic Zucchini,1639,0.00049,0.107,0.015,3.27
Medium Cheddar Cheese Block,Banana,2881,0.00086,0.259,0.006,1.77
Italian Sparkling Mineral Water,Organic Gala Apples,1226,0.00037,0.038,0.016,1.69
Organic Dill,Large Lemon,2391,0.00071,0.144,0.015,3.0
Banana,Cola,2001,0.0006,0.004,0.165,1.12
Organic Kiwi,Organic Peeled Whole Baby Carrots,1938,0.00058,0.037,0.034,2.16
Mango Chunks,Strawberries,1213,0.00036,0.066,0.008,1.47
Mango Chunks,Frozen Peaches,1134,0.00034,0.061,0.206,37.46
Raisin Bran Cereal,Organic Strawberries,1939,0.00058,0.121,0.007,1.47
Organic Grade A Free Range Large Brown Eggs,Large Lemon,3736,0.00112,0.089,0.023,1.86
Original Hummus,Sparkling Natural Mineral Water,1288,0.00038,0.017,0.029,1.3
Organic Broccoli Florets,Organic Gala Apples,1729,0.00052,0.05,0.023,2.23
Limes,"Flat Parsley, Bunch",1921,0.00057,0.013,0.137,3.12
Organic Bread with 21 Whole Grains,Organic Whole Milk,1716,0.00051,0.072,0.012,1.68
Wild Berry Smoothie,Organic Strawberries,2367,0.00071,0.285,0.009,3.46
Green Beans,Organic Small Bunch Celery,1058,0.00032,0.035,0.015,1.66
Organic Cilantro,Organic Old Fashioned Rolled Oats,1029,0.00031,0.014,0.049,2.26
Organic Fuji Apple,Red Vine Tomato,3397,0.00102,0.037,0.06,2.16
Uncured Genoa Salami,Organic Bartlett Pear,1092,0.00033,0.025,0.028,2.18
XL Emerald White Seedless Grapes,Organic Avocado,1015,0.0003,0.062,0.006,1.13
Organic Baby Spinach Salad,Large Lemon,1658,0.0005,0.09,0.01,1.88
Organic Yellow Onion,Organic Lite Coconut Milk,1000,0.0003,0.008,0.12,3.42
Organic Cinnamon Crunch Cereal,Organic Hass Avocado,1020,0.0003,0.121,0.005,1.83
Organic Strawberries,Organic Green Cabbage,2963,0.00089,0.011,0.134,1.63
Green Onions,Broccoli Crown,1391,0.00042,0.05,0.031,3.7
Organic Raspberries,Whipped Cream Cheese,2909,0.00087,0.02,0.09,2.12
Organic Spring Mix,Organic Blueberries,1892,0.00057,0.057,0.018,1.82
Organic Heavy Whipping Cream,Organic Baby Spinach,3053,0.00091,0.12,0.012,1.59
Boneless Skinless Chicken Breasts,Grape White/Green Seedless,1468,0.00044,0.028,0.036,2.32
Orange Bell Pepper,Strawberries,3503,0.00105,0.085,0.023,1.91
Organic Large Extra Fancy Fuji Apple,Organic Romaine,1217,0.00036,0.016,0.049,2.1
Apple Honeycrisp Organic,Organic Small Bunch Celery,4460,0.00133,0.051,0.063,2.42
Yellow Onions,Green Bell Pepper,4440,0.00133,0.058,0.077,3.33
Boneless Skinless Chicken Breasts,No Salt Added Black Beans,2268,0.00068,0.043,0.078,4.97
Bag of Organic Bananas,ALMONDBREEZE UNSWEETENED,1335,0.0004,0.003,0.134,1.13
Banana,Organic Yellow Peaches,4521,0.00135,0.009,0.206,1.4
Bag of Organic Bananas,Asparagus,11331,0.00339,0.029,0.159,1.35
Organic Cucumber,Extra Virgin Olive Oil,2048,0.00061,0.024,0.039,1.54
Strawberries,Green Bell Pepper,2863,0.00086,0.019,0.049,1.11
Banana,Raspberry Yoghurt,1963,0.00059,0.004,0.225,1.53
Organic Romaine,Organic Cilantro,1423,0.00043,0.057,0.019,2.63
Organic Cucumber,Organic Egg Whites,1169,0.00035,0.014,0.058,2.27
Organic Black Beans,Organic Extra Firm Tofu,1478,0.00044,0.037,0.049,4.12
Total 2% Lowfat Greek Strained Yogurt With Blueberry,Total 0% Nonfat Greek Yogurt,1276,0.00038,0.06,0.046,7.16
Red Peppers,Organic Shredded Carrots,1020,0.0003,0.018,0.048,2.79
Organic Yellow Onion,Guacamole,1066,0.00032,0.009,0.057,1.63
"Clementines, Bag",Organic Peeled Whole Baby Carrots,1531,0.00046,0.037,0.026,2.14
Sustainably Soft Bath Tissue,Organic Raspberries,1388,0.00041,0.073,0.01,1.71
Organic Diced Tomatoes,Organic Baby Carrots,1106,0.00033,0.048,0.014,2.01
Carrots,Organic Thyme,2347,0.0007,0.031,0.116,5.17
Organic Lacinato (Dinosaur) Kale,Asparagus,2158,0.00064,0.048,0.03,2.26
Asparagus,Large Lemon,9570,0.00286,0.135,0.06,2.8
Green Bell Pepper,Asparagus,2957,0.00088,0.051,0.042,2.4
Carrots,Organic Russet Potato,2780,0.00083,0.037,0.082,3.67
Bag of Organic Bananas,Dha Omega 3 Vitamin D Milk,1650,0.00049,0.004,0.205,1.74
Organic Lemon,Organic Red Bell Pepper,5247,0.00157,0.058,0.088,3.21
Organic Large Extra Fancy Fuji Apple,Organic Hass Avocado,13849,0.00414,0.177,0.063,2.69
Russet Potato,Organic Baby Carrots,1084,0.00032,0.035,0.013,1.47
Pure Sparkling Water,Banana,6242,0.00187,0.208,0.013,1.42
Organic Strawberries,Grated Parmesan,7804,0.00233,0.028,0.166,2.02
Granny Smith Apples,Gala Apples,1651,0.00049,0.044,0.066,5.87
"Organic Red Radish, Bunch",Red Peppers,1505,0.00045,0.053,0.026,3.06
100% Raw Coconut Water,Organic Half & Half,1341,0.0004,0.034,0.017,1.45
Organic Reduced Fat Milk,Organic Peeled Whole Baby Carrots,1497,0.00045,0.041,0.026,2.35
Original Hummus,Total 0% Nonfat Greek Yogurt,1319,0.00039,0.018,0.047,2.13
Bag of Organic Bananas,Ezekiel 4:9 Sprouted Grain Tortillas,1138,0.00034,0.003,0.187,1.58
Toasted Coconut Almondmilk Blend,Organic Strawberries,1613,0.00048,0.121,0.006,1.47
Limes,Unsweetened Vanilla Almond Milk,1731,0.00052,0.012,0.063,1.43
Organic Shredded Carrots,Organic Small Bunch Celery,1257,0.00038,0.06,0.018,2.83
Organic Dark Sweet Cherries,Banana,1061,0.00032,0.146,0.002,0.99
Organic Russet Potato,Half & Half,1140,0.00034,0.034,0.016,1.58
Green Onions,Organic Yellow Onion,1482,0.00044,0.053,0.013,1.51
Organic Medium Salsa,Banana,2567,0.00077,0.167,0.005,1.14
Non Fat Acai & Mixed Berries Yogurt,Vanilla Skyr Nonfat Yogurt,2601,0.00078,0.286,0.138,50.71
Watermelon Chunks,Strawberries,1714,0.00051,0.068,0.011,1.51
Organic Tomato Cluster,Sweet Onion,1312,0.00039,0.02,0.064,3.22
Sharp Cheddar Cheese,Organic Baby Arugula,1360,0.00041,0.043,0.018,1.91
Traditional Hummus,Large Lemon,1147,0.00034,0.134,0.007,2.8
Total 2% with Strawberry Lowfat Greek Strained Yogurt,Sparkling Water Grapefruit,1736,0.00052,0.056,0.022,2.37
Organic Russet Potato,Organic Whole Milk,2641,0.00079,0.078,0.018,1.84
Skim Milk,Organic Strawberries,1589,0.00047,0.107,0.006,1.3
Organic D'Anjou Pears,Organic Yellow Peaches,1259,0.00038,0.025,0.057,3.77
Unsalted Butter,Organic Avocado,3712,0.00111,0.1,0.02,1.82
Red Peppers,Organic Zucchini,6298,0.00188,0.108,0.058,3.31
Organic Unsweetened Almond Milk,Organic Avocado,5358,0.0016,0.089,0.029,1.62
Fresh Cauliflower,Organic Bell Pepper,1718,0.00051,0.023,0.071,3.18
Organic Strawberries,YoKids Blueberry & Strawberry/Vanilla Yogurt,2938,0.00088,0.011,0.232,2.82
Organic Celery Hearts,Organic Yellow Onion,3665,0.0011,0.147,0.031,4.19
Apple Honeycrisp Organic,Organic Whole String Cheese,4665,0.00139,0.053,0.076,2.9
Non Fat Raspberry Yogurt,Organic Hass Avocado,1841,0.00055,0.109,0.008,1.65
Bag of Organic Bananas,Mild Cheddar Cheese Sticks,2434,0.00073,0.006,0.208,1.76
Organic Yellow Onion,Organic Reduced Fat Milk,2018,0.0006,0.017,0.055,1.56
Organic Red Onion,Spring Water,1404,0.00042,0.02,0.024,1.14
Boneless Skinless Chicken Breasts,Organic Small Bunch Celery,1422,0.00042,0.027,0.02,1.28
Organic Green Seedless Grapes,Organic Zucchini,1439,0.00043,0.064,0.013,1.97
Organic No Salt Added Diced Tomatoes,Limes,1449,0.00043,0.136,0.01,3.1
Orange Bell Pepper,Organic Garlic,2479,0.00074,0.06,0.022,1.77
Electrolyte Enhanced Water,Organic Hass Avocado,1929,0.00058,0.089,0.009,1.35
Organic Whole Milk,Organic Fuji Apple,5424,0.00162,0.038,0.058,1.37
Bag of Organic Bananas,Organic Cut Green Beans,1501,0.00045,0.004,0.202,1.71
Italian Extra Virgin Olive Oil,Organic Baby Spinach,2230,0.00067,0.173,0.009,2.3
Fresh Cauliflower,Organic Cucumber,5326,0.00159,0.072,0.063,2.82
Garlic & Fine Herbs Gournay Cheese,Banana,1398,0.00042,0.164,0.003,1.12
Organic Black Beans,Organic Raspberries,3178,0.00095,0.08,0.022,1.88
Tomato Ketchup,Banana,2884,0.00086,0.211,0.006,1.44
Fresh Cauliflower,Lime Sparkling Water,1243,0.00037,0.017,0.026,1.15
Bag of Organic Bananas,Organic Whole Milk Strawberry Beet Berry Yogurt Pouch,1426,0.00043,0.004,0.219,1.85
Shredded Parmesan,Green Bell Pepper,1269,0.00038,0.034,0.022,1.94
Organic Celery Hearts,Limes,2286,0.00068,0.092,0.016,2.1
Frozen Organic Wild Blueberries,Organic Blueberries,1248,0.00037,0.04,0.012,1.28
Organic 2% Reduced Fat Milk,Organic Baby Spinach,1137,0.00034,0.047,0.005,0.63
Bag of Organic Bananas,Pulp Free Orange Juice,1697,0.00051,0.004,0.168,1.42
"Parsley, Italian (Flat), New England Grown",Organic Cilantro,1077,0.00032,0.118,0.015,5.41
Taco Seasoning,Bag of Organic Bananas,1563,0.00047,0.166,0.004,1.41
White Corn,Organic Raspberries,1388,0.00041,0.072,0.01,1.68
Organic Hass Avocado,Organic Whole Wheat Bread,1599,0.00048,0.007,0.138,2.09
Bag of Organic Bananas,Organic Berry Blend,1840,0.00055,0.005,0.272,2.31
Cherry Pomegranate Greek Yogurt,Total 2% with Strawberry Lowfat Greek Strained Yogurt,1116,0.00033,0.158,0.036,17.13
Organic Lemon,Organic Spinach Bunch,1035,0.00031,0.011,0.084,3.08
Total 0% Greek Yogurt,Organic Yellow Onion,1180,0.00035,0.043,0.01,1.23
Fresh Cauliflower,Organic Granny Smith Apple,3165,0.00095,0.043,0.052,2.33
Blueberries,Organic Grape Tomatoes,1892,0.00057,0.032,0.021,1.23
Shredded Parmesan,Feta Cheese Crumbles,1774,0.00053,0.047,0.052,4.66
Hass Avocados,Limes,1788,0.00053,0.034,0.012,0.78
Organic Blackberries,Garlic,1054,0.00031,0.016,0.027,1.42
Half & Half,Organic Romaine Lettuce,1203,0.00036,0.017,0.033,1.56
Apple Honeycrisp Organic,Organic Cucumber,6030,0.0018,0.069,0.071,2.72
Shredded Mild Cheddar Cheese,Organic Baby Carrots,1555,0.00046,0.056,0.019,2.32
Hass Avocados,Gourmet Tomato Medley,1064,0.00032,0.02,0.147,9.37
Yellow Onions,Organic Avocado,10058,0.00301,0.131,0.055,2.37
Banana,Organic Baby Bella Mushrooms,1156,0.00035,0.002,0.155,1.06
Organic Navel Orange,Organic Red Onion,2570,0.00077,0.057,0.036,2.72
Organic Milk,Organic Cucumber,1512,0.00045,0.052,0.018,2.06
Organic Milk,Organic Lemon,1786,0.00053,0.062,0.02,2.27
Bag of Organic Bananas,Orange Juice,1881,0.00056,0.005,0.107,0.91
Banana,Organic Pinto Beans,1985,0.00059,0.004,0.177,1.21
Organic Whole Milk,Large Grapefruit,1220,0.00036,0.009,0.055,1.28
Organic Baby Spinach,Organic Shredded Carrots,4488,0.00134,0.018,0.213,2.84
Limes,Uncured Hickory Smoked Sunday Bacon,1706,0.00051,0.012,0.079,1.8
Carrots,Globe Eggplant,1239,0.00037,0.016,0.069,3.08
Lemon Hummus,Organic Grape Tomatoes,1187,0.00035,0.07,0.013,2.64
Organic Baby Spinach,Asparation/Broccolini/Baby Broccoli,1614,0.00048,0.006,0.094,1.25
Organic Lemon,Organic Banana,1197,0.00036,0.013,0.057,2.1
Organic Granny Smith Apple,Sparkling Water Grapefruit,2071,0.00062,0.034,0.026,1.43
Organic Garlic,Super Greens Salad,1371,0.00041,0.012,0.086,2.53
Organic Whole String Cheese,Organic Reduced Fat Milk,2580,0.00077,0.042,0.07,3.8
Limes,Organic Banana,1142,0.00034,0.008,0.055,1.25
Organic Roasted Turkey Breast,Organic Uncured Sliced Black Forest Ham,1192,0.00036,0.04,0.097,11.04
Cantaloupe,Carrots,1170,0.00035,0.047,0.016,2.07
Organic Cucumber,Organic Baby Kale,1187,0.00035,0.014,0.063,2.46
Monterey Jack Cheese,Banana,1483,0.00044,0.217,0.003,1.48
Cage Free Large White Eggs,Banana,2645,0.00079,0.255,0.005,1.74
Frozen Organic Wild Blueberries,Organic Sliced Peaches,1907,0.00057,0.062,0.185,20.0
Marinara Pasta Sauce,Large Lemon,1147,0.00034,0.099,0.007,2.06
Sharp Cheddar Cheese,Uncured Genoa Salami,1064,0.00032,0.034,0.025,2.62
Apple Honeycrisp Organic,Organic Roma Tomato,1441,0.00043,0.017,0.047,1.81
Organic Baby Spinach,Organic Sour Cream,3827,0.00114,0.015,0.138,1.83
Organic Romaine,Red Vine Tomato,1082,0.00032,0.044,0.019,2.58
Organic Strawberries,Organic Green Seedless Grapes,6395,0.00191,0.023,0.286,3.48
Strawberries,Jalapeno Peppers,2470,0.00074,0.017,0.056,1.24
Banana,Unsweetened Vanilla Almond Milk,5627,0.00168,0.011,0.204,1.39
Organic Broccoli Florets,Organic Whole Milk,2758,0.00082,0.081,0.019,1.89
Seedless Red Grapes,Organic Romaine,1064,0.00032,0.012,0.043,1.66
Organic Sage,Organic Yellow Onion,1025,0.00031,0.188,0.009,5.35
Organic Diced Tomatoes,Organic Tomato Paste,1829,0.00055,0.08,0.1,14.62
YoBaby Blueberry Apple Yogurt,Banana,2140,0.00064,0.262,0.004,1.78
Bag of Organic Bananas,Trilogy Kombucha Drink,2995,0.0009,0.008,0.172,1.46
Pure Sparkling Water,Lime Sparkling Water,4137,0.00124,0.138,0.085,9.51
Orange Bell Pepper,Organic Cucumber,2169,0.00065,0.053,0.026,2.08
Seedless Red Grapes,Organic Yellow Onion,3925,0.00117,0.045,0.033,1.29
Organic Strawberries,Iced Oatmeal Cookie Kid Z Bar,1484,0.00044,0.005,0.254,3.09
Florida Orange Juice With Calcium & Vitamin D,Banana,2083,0.00062,0.284,0.004,1.93
Whole Milk,Large Lemon,1491,0.00045,0.04,0.009,0.84
Broccoli & Cheddar Bake Meal Bowl,Banana,1315,0.00039,0.174,0.003,1.19
Organic Baby Spinach,Organic Whole Cashews,2412,0.00072,0.01,0.181,2.41
Mild Salsa,Organic Yellow Onion,1114,0.00033,0.073,0.009,2.09
Pure Sparkling Water,Peach Pear Flavored Sparkling Water,1986,0.00059,0.066,0.09,10.01
Organic Black Beans,Cucumber Kirby,1963,0.00059,0.05,0.02,1.66
"Organic Red Radish, Bunch",Organic Gala Apples,1168,0.00035,0.041,0.015,1.83
Organic Gala Apples,Organic Sour Cream,1060,0.00032,0.014,0.038,1.69
Organic Granny Smith Apple,Organic Bunch Beets,1136,0.00034,0.019,0.075,4.13
Organic Strawberries,Mini Seedless Cucumbers,1188,0.00036,0.004,0.151,1.84
Organic Tomato Cluster,Organic Hass Avocado,13552,0.00405,0.203,0.061,3.07
Organic Baby Spinach,Organic Baby Bella Mushrooms,1353,0.0004,0.005,0.181,2.41
Organic Peeled Whole Baby Carrots,Organic Avocado,7004,0.00209,0.121,0.038,2.2
Organic Yellow Onion,Organic Gala Apples,5584,0.00167,0.047,0.074,2.1
Natural Chicken & Sage Breakfast Sausage,Organic Avocado,1711,0.00051,0.113,0.009,2.05
Organic Chopped Spinach,Organic Baby Spinach,1508,0.00045,0.122,0.006,1.62
Organic Whole Milk,Baby Food Stage 2 Blueberry Pear & Purple Carrot,1039,0.00031,0.007,0.114,2.67
Fresh Cauliflower,Romaine Hearts,1099,0.00033,0.015,0.041,1.84
Organic Zucchini,Organic Baby Bella Mushrooms,1013,0.0003,0.009,0.136,4.15
Organic Broccoli,Organic Strawberries,8310,0.00248,0.206,0.03,2.5
Organic Banana,Organic Garnet Sweet Potato (Yam),1048,0.00031,0.05,0.019,3.08
Organic Red Onion,Pure Irish Butter,1078,0.00032,0.015,0.03,1.44
Organic Spaghetti Squash,Banana,2752,0.00082,0.196,0.006,1.34
Organic Baby Carrots,Organic Sour Cream,1024,0.00031,0.013,0.037,1.53
Organic Whole String Cheese,Organic Avocado,5922,0.00177,0.096,0.032,1.74
Original Pure Creamy Almond Milk,Organic Raspberries,1335,0.0004,0.087,0.009,2.05
Granny Smith Apples,Large Lemon,4035,0.00121,0.107,0.025,2.24
Sparkling Lemon Water,Organic Baby Spinach,2682,0.0008,0.078,0.011,1.04
Organic Strawberries,Fresh Ginger Root,2132,0.00064,0.008,0.084,1.02
Red Vine Tomato,Raspberries,1113,0.00033,0.02,0.018,1.08
Organic Baby Spinach,Collard Greens,1797,0.00054,0.007,0.166,2.21
Carrots,Boneless Skinless Chicken Breasts,2557,0.00076,0.034,0.049,2.17
Tomato Paste,Banana,2198,0.00066,0.187,0.004,1.27
Uncured Slow Cooked Ham,Organic Raspberries,1133,0.00034,0.08,0.008,1.89
White Corn,Organic Grape Tomatoes,1179,0.00035,0.061,0.013,2.31
Organic Red Bell Pepper,Organic Ginger Root,2678,0.0008,0.045,0.05,2.77
Seedless Red Grapes,Organic Unsweetened Almond Milk,1618,0.00048,0.019,0.027,1.04
Mexican Finely Shredded Cheese,Organic Strawberries,1048,0.00031,0.191,0.004,2.32
Organic 2% Reduced Fat Milk,Blueberries,1004,0.0003,0.042,0.017,2.38
Original Orange Juice,Organic Hass Avocado,1773,0.00053,0.068,0.008,1.03
Vitamin D Milk,Banana,1608,0.00048,0.288,0.003,1.96
Organic Garlic,Pineapple Chunks,1738,0.00052,0.015,0.067,1.96
Strawberries,Unsweetened Vanilla Almond Milk,1236,0.00037,0.008,0.045,1.0
Organic Low Sodium Chicken Cooking Stock,Organic Yellow Onion,1186,0.00035,0.177,0.01,5.03
Organic Celery Hearts,Organic Raspberries,1965,0.00059,0.079,0.014,1.85
Crushed Tomatoes,Organic Hass Avocado,1252,0.00037,0.101,0.006,1.53
Organic Baby Spinach,Red Vine Tomato,7895,0.00236,0.031,0.139,1.85
Organic Broccoli,Boneless Skinless Chicken Breasts,1196,0.00036,0.03,0.023,1.89
Boneless Skinless Chicken Thighs,Organic Baby Spinach,1317,0.00039,0.12,0.005,1.6
Organic Reduced Fat Milk,Organic Blueberries,1511,0.00045,0.041,0.014,1.31
Organic Whole String Cheese,Extra Virgin Olive Oil,1436,0.00043,0.023,0.027,1.49
Organic Strawberries,Original Rotisserie Chicken,1081,0.00032,0.004,0.141,1.71
Seedless Red Grapes,Roma Tomato,1821,0.00054,0.021,0.043,1.67
Hass Avocados,Organic Strawberries,5721,0.00171,0.109,0.021,1.32
Organic Romaine,Asparagus,1287,0.00038,0.052,0.018,2.44
Bing Cherries,Banana,3745,0.00112,0.252,0.008,1.72
Bag of Organic Bananas,Total 2% All Natural Plain Greek Yogurt,2191,0.00065,0.006,0.127,1.07
Small Hass Avocado,Organic Red Bell Pepper,1428,0.00043,0.027,0.024,1.53
"Clementines, Bag",Organic Avocado,3719,0.00111,0.09,0.02,1.64
Carrots,Grape White/Green Seedless,1649,0.00049,0.022,0.041,1.81
Organic Baby Arugula,Unsalted Butter,1657,0.0005,0.022,0.045,1.97
Mild Salsa,Organic Raspberries,1072,0.00032,0.071,0.008,1.66
Original Popcorn,Banana,1821,0.00054,0.187,0.004,1.27
Organic Whipped Naturally Buttery Spread,Banana,2423,0.00072,0.183,0.005,1.25
Fresh Cauliflower,Large Grapefruit,1053,0.00031,0.014,0.047,2.13
Red Peppers,No Salt Added Black Beans,1948,0.00058,0.033,0.067,3.84
Sparkling Lemon Water,Orange Sparkling Water,2291,0.00068,0.067,0.152,14.85
Packaged Grape Tomatoes,Organic Spring Mix,1296,0.00039,0.093,0.039,9.37
Organic Baby Arugula,Uncured Genoa Salami,1875,0.00056,0.025,0.043,1.91
Bag of Organic Bananas,Unsalted Cultured Butter,1255,0.00038,0.003,0.177,1.5
Red Raspberries,Organic Granny Smith Apple,1066,0.00032,0.038,0.017,2.11
Frozen Organic Wild Blueberries,Organic Dark Sweet Cherries,1092,0.00033,0.035,0.15,16.21
Bag of Organic Bananas,Mediterranean Mint Gelato,1160,0.00035,0.003,0.152,1.28
Bag of Organic Bananas,Apple Cider Vinegar,1325,0.0004,0.003,0.131,1.11
Large Yellow Flesh Nectarine,Organic Fuji Apple,1361,0.00041,0.087,0.015,3.14
Banana,Celery Sticks,1419,0.00042,0.003,0.183,1.25
Basil Pesto,Banana,3641,0.00109,0.223,0.007,1.52
Strawberries,"YoKids Squeezers Organic Low-Fat Yogurt, Strawberry",1982,0.00059,0.013,0.097,2.18
Organic Milk,Organic Avocado,1171,0.00035,0.041,0.006,0.74
Bag of Organic Bananas,Reduced Fat 2% Milk,2446,0.00073,0.006,0.135,1.15
Asparation/Broccolini/Baby Broccoli,Honeycrisp Apple,1062,0.00032,0.062,0.013,2.48
Jalapeno Hummus,Banana,1949,0.00058,0.243,0.004,1.66
Bag of Organic Bananas,Original Real Vegetable Chips,1304,0.00039,0.003,0.163,1.38
Organic Yellow Onion,Organic Red Cabbage,1878,0.00056,0.016,0.12,3.41
100% Recycled Paper Towels,Organic Unsweetened Almond Milk,1224,0.00037,0.042,0.02,2.35
Original Whole Fat Lactose Free Milk,Banana,1084,0.00032,0.21,0.002,1.43
Organic Reduced Fat Milk,Grape White/Green Seedless,1168,0.00035,0.032,0.029,2.62
Green Beans,Garlic,1412,0.00042,0.047,0.037,4.06
Organic Wheat-Free & Gluten-Free Original Crackers,Organic Hass Avocado,1370,0.00041,0.161,0.006,2.44
Organic Strawberries,Organic Chicken Strips,2392,0.00071,0.009,0.207,2.51
Organic Cilantro,Organic Green Cabbage,2269,0.00068,0.031,0.102,4.69
Jalapeno Peppers,Organic Hass Avocado,5286,0.00158,0.119,0.024,1.8
Banana,Apple Cinnamon GoGo Squeez,2337,0.0007,0.005,0.257,1.75
Yellow Bell Pepper,Organic Zucchini,2903,0.00087,0.109,0.027,3.33
Organic Baby Spinach,Organic Baby Rainbow Carrots,3023,0.0009,0.012,0.147,1.96
Large Alfresco Eggs,Asparagus,1645,0.00049,0.039,0.023,1.83
Fresh Cauliflower,Uncured Genoa Salami,1724,0.00052,0.023,0.04,1.8
Bag of Organic Bananas,Organic Stoneground Wheat Crackers,1454,0.00043,0.004,0.238,2.02
Bunched Cilantro,Honeycrisp Apple,2089,0.00062,0.044,0.025,1.77
Banana,Organic Sliced Peaches,1928,0.00058,0.004,0.187,1.27
Shredded Parmesan,Organic Whole String Cheese,2193,0.00066,0.058,0.036,3.16
Organic Sage,Organic Garlic,1137,0.00034,0.209,0.01,6.14
Strawberries,Organic Tortilla Chips,1158,0.00035,0.008,0.08,1.8
Medium Cheddar Cheese Block,Organic Avocado,1467,0.00044,0.132,0.008,2.4
Bag of Organic Bananas,Bunny-Luv Fresh Organic Carrots,1860,0.00056,0.005,0.173,1.47
Organic Cucumber,Organic Half & Half,2802,0.00084,0.033,0.035,1.4
Organic Raspberries,Lime Sparkling Water,2663,0.0008,0.019,0.055,1.29
Organic Red Bell Pepper,Whipped Cream Cheese,1131,0.00034,0.019,0.035,1.96
Broccoli Crown,Green Beans,2418,0.00072,0.054,0.08,5.95
Bag of Organic Bananas,Organic Muenster Cheese Slices,1800,0.00054,0.005,0.226,1.91
Organic Red Delicious Apple,Organic Avocado,1165,0.00035,0.081,0.006,1.48
Fat Free Milk,Organic Whole Milk,1035,0.00031,0.034,0.007,0.79
Organic Baby Arugula,Large Grapefruit,1187,0.00035,0.016,0.053,2.35
Limes,Sea Salt & Vinegar Potato Chips,1127,0.00034,0.008,0.073,1.67
No Salt Added Black Beans,Shredded Mild Cheddar Cheese,1035,0.00031,0.035,0.037,4.27
100% Pure Pumpkin,Banana,1848,0.00055,0.212,0.004,1.44
Fresh Cauliflower,Organic Baby Rainbow Carrots,1000,0.0003,0.013,0.049,2.19
Authentic French Brioche Hamburger Buns,Organic Avocado,1199,0.00036,0.111,0.007,2.02
Organic Navel Orange,Bag of Organic Bananas,14744,0.00441,0.33,0.037,2.79
Cherry Pie Fruit & Nut Bar,Apple Pie Fruit & Nut Food Bar,2080,0.00062,0.363,0.269,157.09
Yellow Onions,Organic Baby Spinach,10667,0.00319,0.139,0.042,1.84
Pineapple,Organic Strawberries,1656,0.00049,0.217,0.006,2.64
Strawberries,Organic Small Bunch Celery,2699,0.00081,0.018,0.038,0.85
Organic Strawberries,Organic Dill,2242,0.00067,0.008,0.135,1.64
Organic Snipped Green Beans,Organic Blueberries,1656,0.00049,0.091,0.016,2.9
Organic Green Leaf Lettuce,Organic Zucchini,1027,0.00031,0.07,0.009,2.15
Yellow Onions,Organic Peeled Whole Baby Carrots,2425,0.00072,0.032,0.042,1.82
Sustainably Soft Bath Tissue,Organic Whole Milk,1103,0.00033,0.058,0.008,1.36
Bag of Organic Bananas,Organic Egg Whites,3781,0.00113,0.01,0.187,1.58
California Sourdough Bread,Banana,1502,0.00045,0.202,0.003,1.37
Organic Sticks Low Moisture Part Skim Mozzarella String Cheese,Honeycrisp Apple,2077,0.00062,0.058,0.025,2.35
Organic Lacinato (Dinosaur) Kale,Organic Gala Apples,2117,0.00063,0.047,0.028,2.09
Organic Green Leaf Lettuce,Organic Yellow Onion,1211,0.00036,0.083,0.01,2.36
Shredded Parmesan,Organic Grade A Free Range Large Brown Eggs,1220,0.00036,0.032,0.029,2.59
Organic California Style Sprouted Bread,Banana,1108,0.00033,0.198,0.002,1.35
Vanilla Almond Breeze Almond Milk,Organic Avocado,3223,0.00096,0.1,0.017,1.82
Organic Baby Spinach,Sliced Baby Bella Mushrooms,1058,0.00032,0.004,0.185,2.46
Organic Fuji Apple,Organic Blueberries,3232,0.00097,0.035,0.031,1.11
Sharp Cheddar Cheese,Organic Peeled Whole Baby Carrots,1020,0.0003,0.032,0.018,1.88
Orange Bell Pepper,Grape White/Green Seedless,1021,0.00031,0.025,0.025,2.05
Red Peppers,Organic Gala Apples,2276,0.00068,0.039,0.03,1.73
Spring Water,Organic Yellow Onion,2600,0.00078,0.045,0.022,1.27
Organic Coconut Milk,Organic Raspberries,1985,0.00059,0.07,0.014,1.65
Synergy Organic & Raw Cosmic Cranberry,Bag of Organic Bananas,1062,0.00032,0.169,0.003,1.43
Organic Baby Spinach,Organic Mexican Blend Finely Shredded Cheese,2196,0.00066,0.009,0.115,1.53
Organic Blue Corn Tortilla Chips,Banana,2623,0.00078,0.194,0.005,1.32
Banana,Whole Wheat English Muffins,2150,0.00064,0.004,0.316,2.15
Organic Grade A Large Brown Eggs,Cucumber Kirby,1106,0.00033,0.067,0.011,2.24
Organic Large Extra Fancy Fuji Apple,Jalapeno Peppers,1138,0.00034,0.015,0.026,1.1
European Cucumber,Honeycrisp Apple,1214,0.00036,0.064,0.015,2.56
Large Alfresco Eggs,Organic Avocado,4152,0.00124,0.098,0.023,1.78
Organic Raspberries,Oven Roasted Turkey Breast,1221,0.00036,0.009,0.058,1.37
Organic Large Extra Fancy Fuji Apple,Shredded Mild Cheddar Cheese,1059,0.00032,0.014,0.038,1.63
Banana,White Sliced Mushrooms,1900,0.00057,0.004,0.262,1.78
Chocolate Ice Cream,Organic Strawberries,1308,0.00039,0.094,0.005,1.14
100% Whole Wheat Bread,"Clementines, Bag",1174,0.00035,0.019,0.028,1.51
Ground Turkey Breast,Organic Tomato Cluster,1160,0.00035,0.042,0.017,2.1
Organic Coconut Milk,Organic Ginger Root,2844,0.00085,0.1,0.053,6.22
Chicken Breast Tenders Breaded,Organic Strawberries,1800,0.00054,0.205,0.007,2.49
Organic Jalapeno Pepper,Asparagus,1024,0.00031,0.049,0.014,2.28
Original Enriched Rice Drink,Banana,1164,0.00035,0.205,0.002,1.4
Organic Russet Potato,Organic Avocado,2596,0.00078,0.077,0.014,1.4
Orange Bell Pepper,Roma Tomato,1573,0.00047,0.038,0.037,3.04
Banana,100% Lactose Free Fat Free Milk,1931,0.00058,0.004,0.256,1.74
Raisin Bran Cereal,Bag of Organic Bananas,2594,0.00078,0.162,0.007,1.37
Organic Baby Spinach,Total 2% Lowfat Greek Strained Yogurt with Peach,1966,0.00059,0.008,0.096,1.27
Cereal,Banana,1822,0.00054,0.143,0.004,0.97
Strawberries,Uncured Hickory Smoked Sunday Bacon,1236,0.00037,0.008,0.057,1.28
Super Greens Salad,Organic Hass Avocado,2823,0.00084,0.177,0.013,2.68
Baby Cucumbers,Hass Avocados,3314,0.00099,0.22,0.063,14.05
Organic Blackberries,Organic Zucchini,3160,0.00094,0.049,0.029,1.5
Organic Frozen Peas,Organic Hass Avocado,3339,0.001,0.159,0.015,2.41
Organic Baby Arugula,Asparagus,3883,0.00116,0.051,0.055,2.41
Limes,Kale Greens,1181,0.00035,0.008,0.093,2.11
Boneless Skinless Chicken Breasts,Organic Fuji Apple,2579,0.00077,0.049,0.028,1.77
Uncured Genoa Salami,Organic Granny Smith Apple,1384,0.00041,0.032,0.023,1.75
Original Hummus,Organic Old Fashioned Rolled Oats,1161,0.00035,0.016,0.056,2.51
Organic Red Onion,Organic Avocado,8808,0.00263,0.124,0.048,2.26
Organic Reduced Fat Milk,Organic Kiwi,1122,0.00034,0.03,0.022,1.96
Organic Whole Milk,Sugar Snap Peas,1009,0.0003,0.007,0.068,1.6
Large Alfresco Eggs,Organic Cilantro,2022,0.0006,0.048,0.028,2.19
Organic Milk,Organic Whole String Cheese,2004,0.0006,0.069,0.032,3.77
Boneless Skinless Chicken Breasts,Organic Low Sodium Chicken Broth,1470,0.00044,0.028,0.081,5.15
Organic Lemon,"Clementines, Bag",1157,0.00035,0.013,0.028,1.03
Original Rotisserie Chicken,Organic Avocado,1967,0.00059,0.257,0.011,4.66
Sparkling Water,Bag of Organic Bananas,1980,0.00059,0.152,0.005,1.29
Organic Fresh Basil,Large Lemon,1288,0.00038,0.106,0.008,2.2
Organic Sunday Bacon,Organic Hass Avocado,2482,0.00074,0.192,0.011,2.91
Organic Strawberries,Supergreens!,1694,0.00051,0.006,0.18,2.19
Organic Heavy Whipping Cream,Grated Parmesan,1386,0.00041,0.054,0.03,3.87
Carrots,Organic Large Grade AA Brown Eggs,1476,0.00044,0.02,0.056,2.47
Organic Romaine Lettuce,Red Onion,1109,0.00033,0.031,0.025,2.32
100% Recycled Paper Towels,Organic Yellow Onion,1795,0.00054,0.062,0.015,1.76
Organic Green Leaf Lettuce,Organic Avocado,1632,0.00049,0.112,0.009,2.03
Organic Baby Spinach,Organic Bagged Carrots,1519,0.00045,0.006,0.178,2.36
Organic Garlic,"Flat Parsley, Bunch",1470,0.00044,0.013,0.105,3.08
Organic Large Extra Fancy Fuji Apple,Organic Bosc Pear,2366,0.00071,0.03,0.107,4.58
Large Grapefruit,Organic Small Bunch Celery,1129,0.00034,0.051,0.016,2.4
Organic Cream Cheese Bar,Organic Hass Avocado,1493,0.00045,0.136,0.007,2.05
Organic Bunch Beets,Cucumber Kirby,1065,0.00032,0.071,0.011,2.37
Organic Gala Apples,Unsweetened Original Almond Breeze Almond Milk,1092,0.00033,0.014,0.03,1.34
White Onion,Large Lemon,1863,0.00056,0.109,0.012,2.28
Bag of Organic Bananas,Organic Wheat-Free & Gluten-Free Original Crackers,1523,0.00046,0.004,0.179,1.52
Jalapeno Peppers,Organic Baby Carrots,1415,0.00042,0.032,0.018,1.32
Organic Baby Carrots,Roasted Turkey Breast,1127,0.00034,0.014,0.062,2.57
Honeycrisp Apple,Grape White/Green Seedless,2862,0.00086,0.034,0.071,2.84
Organic Beef Uncured Hot Dogs,Organic Avocado,1323,0.0004,0.106,0.007,1.93
Shredded Mild Cheddar Cheese,Cucumber Kirby,1781,0.00053,0.064,0.018,2.15
Extra Virgin Olive Oil,Organic Hass Avocado,5266,0.00157,0.101,0.024,1.52
Organic Strawberries,Garlic,3735,0.00112,0.014,0.097,1.18
Bag of Organic Bananas,Hass Avocado,2941,0.00088,0.007,0.153,1.3
Small Hass Avocado,Organic Baby Arugula,2327,0.0007,0.045,0.031,1.97
Organic Vegetable Broth,Organic Avocado,1364,0.00041,0.112,0.007,2.04
Organic Extra Firm Tofu,Cucumber Kirby,2345,0.0007,0.077,0.024,2.6
Bag of Organic Bananas,Organic Dijon Mustard,1755,0.00052,0.004,0.153,1.29
Banana,Organic Edamame,1519,0.00045,0.003,0.192,1.31
Whole Milk Plain Yogurt,Cucumber Kirby,1080,0.00032,0.068,0.011,2.29
Sparkling Natural Mineral Water,Honeycrisp Apple,1125,0.00034,0.025,0.014,1.01
Seedless Red Grapes,Organic Black Beans,1477,0.00044,0.017,0.037,1.44
Air Chilled Breaded Chicken Breast Nuggets,Banana,2366,0.00071,0.267,0.005,1.82
Organic D'Anjou Pears,Organic Large Brown Grade AA Cage Free Eggs,1091,0.00033,0.021,0.033,2.16
Orange Calcium & Vitamin D Pulp Free,Banana,2941,0.00088,0.271,0.006,1.85
Banana,Organic Red Delicious Apple,3328,0.00099,0.007,0.232,1.58
Organic Peeled Whole Baby Carrots,Sparkling Water Grapefruit,2702,0.00081,0.047,0.034,1.97
Organic American Cheese Singles,Banana,3722,0.00111,0.199,0.008,1.35
Organic Small Bunch Celery,Organic Green Cabbage,2144,0.00064,0.03,0.097,4.58
Whole Almonds,Large Lemon,1262,0.00038,0.098,0.008,2.03
Fresh Ginger Root,Organic Avocado,2834,0.00085,0.112,0.015,2.03
Lemon Hummus,Cucumber Kirby,1234,0.00037,0.072,0.012,2.43
Organic Large Extra Fancy Fuji Apple,Pineapple Chunks,1080,0.00032,0.014,0.041,1.78
Organic Reduced Fat 2% Milk,Organic Kiwi,1363,0.00041,0.028,0.026,1.78
Broccoli Crown,Organic D'Anjou Pears,1082,0.00032,0.024,0.021,1.58
Everything Bagels,Organic Strawberries,1058,0.00032,0.132,0.004,1.6
Bag of Organic Bananas,Red Potatoes,1048,0.00031,0.003,0.096,0.81
Bag of Organic Bananas,Spinach,1141,0.00034,0.003,0.064,0.55
Carrots,Banana,15948,0.00477,0.212,0.032,1.44
Organic Gala Apples,Organic Garbanzo Beans,1330,0.0004,0.018,0.043,1.89
Yobaby Organic Plain Yogurt,Organic Strawberries,1799,0.00054,0.21,0.007,2.54
Organic Strawberries,Organic Baby Rainbow Carrots,3374,0.00101,0.012,0.164,1.99
Organic Baby Arugula,Organic Garnet Sweet Potato (Yam),2995,0.0009,0.04,0.055,2.43
Organic Baby Spinach,Organic Small Bunch Celery,13805,0.00413,0.055,0.195,2.6
Almonds & Sea Salt in Dark Chocolate,Large Lemon,1061,0.00032,0.079,0.007,1.65
Organic Egg Whites,Organic Blueberries,1018,0.0003,0.05,0.01,1.6
Bag of Organic Bananas,Crescent Rolls,1674,0.0005,0.004,0.197,1.67
Large Greenhouse Tomato,Organic Avocado,1755,0.00052,0.163,0.01,2.97
Organic D'Anjou Pears,Organic Hass Avocado,9642,0.00288,0.19,0.044,2.87
Organic Whole Milk,Original Veggie Straws,2048,0.00061,0.014,0.117,2.74
Air Chilled Organic Boneless Skinless Chicken Breasts,Organic Baby Spinach,3183,0.00095,0.182,0.013,2.42
Organic Lemon,Boneless Skinless Chicken Breast,1502,0.00045,0.016,0.064,2.34
Organic Baby Spinach,Hass Avocado,1850,0.00055,0.007,0.096,1.28
Grade A Large White Eggs,Strawberries,1195,0.00036,0.091,0.008,2.04
Total 0% Greek Yogurt,Organic Fuji Apple,1765,0.00053,0.065,0.019,2.34
Baked Aged White Cheddar Rice and Corn Puffs,Strawberries,1012,0.0003,0.071,0.007,1.59
Bag of Organic Bananas,Original Enriched Rice Drink,1238,0.00037,0.003,0.218,1.85
Cantaloupe,Organic Lemon,1198,0.00036,0.048,0.013,1.75
Bag of Organic Bananas,"Organic Pears, Peas and Broccoli Puree Stage 1",1156,0.00035,0.003,0.225,1.9
Organic Roasted Turkey Breast,Original Hummus,1671,0.0005,0.057,0.023,2.55
Organic Baby Broccoli,Organic Granny Smith Apple,1338,0.0004,0.04,0.022,2.21
Bag of Organic Bananas,Organic Jasmine Rice,1191,0.00036,0.003,0.172,1.46
Seedless Red Grapes,Orange Bell Pepper,2299,0.00069,0.027,0.056,2.16
Organic Grade A Free Range Large Brown Eggs,Red Peppers,1172,0.00035,0.028,0.02,1.61
Sour Cream,Banana,4811,0.00144,0.213,0.01,1.45
Bag of Organic Bananas,"Hummus, Hope, Original Recipe",1385,0.00041,0.004,0.226,1.91
Organic Reduced Fat Omega-3 Milk,Organic Strawberries,1212,0.00036,0.229,0.004,2.78
Banana,Cream Cheese Spread,1861,0.00056,0.004,0.15,1.02
Green Onions,Garlic,1461,0.00044,0.052,0.038,4.53
Green Cabbage,Banana,1247,0.00037,0.236,0.003,1.61
Banana,Old Fashioned Rolled Oats,1431,0.00043,0.003,0.279,1.9
Blueberries,Banana,17002,0.00508,0.292,0.035,1.99
Small Hass Avocado,Large Lemon,5246,0.00157,0.101,0.033,2.09
Whole Milk,Organic Baby Spinach,1797,0.00054,0.049,0.007,0.65
Whole Almonds,Banana,3324,0.00099,0.257,0.007,1.75
Organic Garlic,Organic Plain Whole Milk Yogurt,1156,0.00035,0.01,0.082,2.4
Bag of Organic Bananas,Organic Baby Bella Mushrooms,1533,0.00046,0.004,0.206,1.74
Green Bell Pepper,Organic Bartlett Pear,1304,0.00039,0.022,0.034,1.94
Organic Frozen Peas,Organic Baby Carrots,1360,0.00041,0.065,0.017,2.69
Red Vine Tomato,Organic Blueberries,2189,0.00065,0.039,0.021,1.23
Organic Baby Spinach,Pure Irish Butter,3909,0.00117,0.016,0.11,1.47
Organic Cucumber,Organic Grape Tomatoes,8192,0.00245,0.096,0.093,3.66
Organic Tomato Cluster,Organic Bell Pepper,1677,0.0005,0.025,0.069,3.45
Organic Turkey Bacon,Organic Garlic,1044,0.00031,0.066,0.009,1.93
Sour Cream,Organic Hass Avocado,1172,0.00035,0.052,0.005,0.79
Sour Cream,Organic Cilantro,1116,0.00033,0.049,0.015,2.27
2% Reduced Fat Milk,Roma Tomato,1336,0.0004,0.035,0.032,2.74
Organic Mint,Organic Lacinato (Dinosaur) Kale,1245,0.00037,0.061,0.028,4.54
Fresh Cauliflower,Organic Reduced Fat Milk,1625,0.00049,0.022,0.044,1.99
Organic Large Extra Fancy Fuji Apple,Unsweetened Almondmilk,2252,0.00067,0.029,0.044,1.87
Backyard Barbeque Potato Chips,Organic Strawberries,1077,0.00032,0.125,0.004,1.51
Organic Sticks Low Moisture Part Skim Mozzarella String Cheese,Organic Gala Apples,1878,0.00056,0.053,0.025,2.34
Organic Multigrain Waffles,Organic Baby Spinach,1779,0.00053,0.16,0.007,2.13
Red Raspberries,Half & Half,1155,0.00035,0.042,0.016,1.95
Limes,Chicken & Maple Breakfast Sausage,1218,0.00036,0.008,0.064,1.45
Organic White Onions,Organic Garnet Sweet Potato (Yam),1321,0.00039,0.054,0.024,3.31
Unsweetened Almondmilk,Half & Half,2040,0.00061,0.039,0.028,1.84
Frozen Broccoli Florets,Original Hummus,1108,0.00033,0.069,0.015,3.1
Clementines,Chocolate Chip Cookies,1002,0.0003,0.031,0.068,7.05
Plain Greek Yogurt,Organic Hass Avocado,1680,0.0005,0.117,0.008,1.77
Broccoli Crown,Roma Tomato,1723,0.00051,0.038,0.041,3.04
Blueberry Muffin Bar,Peanut Butter Chocolate Chip Fruit & Nut Food Bar,1139,0.00034,0.192,0.144,81.0
Organic Granny Smith Apple,Organic Romaine Lettuce,1811,0.00054,0.03,0.05,2.75
Organic Yellow Onion,Organic AppleApple,1061,0.00032,0.009,0.063,1.8
Organic Strawberries,Organic Raw Kombucha Gingerade,2275,0.00068,0.008,0.106,1.28
YoKids Blueberry & Strawberry/Vanilla Yogurt,Organic Avocado,1414,0.00042,0.112,0.008,2.03
Organic Baby Carrots,Organic Hass Avocado,10418,0.00311,0.129,0.047,1.96
Organic Strawberries,Roasted Turkey Breast,2705,0.00081,0.01,0.148,1.8
Fresh Cauliflower,Organic Hothouse Cucumbers,1660,0.0005,0.022,0.067,3.01
1% Lowfat Milk,Large Lemon,1139,0.00034,0.078,0.007,1.61
Organic Whole Milk,Organic Garbanzo Beans,2266,0.00068,0.016,0.073,1.7
Kidz All Natural Baked Chicken Nuggets,Organic Strawberries,1714,0.00051,0.231,0.006,2.8
Organic Whole Milk,Organic Macaroni Shells & Real Aged Cheddar,1315,0.00039,0.009,0.116,2.72
Organic Baby Spinach,Organic Whole Wheat Fusilli,1502,0.00045,0.006,0.208,2.77
"Organic Red Radish, Bunch",Organic Yellow Onion,2906,0.00087,0.103,0.025,2.92
Organic Grape Tomatoes,Asparagus,4821,0.00144,0.055,0.068,2.57
Yellow Grape Tomatoes,Bag of Organic Bananas,1056,0.00032,0.134,0.003,1.13
Salted Butter,Large Lemon,2228,0.00067,0.112,0.014,2.32
Bag of Organic Bananas,Four Cheese Pasta Sauce,1302,0.00039,0.003,0.214,1.81
Organic Baby Spinach,Organic Baby Kale Mix,3041,0.00091,0.012,0.273,3.62
Russet Potato,Green Bell Pepper,1272,0.00038,0.041,0.022,2.39
Rotini Pasta,Banana,1198,0.00036,0.235,0.002,1.6
Sour Cream,Bunched Cilantro,1206,0.00036,0.053,0.025,3.77
Organic Whole Milk,Strawberry Preserves,1179,0.00035,0.008,0.074,1.74
Red Peppers,Organic Grape Tomatoes,4118,0.00123,0.071,0.047,2.69
Red Potatoes,Organic Baby Spinach,1248,0.00037,0.114,0.005,1.52
Sparkling Natural Mineral Water,Organic Half & Half,1524,0.00046,0.034,0.019,1.44
Apple Honeycrisp Organic,Green Bell Pepper,2496,0.00075,0.029,0.043,1.65
Organic Large Green Asparagus,Organic Grape Tomatoes,1723,0.00051,0.086,0.02,3.27
Organic Baby Spinach,Tomato Sauce,1683,0.0005,0.007,0.125,1.66
Organic Raspberries,Asparagus,5936,0.00177,0.042,0.083,1.96
Raisin Bran Cereal,Organic Hass Avocado,1442,0.00043,0.09,0.007,1.36
Organic Strawberries,Apple Cinnamon GoGo Squeez,2282,0.00068,0.008,0.251,3.04
Organic Baby Spinach,Gala Apples,1668,0.0005,0.007,0.067,0.89
Banana,Gluten Free Peanut Butter Dark Chocolate Chewy With a Crunch Granola Bars,1821,0.00054,0.004,0.263,1.79
Organic Raw Unfiltered Apple Cider Vinegar,Banana,1272,0.00038,0.144,0.003,0.98
Thin Crust Pepperoni Pizza,Organic Strawberries,1389,0.00042,0.128,0.005,1.55
Salted Butter,Organic Zucchini,1033,0.00031,0.052,0.009,1.58
Cantaloupe,Organic Bartlett Pear,1039,0.00031,0.041,0.027,3.58
Bag of Organic Bananas,Heavy Whipping Cream,2347,0.0007,0.006,0.109,0.92
Chopped Spinach,Banana,2353,0.0007,0.264,0.005,1.8
Bartlett Pears,Organic Hass Avocado,2490,0.00074,0.068,0.011,1.03
Strawberries,Heavy Whipping Cream,1148,0.00034,0.008,0.053,1.19
Butter,Banana,1402,0.00042,0.179,0.003,1.22
Organic Ketchup,Organic Raspberries,1195,0.00036,0.075,0.008,1.76
Organic Large Extra Fancy Fuji Apple,Lime Sparkling Water,1516,0.00045,0.019,0.031,1.34
"Organic Butterhead (Boston, Butter, Bibb) Lettuce",Organic Hass Avocado,2226,0.00067,0.177,0.01,2.68
White Corn,Large Lemon,1492,0.00045,0.077,0.009,1.6
Organic Strawberries,Dha Omega 3 Vitamin D Milk,1060,0.00032,0.004,0.132,1.6
Marinara Sauce,Banana,4297,0.00128,0.207,0.009,1.41
Organic Baby Carrots,Large Lemon,7130,0.00213,0.089,0.044,1.84
Organic Blackberries,Organic Bartlett Pear,1574,0.00047,0.024,0.041,2.11
Bag of Organic Bananas,Organic Blueberries,23005,0.00688,0.058,0.219,1.86
Marinara Sauce,Organic Hass Avocado,2434,0.00073,0.117,0.011,1.78
Limes,Feta Cheese Crumbles,4029,0.0012,0.027,0.119,2.72
Soft Pretzel Burger Buns,Banana,1352,0.0004,0.2,0.003,1.36
Granny Smith Apples,Organic Baby Carrots,1237,0.00037,0.033,0.015,1.37
Grade A Large Eggs Cage Free Omega 3,Strawberries,1372,0.00041,0.151,0.009,3.37
Organic Egg Whites,Asparagus,1013,0.0003,0.05,0.014,2.35
Organic Baby Spinach,Sparkling Natural Mineral Water,3000,0.0009,0.012,0.067,0.89
Yellow Bell Pepper,Asparagus,1867,0.00056,0.07,0.026,3.3
Frozen Peaches,Banana,1671,0.0005,0.304,0.003,2.07
Lightly Salted Baked Snap Pea Crisps,Organic Baby Carrots,1419,0.00042,0.055,0.018,2.27
Organic Lemon,Bag of Organic Bananas,23450,0.00701,0.257,0.059,2.18
Organic Lemon,Organic Lacinato (Dinosaur) Kale,4897,0.00146,0.054,0.109,4.01
Rainbow Bell Peppers,Organic Baby Spinach,1655,0.00049,0.138,0.007,1.84
Organic Carrot Bunch,Organic Garlic,4464,0.00133,0.119,0.039,3.49
Salted Tub of Butter,Organic Strawberries,1688,0.0005,0.146,0.006,1.77
Medium Scarlet Raspberries,Banana,1958,0.00059,0.372,0.004,2.53
Bag of Organic Bananas,Organic Chicken Bone Broth,1648,0.00049,0.004,0.187,1.59
Organic Strawberries,Unsweetened Original Almond Breeze Almond Milk,3215,0.00096,0.012,0.089,1.08
English Seedless Cucumber,Organic Grape Tomatoes,1163,0.00035,0.084,0.013,3.2
Banana,GOLEAN Crunch! Cereal,1554,0.00046,0.003,0.291,1.98
Organic Grade A Free Range Large Brown Eggs,Feta Cheese Crumbles,1001,0.0003,0.024,0.03,2.37
Bag of Organic Bananas,Organic Large Grade AA Brown Eggs,6304,0.00188,0.016,0.237,2.01
Yotoddler Organic Pear Spinach Mango Yogurt,Organic Whole Milk,1032,0.00031,0.165,0.007,3.88
Bag of Organic Bananas,Saltine Crackers,1181,0.00035,0.003,0.164,1.39
Organic Strawberries,Cheddar Bunnies Snack Crackers,2364,0.00071,0.009,0.216,2.62
Blueberry Yoghurt,Organic Hass Avocado,1026,0.00031,0.1,0.005,1.51
Organic Blackberries,Pineapple Chunks,1098,0.00033,0.017,0.042,2.19
Organic Peeled & Cooked Beets,Bag of Organic Bananas,1111,0.00033,0.192,0.003,1.63
Organic Red Onion,Organic Sour Cream,1679,0.0005,0.024,0.061,2.86
Banana,Pad Thai,1022,0.00031,0.002,0.184,1.25
Tomato Paste,Organic Baby Spinach,1025,0.00031,0.087,0.004,1.16
Organic Hothouse Cucumbers,Organic Kiwi,1131,0.00034,0.046,0.022,2.93
Blueberries,Organic Hass Avocado,3085,0.00092,0.053,0.014,0.8
Organic Cilantro,Organic Thyme,1245,0.00037,0.017,0.062,2.82
Organic Raw Kombucha Gingerade,Trilogy Kombucha Drink,3057,0.00091,0.142,0.175,27.21
Rainbow Bell Peppers,Raspberries,1950,0.00058,0.163,0.032,8.94
Original No Pulp 100% Florida Orange Juice,Honeycrisp Apple,1100,0.00033,0.055,0.013,2.19
Bag of Organic Bananas,Liquid Egg Whites,1188,0.00036,0.003,0.169,1.43
Organic Broccoli,Organic Fuji Apple,1184,0.00035,0.029,0.013,1.06
Organic Mint,Organic Cucumber,2021,0.0006,0.099,0.024,3.88
Organic Red Bell Pepper,Strawberries,2103,0.00063,0.035,0.014,0.79
Granny Smith Apples,Limes,2356,0.0007,0.063,0.016,1.43
Organic Navel Orange,Carrots,2175,0.00065,0.049,0.029,2.16
Bag of Organic Bananas,YoKids Blueberry & Strawberry/Vanilla Yogurt,2729,0.00082,0.007,0.216,1.83
Organic Raspberries,Unsalted Butter,1903,0.00057,0.013,0.051,1.2
Yellow Onions,Organic Half & Half,1577,0.00047,0.02,0.02,0.87
Organic Grape Tomatoes,Organic Spring Mix Salad,1889,0.00056,0.021,0.085,3.23
ZBar Organic Chocolate Brownie Energy Snack,Organic Strawberries,1936,0.00058,0.235,0.007,2.85
Organic Boneless Skinless Chicken Breast,Banana,1800,0.00054,0.169,0.004,1.15
Organic Fresh Basil,Organic Yellow Onion,1273,0.00038,0.104,0.011,2.97
Organic Beef Broth,Organic Garlic,1216,0.00036,0.16,0.011,4.7
Boneless Skinless Chicken Breast,Organic Garlic,1763,0.00053,0.075,0.015,2.2
Broccoli Crown,Sparkling Water Grapefruit,1284,0.00038,0.029,0.016,1.21
Organic Cilantro,Organic Pinto Beans,1031,0.00031,0.014,0.092,4.21
Marinara Sauce,Organic Garlic,1421,0.00042,0.068,0.012,2.01
Organic Peeled & Cooked Beets,Organic Baby Spinach,1140,0.00034,0.197,0.005,2.62
No Salt Added Black Beans,Michigan Organic Kale,2082,0.00062,0.071,0.03,3.41
Boomchickapop Sea Salt Popcorn,Organic Hass Avocado,1108,0.00033,0.106,0.005,1.61
Organic Hothouse Cucumbers,Organic Bartlett Pear,1024,0.00031,0.041,0.026,3.57
Gluten Free Pretzel Sticks,Banana,1029,0.00031,0.194,0.002,1.32
Organic Iceberg Lettuce,Organic Yellow Onion,1652,0.00049,0.11,0.014,3.12
Organic Yellow Onion,Organic Bell Pepper,3245,0.00097,0.028,0.133,3.79
Plantain Chips,Organic Strawberries,1004,0.0003,0.134,0.004,1.63
100% Recycled Paper Towels,Organic Granny Smith Apple,1003,0.0003,0.035,0.016,1.89
Sharp Cheddar Cheese,Organic Garlic,2348,0.0007,0.075,0.021,2.19
Uncured Genoa Salami,Organic Cilantro,1024,0.00031,0.024,0.014,1.08
Strawberries,Roasted Red Pepper Hummus,1034,0.00031,0.007,0.058,1.3
Organic Yellow Onion,Organic Dijon Mustard,1046,0.00031,0.009,0.091,2.58
100% Whole Wheat Bread,Gala Apples,1021,0.00031,0.016,0.041,2.16
Red Onion,Honeycrisp Apple,1891,0.00057,0.043,0.023,1.71
"Juice Beverage, Cold Pressed, Kale Apple Ginger Romaine Spinach Cucumber Celery Parsley Lemon",Banana,1378,0.00041,0.166,0.003,1.13
Total 0% Greek Yogurt,Cucumber Kirby,1752,0.00052,0.064,0.018,2.16
Hot Dog Buns,Banana,1370,0.00041,0.193,0.003,1.32
Organic Hothouse Cucumbers,Organic Granny Smith Apple,1295,0.00039,0.052,0.021,2.86
Limes,Red Vine Tomato,6886,0.00206,0.047,0.122,2.77
Organic Whole Milk,Fresh Ginger Root,1443,0.00043,0.01,0.057,1.33
Bartlett Pears,Honeycrisp Apple,3590,0.00107,0.098,0.043,3.94
"Organic Butterhead (Boston, Butter, Bibb) Lettuce",Organic Avocado,1394,0.00042,0.111,0.008,2.02
Organic Large Extra Fancy Fuji Apple,Whipped Cream Cheese,1719,0.00051,0.022,0.053,2.28
Organic Garlic,Extra Virgin Olive Oil,4744,0.00142,0.042,0.091,2.66
Orange Bell Pepper,Organic Italian Parsley Bunch,1289,0.00039,0.031,0.02,1.67
Organic Grade A Free Range Large Brown Eggs,Organic Zucchini,3161,0.00094,0.076,0.029,2.31
Banana,Shredded Mild Cheddar Cheese,6375,0.00191,0.013,0.229,1.56
Apple Honeycrisp Organic,Organic American Cheese Singles,1072,0.00032,0.012,0.057,2.19
Bag of Organic Bananas,Authentic French Brioche,1692,0.00051,0.004,0.216,1.83
Organic Leek,Organic Thyme,1167,0.00035,0.057,0.058,9.46
Organic Bosc Pear,Organic Avocado,1875,0.00056,0.085,0.01,1.54
Lime,Bunched Cilantro,1076,0.00032,0.097,0.023,6.87
Organic Milk,Uncured Genoa Salami,1021,0.00031,0.035,0.024,2.74
Pure Irish Butter,Organic Zucchini,1597,0.00048,0.045,0.015,1.38
Jalapeno Peppers,Organic Cilantro,6158,0.00184,0.139,0.084,6.34
Organic Celery Hearts,Organic Lacinato (Dinosaur) Kale,1183,0.00035,0.048,0.026,3.55
Vanilla Almond Breeze Almond Milk,Organic Baby Arugula,1090,0.00033,0.034,0.014,1.49
Organic Lemon,Organic Unsweetened Almond Milk,3776,0.00113,0.041,0.063,2.3
Organic Cottage Cheese,Bag of Organic Bananas,1703,0.00051,0.208,0.004,1.76
Organic Cucumber,Cream Cheese Spread,1016,0.0003,0.012,0.082,3.23
Original Hummus,Organic Baby Kale,1156,0.00035,0.016,0.061,2.75
Large Yellow Flesh Nectarine,Organic Hass Avocado,1661,0.0005,0.107,0.008,1.61
Lightly Salted Baked Snap Pea Crisps,Organic Avocado,2003,0.0006,0.077,0.011,1.4
Crushed Tomatoes,Organic Italian Parsley Bunch,1010,0.0003,0.082,0.016,4.34
Orange Bell Pepper,Honeycrisp Apple,2751,0.00082,0.067,0.033,2.69
Organic Cilantro,Unsalted Butter,1552,0.00046,0.021,0.042,1.92
Small Hass Avocado,Organic Garnet Sweet Potato (Yam),1831,0.00055,0.035,0.034,2.16
Organic Yellow Onion,Marinara Sauce,1487,0.00044,0.013,0.072,2.04
Organic Baby Spinach Salad,Garlic,1499,0.00045,0.082,0.039,7.08
Organic Sticks Low Moisture Part Skim Mozzarella String Cheese,Organic Whole Milk,3097,0.00093,0.087,0.022,2.04
Red Raspberries,Sparkling Water Grapefruit,1075,0.00032,0.039,0.014,1.64
Bartlett Pears,Organic Half & Half,1213,0.00036,0.033,0.015,1.4
Organic Red Potatoes,Organic Garlic,1306,0.00039,0.147,0.011,4.33
Organic Broccoli Crowns,Organic Raspberries,2644,0.00079,0.138,0.019,3.24
Vitamin D Organic Whole Milk,Organic Strawberries,1053,0.00031,0.098,0.004,1.18
Apple Cinnamon GoGo Squeez,Organic Hass Avocado,1316,0.00039,0.144,0.006,2.19
Organic Granny Smith Apple,Unsalted Butter,1061,0.00032,0.017,0.029,1.57
Organic Diced Tomatoes,Organic Cilantro,1630,0.00049,0.071,0.022,3.27
Baby Cucumbers,Raspberries,2773,0.00083,0.184,0.046,10.13
Organic Carrot Bunch,Organic Yellow Onion,5433,0.00162,0.145,0.046,4.11
Organic Garlic,Honeycrisp Apple,4748,0.00142,0.042,0.057,1.67
Organic Baby Spinach,Organic Kiwi,8360,0.0025,0.033,0.161,2.14
Nonfat Icelandic Style Strawberry Yogurt,Vanilla Skyr Nonfat Yogurt,3999,0.0012,0.363,0.212,64.22
Roasted Turkey Breast,Organic Hass Avocado,2042,0.00061,0.112,0.009,1.69
Organic Strawberries,Cold Brew Coffee,1137,0.00034,0.004,0.123,1.49
Apple Honeycrisp Organic,Frozen Organic Wild Blueberries,2021,0.0006,0.023,0.065,2.5
Jalapeno Peppers,Organic Zucchini,3309,0.00099,0.074,0.03,2.28
Bag of Organic Bananas,Corn Tortillas,2440,0.00073,0.006,0.157,1.33
Organic Cilantro,Organic Romaine Lettuce,2512,0.00075,0.034,0.07,3.19
100% Whole Wheat Bread,Organic Sticks Low Moisture Part Skim Mozzarella String Cheese,1583,0.00047,0.025,0.045,2.36
Organic Broccoli,Organic Zucchini,3898,0.00116,0.097,0.036,2.95
Organic Whole Milk,Lime Sparkling Water,2755,0.00082,0.019,0.057,1.33
Organic Sticks Low Moisture Part Skim Mozzarella String Cheese,Organic Blueberries,2599,0.00078,0.073,0.025,2.33
Organic Baby Broccoli,Sparkling Water Grapefruit,1059,0.00032,0.032,0.013,1.35
Organic Broccoli Crowns,Organic Gala Apples,1063,0.00032,0.056,0.014,2.46
Bag of Organic Bananas,Flaky Biscuits,1457,0.00044,0.004,0.202,1.71
Bag of Organic Bananas,Chicken & Maple Breakfast Sausage,3636,0.00109,0.009,0.19,1.61
Organic Large Extra Fancy Fuji Apple,Organic Yellow Peaches,1574,0.00047,0.02,0.072,3.07
Organic Large Extra Fancy Fuji Apple,Organic Reduced Fat Milk,1567,0.00047,0.02,0.043,1.82
Organic Whole String Cheese,Organic Yellow Onion,4134,0.00124,0.067,0.035,1.91
Organic Zucchini,Honeycrisp Apple,4448,0.00133,0.041,0.053,1.63
Limes,Non Fat Raspberry Yogurt,1064,0.00032,0.007,0.063,1.43
Organic Whole Kernel Sweet Corn No Salt Added,Organic Yellow Onion,1428,0.00043,0.107,0.012,3.05
Organic Strawberries,Bunny-Luv Fresh Organic Carrots,1534,0.00046,0.006,0.143,1.74
Organic Garnet Sweet Potato (Yam),Organic Bunch Beets,1247,0.00037,0.023,0.083,5.08
Peanut Butter Cereal,Banana,1779,0.00053,0.262,0.004,1.79
Thin Crust Pepperoni Pizza,Organic Baby Spinach,1326,0.0004,0.122,0.005,1.62
Pink Lady Apples,Bag of Organic Bananas,1186,0.00035,0.227,0.003,1.92
Vanilla Almond Breeze Almond Milk,Organic Hass Avocado,2545,0.00076,0.079,0.012,1.2
Organic Shredded Carrots,Large Lemon,1941,0.00058,0.092,0.012,1.92
Goldfish Cheddar Baked Snack Crackers,Banana,2211,0.00066,0.284,0.005,1.94
Corn Tortillas,Organic Black Beans,1009,0.0003,0.065,0.025,5.5
Large Lemon,Uncured Hickory Smoked Sunday Bacon,1243,0.00037,0.008,0.058,1.2
Small Hass Avocado,Extra Virgin Olive Oil,1294,0.00039,0.025,0.025,1.59
Everything Bagels,Banana,1828,0.00055,0.228,0.004,1.55
Italian Sparkling Mineral Water,Fresh Cauliflower,1189,0.00036,0.037,0.016,1.67
White Onion,Organic Avocado,1679,0.0005,0.099,0.009,1.79
Organic Lemon,Organic Heavy Whipping Cream,1311,0.00039,0.014,0.051,1.88
Yellow Onions,Organic Vegetable Broth,1043,0.00031,0.014,0.086,3.74
Sweet Potato Tortilla Chips,Organic Strawberries,1238,0.00037,0.152,0.004,1.84
Seedless Red Grapes,Feta Cheese Crumbles,1532,0.00046,0.018,0.045,1.75
Organic Black Beans,Organic Pinto Beans,2186,0.00065,0.055,0.195,16.48
Organic Baby Spinach,Organic Riced Cauliflower,1799,0.00054,0.007,0.196,2.6
Strawberries,Organic Avocado,13321,0.00398,0.089,0.072,1.62
Organic Fuji Apple,Organic Grape Tomatoes,3603,0.00108,0.039,0.041,1.47
Organic Broccoli Florets,Organic Yellow Onion,2656,0.00079,0.078,0.023,2.2
Carrots,Red Vine Tomato,3274,0.00098,0.044,0.058,2.57
Organic Garlic,Organic Extra Large Grade AA Brown Eggs,1091,0.00033,0.01,0.077,2.26
Organic Carrot Bunch,Organic Whole Milk,2698,0.00081,0.072,0.019,1.68
Baby Cucumbers,Strawberries,3190,0.00095,0.212,0.021,4.75
Raspberries,Organic Zucchini,1571,0.00047,0.026,0.014,0.79
Strawberries,Sugar Snap Peas,1172,0.00035,0.008,0.079,1.78
Romaine Hearts,Organic Tomato Cluster,1195,0.00036,0.044,0.018,2.22
Bag of Organic Bananas,Organic Chicken Strips,3010,0.0009,0.008,0.26,2.21
Yellow Onions,Gala Apples,1093,0.00033,0.014,0.044,1.9
100% Recycled Paper Towels,Organic Baby Carrots,1172,0.00035,0.04,0.015,1.68
Organic Navel Orange,Cucumber Kirby,1756,0.00052,0.039,0.018,1.32
Peach Pear Flavored Sparkling Water,Organic Hass Avocado,1704,0.00051,0.077,0.008,1.17
Watermelon Chunks,Large Lemon,1936,0.00058,0.076,0.012,1.59
Thin Crust Pepperoni Pizza,Organic Avocado,1030,0.00031,0.095,0.006,1.72
Yellow Onions,Asparagus,3984,0.00119,0.052,0.056,2.44
Organic Broccoli Crowns,Organic Tomato Cluster,1167,0.00035,0.061,0.017,3.05
Original Popcorn,Bag of Organic Bananas,1369,0.00041,0.141,0.003,1.19
Total 2% Lowfat Greek Strained Yogurt With Blueberry,Strawberries,1418,0.00042,0.066,0.009,1.48
Organic Large Brown Grade AA Cage Free Eggs,Organic Blueberries,1251,0.00037,0.038,0.012,1.2
Organic Salted Butter,Organic Whole Milk,1685,0.0005,0.108,0.012,2.53
Lime Sparkling Water,Organic Tomato Cluster,1026,0.00031,0.021,0.015,1.06
Good Seed Organic Thin Sliced Bread,Organic Hass Avocado,1064,0.00032,0.182,0.005,2.76
Aged White Cheddar Baked Rice & Corn Puffs Gluten Free Lunch Packs,Organic Avocado,1045,0.00031,0.092,0.006,1.67
Unsweetened Vanilla Almond Milk,Organic Avocado,1872,0.00056,0.068,0.01,1.23
Unsweetened Almondmilk,Organic Small Bunch Celery,2126,0.00064,0.041,0.03,1.94
"Flat Parsley, Bunch",Large Lemon,3023,0.0009,0.215,0.019,4.48
Organic Reduced Fat 2% Milk,Half & Half,4562,0.00136,0.092,0.064,4.32
Organic Navel Orange,Organic Hass Avocado,8523,0.00255,0.191,0.039,2.89
Roma Tomato,Fresh CA Grown Eggs,1094,0.00033,0.026,0.103,8.15
Blueberries,Cucumber Kirby,3502,0.00105,0.06,0.035,2.02
Organic Sticks Low Moisture Part Skim Mozzarella String Cheese,Organic Baby Carrots,2238,0.00067,0.063,0.028,2.62
Carrots,Organic Basil,1651,0.00049,0.022,0.059,2.63
Organic Blackberries,Organic Granny Smith Apple,2533,0.00076,0.039,0.041,2.15
Organic Lemon,Organic Garlic,11060,0.00331,0.121,0.097,3.56
Half & Half,Organic Gala Apples,2784,0.00083,0.039,0.037,1.72
Organic Raspberries,Organic Extra Firm Tofu,1681,0.0005,0.012,0.055,1.3
Sharp Cheddar Cheese,Original Hummus,1713,0.00051,0.054,0.023,2.46
Banana,Frozen Broccoli Florets,4880,0.00146,0.01,0.302,2.06
Grade A Large White Eggs,Large Lemon,1122,0.00034,0.086,0.007,1.78
Honeycrisp Apples,Banana,2194,0.00066,0.151,0.004,1.03
Organic Strawberries,2% Reduced Fat Organic Milk,2450,0.00073,0.009,0.144,1.75
Bag of Organic Bananas,Vanilla Unsweetened Almond Milk,1507,0.00045,0.004,0.131,1.11
Bag of Organic Bananas,Organic Spaghetti Pasta,1855,0.00055,0.005,0.283,2.4
Yellow Onions,Sharp Cheddar Cheese,1824,0.00055,0.024,0.058,2.52
Organic Whole Milk with DHA Omega-3,Organic Baby Spinach,1822,0.00054,0.13,0.007,1.72
Organic Chopped Spinach,Organic Raspberries,1260,0.00038,0.102,0.009,2.39
Strawberries,Red Onion,2621,0.00078,0.018,0.059,1.32
Organic Cilantro,Organic Baby Broccoli,1980,0.00059,0.027,0.06,2.74
Original Hummus,Organic Italian Parsley Bunch,2293,0.00069,0.031,0.036,1.64
Organic Yellow Onion,Boneless Skinless Chicken Breasts,3048,0.00091,0.026,0.058,1.65
Limes,Organic Egg Whites,1458,0.00044,0.01,0.072,1.64
Organic Simply Naked Pita Chips,Hass Avocados,1098,0.00033,0.117,0.021,7.47
Organic Red Onion,Organic Low Sodium Chicken Broth,1005,0.0003,0.014,0.055,2.6
Organic Baby Spinach,Ezekiel 4:9 Sprouted Grain Tortillas,1240,0.00037,0.005,0.204,2.71
Half & Half,Grape White/Green Seedless,1472,0.00044,0.021,0.036,1.7
Chocolate Ice Cream,Organic Baby Spinach,1008,0.0003,0.072,0.004,0.96
Fresh Cauliflower,Extra Virgin Olive Oil,2394,0.00072,0.032,0.046,2.06
Brussels Sprouts,Organic Avocado,1616,0.00048,0.069,0.009,1.25
Organic Tomato Paste,Organic Cilantro,1438,0.00043,0.078,0.02,3.59
Skim Milk,Banana,3606,0.00108,0.244,0.007,1.66
Organic Bartlett Pear,Asparagus,1334,0.0004,0.034,0.019,1.62
Natural Artesian Water,Organic Strawberries,1418,0.00042,0.099,0.005,1.21
Organic Egg Whites,Organic Hass Avocado,2817,0.00084,0.139,0.013,2.11
Organic American Cheese Singles,Strawberries,1101,0.00033,0.059,0.007,1.32
Organic Blueberry Waffles,Banana,2282,0.00068,0.268,0.005,1.83
Red Peppers,Organic Hothouse Cucumbers,1050,0.00031,0.018,0.042,2.43
Boneless Skinless Chicken Breast,Organic Fuji Apple,1294,0.00039,0.055,0.014,1.98
Chicken & Apple Breakfast Sausage,Organic Strawberries,1003,0.0003,0.17,0.004,2.07
White Onion,Jalapeno Peppers,1286,0.00038,0.076,0.029,5.68
Vanilla Skyr Nonfat Yogurt,Icelandic Style Skyr Blueberry Non-fat Yogurt,6844,0.00205,0.362,0.343,60.7
Apple Honeycrisp Organic,Organic Fat Free Milk,1533,0.00046,0.018,0.056,2.14
Limes,Organic Baby Broccoli,3022,0.0009,0.021,0.091,2.08
Shredded Parmesan,Seedless Red Grapes,1835,0.00055,0.049,0.021,1.88
Organic Raw Unfiltered Apple Cider Vinegar,Organic Hass Avocado,1152,0.00034,0.131,0.005,1.98
Organic Whole Cashews,Organic Zucchini,1110,0.00033,0.084,0.01,2.55
Limes,Organic Tomato Sauce,1317,0.00039,0.009,0.093,2.12
Banana,Hint of Lime Flavored Tortilla Chips,1063,0.00032,0.002,0.203,1.39
Corn Tortillas,Organic Hass Avocado,2097,0.00063,0.135,0.009,2.05
Organic Garlic,Organic Fat Free Milk,1287,0.00038,0.011,0.047,1.38
Original Hummus,Asparagus,2878,0.00086,0.039,0.04,1.82
Total 2% Lowfat Plain Greek Yogurt,Organic Yellow Onion,1117,0.00033,0.066,0.009,1.88
Bag of Organic Bananas,Tomato Paste,1152,0.00034,0.003,0.098,0.83
Seedless Red Grapes,Organic Garlic,3929,0.00117,0.045,0.034,1.33
Cantaloupe,Honeycrisp Apple,1323,0.0004,0.053,0.016,2.12
Crushed Tomatoes,Large Lemon,1436,0.00043,0.116,0.009,2.42
Frozen Organic Wild Blueberries,Organic Small Bunch Celery,1935,0.00058,0.062,0.027,2.96
Strawberries,Total 2% with Strawberry Lowfat Greek Strained Yogurt,2013,0.0006,0.013,0.065,1.46
Organic Yellow Onion,Organic Whipping Cream,1175,0.00035,0.01,0.107,3.04
Sharp Cheddar Cheese,Asparagus,1088,0.00033,0.035,0.015,1.63
Corn Chips,Bag of Organic Bananas,1862,0.00056,0.209,0.005,1.77
Organic Russet Potato,Honeycrisp Apple,1176,0.00035,0.035,0.014,1.4
Organic Baby Spinach,Uncured Black Forest Ham,1215,0.00036,0.005,0.14,1.86
Organic Garbanzo Beans,Cucumber Kirby,2434,0.00073,0.078,0.024,2.62
Organic Unsalted Butter,Organic Zucchini,1406,0.00042,0.063,0.013,1.93
Organic Broccoli,Extra Virgin Olive Oil,1035,0.00031,0.026,0.02,1.64
Organic Strawberries,Lactose Free 2% Reduced Fat Milk,1260,0.00038,0.005,0.17,2.07
Trail Mix,Crunchy Oats 'n Honey Granola Bars,1180,0.00035,0.094,0.13,34.5
Organic Fuji Apple,Shredded Mild Cheddar Cheese,1181,0.00035,0.013,0.042,1.53
Unsweetened Almondmilk,Original Hummus,2439,0.00073,0.047,0.033,2.13
Lime Sparkling Water,Organic Gala Apples,1596,0.00048,0.033,0.021,1.46
Organic D'Anjou Pears,Organic Bartlett Pear,1479,0.00044,0.029,0.038,2.52
Red Peppers,Organic Avocado,6904,0.00206,0.119,0.037,2.16
Bag of Organic Bananas,Salted Tub of Butter,2318,0.00069,0.006,0.201,1.7
Organic Garlic,Pure Irish Butter,2284,0.00068,0.02,0.065,1.9
Organic Green Onions,Banana,1350,0.0004,0.161,0.003,1.1
Organic Raspberries,Organic Kiwi,7624,0.00228,0.053,0.147,3.44
Limes,Organic Tomato Cluster,5986,0.00179,0.041,0.09,2.04
Organic Mayonnaise,Organic Baby Spinach,1228,0.00037,0.134,0.005,1.79
Organic Cucumber,Large Grapefruit,1379,0.00041,0.016,0.062,2.43
Organic Whole Kernel Sweet Corn No Salt Added,Organic Cilantro,1098,0.00033,0.082,0.015,3.77
Organic Ginger Root,Pineapple Chunks,1245,0.00037,0.023,0.048,2.96
Organic Baby Spinach,Firm Tofu,2048,0.00061,0.008,0.185,2.47
Russet Potato,Red Peppers,1242,0.00037,0.04,0.021,2.32
Organic Celery Hearts,Organic Ginger Root,1839,0.00055,0.074,0.034,4.57
Organic Romaine,Organic Peeled Whole Baby Carrots,1035,0.00031,0.042,0.018,2.42
Organic Sage,Organic Thyme,1156,0.00035,0.212,0.057,35.17
Raspberries,Organic Avocado,4417,0.00132,0.073,0.024,1.32
Organic Grade A Free Range Large Brown Eggs,Asparagus,1936,0.00058,0.046,0.027,2.18
Organic Spinach Bunch,Organic Garlic,1340,0.0004,0.109,0.012,3.19
Baby Spinach,Michigan Organic Kale,1039,0.00031,0.043,0.015,2.04
Organic Whole Milk,Spaghetti,1686,0.0005,0.012,0.102,2.4
Bag of Organic Bananas,Seven Grain Crispy Tenders,1364,0.00041,0.003,0.184,1.56
Spring Water,Organic Blueberries,1945,0.00058,0.033,0.019,1.06
Organic Baby Arugula,Unsweetened Almondmilk,2049,0.00061,0.027,0.04,1.75
Banana,Trilogy Kombucha Drink,3045,0.00091,0.006,0.175,1.19
Hass Avocados,Green Seedless Grapes,1256,0.00038,0.024,0.096,6.14
Organic Whole String Cheese,Organic Bartlett Pear,2333,0.0007,0.038,0.06,3.27
Peach Pear Flavored Sparkling Water,Lime Sparkling Water,4347,0.0013,0.196,0.09,13.55
Hass Avocados,Carrots,1232,0.00037,0.023,0.016,1.04
Organic Fuji Apple,Organic Fat Free Milk,1563,0.00047,0.017,0.057,2.05
Organic Large Extra Fancy Fuji Apple,Organic Cucumber,6470,0.00193,0.083,0.076,3.26
Organic Baby Spinach,Organic Fat Free Milk,3370,0.00101,0.013,0.123,1.63
Organic Lemon,Organic Blackberries,2671,0.0008,0.029,0.041,1.52
Organic Leek,Banana,2983,0.00089,0.146,0.006,0.99
Apple Honeycrisp Organic,Marinara Sauce,1248,0.00037,0.014,0.06,2.31
Banana,Gold Potato,1514,0.00045,0.003,0.167,1.14
Prosciutto,Banana,1032,0.00031,0.192,0.002,1.31
Organic Baby Arugula,Organic Gala Apples,2814,0.00084,0.037,0.037,1.64
Organic Blueberries,Organic Cripps Pink Apples,1093,0.00033,0.01,0.081,2.57
Organic Grape Tomatoes,Uncured Hickory Smoked Sunday Bacon,1032,0.00031,0.012,0.048,1.81
Organic Cucumber,Romaine Hearts,1469,0.00044,0.017,0.054,2.14
Organic Whole Milk,Green Peas,1076,0.00032,0.008,0.092,2.15
Organic Whole Milk,Organic Shredded Carrots,1314,0.00039,0.009,0.062,1.46
Organic Russet Potato,Organic Half & Half,1130,0.00034,0.034,0.014,1.42
Organic Spaghetti Squash,Fresh Cauliflower,1360,0.00041,0.097,0.018,4.37
Organic Fuji Apple,Total 2% Lowfat Greek Strained Yogurt with Peach,1552,0.00046,0.017,0.076,2.72
"Flat Parsley, Bunch",Cucumber Kirby,1293,0.00039,0.092,0.013,3.09
Icelandic Style Skyr Blueberry Non-fat Yogurt,Organic Hass Avocado,2082,0.00062,0.104,0.009,1.58
Organic Grape Tomatoes,Organic Bell Pepper,2570,0.00077,0.029,0.106,4.01
2% Reduced Fat DHA Omega-3 Reduced Fat Milk,Organic Avocado,1896,0.00057,0.136,0.01,2.46
Organic Reduced Fat Milk,Organic Half & Half,1616,0.00048,0.044,0.02,1.86
Organic Bread with 21 Whole Grains,Organic Small Bunch Celery,1032,0.00031,0.043,0.015,2.04
Jalapeno Peppers,Organic Extra Firm Tofu,1150,0.00034,0.026,0.038,2.86
Banana,Poblano Pepper,1411,0.00042,0.003,0.207,1.41
Organic Navel Orange,Original Hummus,1760,0.00053,0.039,0.024,1.78
100% Whole Wheat Bread,Organic Grape Tomatoes,2257,0.00067,0.036,0.026,1.36
Organic Tomato Paste,Organic Red Onion,1420,0.00042,0.077,0.02,3.66
Organic Strawberries,Honeydew Melon,1460,0.00044,0.005,0.167,2.03
Organic Baby Kale Mix,Organic Avocado,1313,0.00039,0.118,0.007,2.14
Red Leaf Lettuce,Organic Hass Avocado,1212,0.00036,0.131,0.005,1.99
Shredded Parmesan,Strawberries,2124,0.00063,0.056,0.014,1.26
Frozen Organic Wild Blueberries,Organic Garlic,2455,0.00073,0.079,0.022,2.33
Banana,Feta Cheese Crumbles,8188,0.00245,0.017,0.242,1.65
Bunched Cilantro,Black Beans,1201,0.00036,0.025,0.084,5.94
Banana,Extra Virgin Olive Oil,9475,0.00283,0.019,0.181,1.23
Seedless Red Grapes,Apple Honeycrisp Organic,4274,0.00128,0.049,0.049,1.89
Orange Bell Pepper,Bunched Cilantro,1922,0.00057,0.047,0.041,3.3
Bag of Organic Bananas,Seedless Cucumbers,2452,0.00073,0.006,0.172,1.46
Organic Whole Cashews,Organic Hass Avocado,2733,0.00082,0.206,0.012,3.11
Organic Yams,Organic Strawberries,3519,0.00105,0.168,0.013,2.04
Blueberries,Michigan Organic Kale,1855,0.00055,0.032,0.026,1.52
Apple Honeycrisp Organic,Organic Old Fashioned Rolled Oats,1328,0.0004,0.015,0.064,2.44
Boneless Skinless Chicken Breasts,Sparkling Water Grapefruit,1673,0.0005,0.032,0.021,1.35
Organic Chopped Spinach,Organic Broccoli Florets,1129,0.00034,0.091,0.033,8.92
Vanilla Almond Breeze Almond Milk,Organic Blueberries,1324,0.0004,0.041,0.013,1.31
Organic Red Bell Pepper,Frozen Organic Wild Blueberries,1747,0.00052,0.029,0.056,3.15
Bag of Organic Bananas,Aluminum Foil,1274,0.00038,0.003,0.114,0.97
Organic Cilantro,Asparagus,3665,0.0011,0.05,0.052,2.36
Organic Reduced Fat 2% Milk,Honeycrisp Apple,1464,0.00044,0.03,0.018,1.19
Organic Heavy Whipping Cream,Organic Italian Parsley Bunch,1635,0.00049,0.064,0.026,3.4
Organic Whole Grain Wheat English Muffins,Organic Hass Avocado,2629,0.00079,0.186,0.012,2.82
Strawberries,Ground Turkey Breast,1661,0.0005,0.011,0.06,1.34
Organic Gala Apples,Organic Yellow Peaches,1392,0.00042,0.018,0.063,2.8
Michigan Organic Kale,Organic Unsweetened Almond Milk,3253,0.00097,0.046,0.054,2.59
Green Beans,Red Vine Tomato,1445,0.00043,0.048,0.026,2.82
Brussels Sprouts,Asparagus,1825,0.00055,0.078,0.026,3.66
Banana,Total 0% Nonfat Greek Yogurt,7421,0.00222,0.015,0.266,1.81
Roma Tomato,Asparagus,1631,0.00049,0.039,0.023,1.82
European Cucumber,Organic Strawberries,2800,0.00084,0.147,0.01,1.79
Original Veggie Straws,Organic Baby Carrots,1204,0.00036,0.069,0.015,2.85
Green Bell Pepper,Organic Large Green Asparagus,1030,0.00031,0.018,0.051,2.97
Large Alfresco Eggs,Organic Italian Parsley Bunch,1961,0.00059,0.046,0.031,2.46
Salted Tub of Butter,Banana,2183,0.00065,0.189,0.004,1.29
Organic Baby Spinach,Organic Bartlett Pear,6297,0.00188,0.025,0.163,2.16
White Corn,Fresh Cauliflower,1163,0.00035,0.06,0.016,2.7
Whole Milk Plain Yogurt,Organic Hass Avocado,1600,0.00048,0.101,0.007,1.53
Banana,Special Reserve Extra Sharp Cheddar Cheese,1084,0.00032,0.002,0.16,1.09
Limes,Heavy Whipping Cream,1803,0.00054,0.012,0.084,1.91
Italian Extra Virgin Olive Oil,Organic Hass Avocado,1534,0.00046,0.119,0.007,1.8
Organic Simply Naked Pita Chips,Organic Tortilla Chips,1376,0.00041,0.147,0.095,34.08
Raspberries,Honeycrisp Apple,1943,0.00058,0.032,0.023,1.28
Green Bell Pepper,Organic Large Brown Grade AA Cage Free Eggs,1049,0.00031,0.018,0.032,1.82
Organic Red Bell Pepper,Organic Shredded Mozzarella,1133,0.00034,0.019,0.06,3.33
Penne Rigate #41 Pasta,Banana,1633,0.00049,0.232,0.003,1.58
Organic Cucumber,Honeycrisp Apple,2845,0.00085,0.033,0.034,1.34
Organic Baby Spinach,Organic Edamame,1178,0.00035,0.005,0.149,1.98
Limes,Organic Old Fashioned Rolled Oats,1698,0.00051,0.012,0.081,1.85
Organic Rainbow Carrots,Organic Ginger Root,1025,0.00031,0.067,0.019,4.15
Banana,Hardwood SmokedCenter Cut Original Bacon,1231,0.00037,0.003,0.229,1.56
Pure Sparkling Water,Organic Half & Half,1594,0.00048,0.053,0.02,2.25
Organic Red Onion,Organic Large Brown Grade AA Cage Free Eggs,1298,0.00039,0.018,0.039,1.85
Organic D'Anjou Pears,Lime Sparkling Water,1041,0.00031,0.02,0.021,1.41
Organic Zucchini,Organic Free Range Chicken Broth,1104,0.00033,0.01,0.083,2.52
Organic Strawberries,Organic Large Grade A Brown Eggs,1350,0.0004,0.005,0.092,1.12
Classic Almond Butter,Organic Hass Avocado,1058,0.00032,0.158,0.005,2.39
Organic Beef Broth,Banana,1303,0.00039,0.171,0.003,1.17
Bag of Organic Bananas,Freshly Squeezed Orange Juice,1550,0.00046,0.004,0.24,2.03
Organic Black Beans,Honeycrisp Apple,1424,0.00043,0.036,0.017,1.44
Organic Braeburn Apple,Organic Strawberries,1569,0.00047,0.157,0.006,1.91
Strawberries,Organic Garlic,4795,0.00143,0.032,0.042,0.94
Organic Cucumber,Organic Romaine Lettuce,3699,0.00111,0.044,0.103,4.04
Organic Blueberries,Organic Kiwi,3866,0.00116,0.037,0.074,2.37
Seedless Red Grapes,Honeycrisp Apple,6613,0.00198,0.076,0.079,3.06
Organic Broccoli,Strawberries,2002,0.0006,0.05,0.013,1.11
Organic Red Onion,Organic Red Bell Pepper,5442,0.00163,0.077,0.091,4.3
Vanilla Almond Breeze Almond Milk,Organic Strawberries,3101,0.00093,0.096,0.011,1.17
Yellow Bell Pepper,Organic Grape Tomatoes,1959,0.00059,0.074,0.022,2.8
Organic Whole String Cheese,Large Lemon,4059,0.00121,0.066,0.025,1.37
Banana,Organic Whole Wheat Bread,2536,0.00076,0.005,0.219,1.49
Whole Milk Plain Yogurt,Organic Garlic,1311,0.00039,0.083,0.012,2.43
Crushed Tomatoes,Organic Zucchini,1043,0.00031,0.084,0.01,2.58
Seedless Red Grapes,Granny Smith Apples,1657,0.0005,0.019,0.044,1.7
Organic Strawberries,Organic Cheese Frozen Pizza,3195,0.00095,0.012,0.215,2.61
Fresh Cauliflower,Asparagus,5421,0.00162,0.073,0.076,3.43
Banana,Russet Potatoes,1194,0.00036,0.002,0.195,1.33
Organic Tomato Sauce,Organic Hass Avocado,1513,0.00045,0.107,0.007,1.62
Seedless Red Grapes,Organic Gala Apples,3723,0.00111,0.043,0.049,1.9
Total 2% All Natural Greek Strained Yogurt with Honey,Organic Baby Spinach,2023,0.0006,0.085,0.008,1.13
Limes,XL Emerald White Seedless Grapes,1102,0.00033,0.008,0.067,1.54
Corn Tortillas,Organic Garlic,1671,0.0005,0.108,0.015,3.16
Chopped Walnuts,Organic Baby Spinach,1767,0.00053,0.169,0.007,2.24
Organic Diced Tomatoes,Organic Garlic,3138,0.00094,0.137,0.028,4.04
Organic Whole Kernel Sweet Corn No Salt Added,Cucumber Kirby,1139,0.00034,0.085,0.011,2.87
"Clementines, Bag",Organic Tomato Cluster,1279,0.00038,0.031,0.019,1.55
Organic Whole Strawberries,Organic Black Beans,1270,0.00038,0.039,0.032,3.29
Organic Chicken Stock,Large Lemon,1193,0.00036,0.108,0.007,2.25
Large Alfresco Eggs,Organic Grape Tomatoes,1970,0.00059,0.047,0.022,1.77
100% Raw Coconut Water,Original Hummus,1151,0.00034,0.029,0.016,1.32
Poblano Pepper,Large Lemon,1004,0.0003,0.147,0.006,3.06
Marinara Sauce,Organic Avocado,1997,0.0006,0.096,0.011,1.75
Creamy Almond Butter,Organic Unsweetened Almond Milk,1556,0.00047,0.07,0.026,3.88
Strawberries,Fresh Cauliflower,4111,0.00123,0.028,0.055,1.24
Sparkling Natural Mineral Water,Cucumber Kirby,1198,0.00036,0.027,0.012,0.9
Jalapeno Peppers,Green Bell Pepper,3215,0.00096,0.072,0.055,4.17
Bag of Organic Bananas,Sinfully Sweet Campari Tomatoes,2601,0.00078,0.007,0.159,1.35
Organic Garlic,Sweet Onion,2342,0.0007,0.021,0.115,3.37
Yellow Onions,Organic Blueberries,3002,0.0009,0.039,0.029,1.24
Bag of Organic Bananas,Seedless Small Watermelon,2195,0.00066,0.006,0.152,1.29
Sparkling Lemon Water,Banana,6991,0.00209,0.204,0.014,1.39
Organic Raspberries,Organic Peeled Whole Baby Carrots,5149,0.00154,0.036,0.089,2.09
Frozen Organic Wild Blueberries,Organic Strawberries,4886,0.00146,0.158,0.018,1.92
Organic Fuji Apple,Large Lemon,8618,0.00258,0.093,0.054,1.93
Granny Smith Apples,Organic Whole Milk,1195,0.00036,0.032,0.008,0.75
Organic Red Onion,Organic Cilantro,9069,0.00271,0.128,0.124,5.87
Vanilla Almond Breeze Almond Milk,Blueberries,1219,0.00036,0.038,0.021,2.17
Organic Baby Spinach,Organic Large Grade AA Omega-3 Eggs,1201,0.00036,0.005,0.131,1.74
Fresh Ginger Root,Cucumber Kirby,2110,0.00063,0.083,0.021,2.79
Whole Almonds,Organic Hass Avocado,1553,0.00046,0.12,0.007,1.82
Garlic Hummus,Organic Baby Spinach,1340,0.0004,0.157,0.005,2.08
100% Recycled Paper Towels,Organic Small Bunch Celery,1120,0.00033,0.039,0.016,1.82
Gala Apples,Large Lemon,2160,0.00065,0.086,0.013,1.79
Organic Snipped Green Beans,Organic Strawberries,4128,0.00123,0.227,0.015,2.75
Organic Strawberries,Unsweetened Almondmilk,6434,0.00192,0.023,0.124,1.51
Total 2% Lowfat Greek Strained Yogurt With Blueberry,Total 0% with Honey Nonfat Greek Strained Yogurt,1466,0.00044,0.068,0.126,19.73
Organic Baby Spinach,Organic Large Green Asparagus,3976,0.00119,0.016,0.199,2.64
Organic Yellow Onion,Organic Yellow Squash,1377,0.00041,0.012,0.119,3.37
Organic Greek Lowfat Yogurt With Strawberries,Organic Nonfat Greek Yogurt With Peaches,1672,0.0005,0.254,0.267,136.14
Seedless Red Grapes,Organic Russet Potato,1281,0.00038,0.015,0.038,1.47
Organic Baby Spinach,Organic Hothouse Cucumbers,3847,0.00115,0.015,0.155,2.06
100 Calorie  Per Bag Popcorn,Organic Strawberries,1663,0.0005,0.124,0.006,1.51
Michigan Organic Kale,Organic Gala Apples,3085,0.00092,0.044,0.041,1.95
Organic Strawberries,Total 2% All Natural Low Fat 2% Milkfat Greek Strained Yogurt,2740,0.00082,0.01,0.181,2.2
Russet Potato,Carrots,2072,0.00062,0.067,0.028,3.0
Organic Yellow Onion,Brussels Sprouts,1304,0.00039,0.011,0.056,1.58
Shredded Parmesan,Cucumber Kirby,2321,0.00069,0.062,0.023,2.07
Organic Grape Tomatoes,Organic Low Sodium Chicken Broth,1071,0.00032,0.012,0.059,2.23
Shallot,Bunched Cilantro,1415,0.00042,0.078,0.03,5.49
Mint Chip,Birthday Cake Light Ice Cream,1109,0.00033,0.189,0.203,115.72
Organic Baby Spinach,Banana,53395,0.01596,0.212,0.109,1.44
Organic Black Beans,Organic Gala Apples,1890,0.00056,0.048,0.025,2.11
Total Plain Greek Strained Yogurt,Banana,1315,0.00039,0.248,0.003,1.69
Organic Strawberries,Whipped Cream Cheese,6621,0.00198,0.024,0.205,2.49
Organic Green Leaf Lettuce,Large Lemon,1479,0.00044,0.101,0.009,2.11
Seedless Red Grapes,Lightly Salted Baked Snap Pea Crisps,1329,0.0004,0.015,0.051,1.98
Packaged Grape Tomatoes,Seedless Cucumbers,2376,0.00071,0.17,0.167,39.91
Organic Strawberries,Total 0% Nonfat Greek Yogurt,3134,0.00094,0.011,0.112,1.37
Half & Half,Total 2% Greek Strained Yogurt with Cherry 5.3 oz,1008,0.0003,0.014,0.054,2.52
Bunched Cilantro,Large Lemon,7045,0.00211,0.148,0.044,3.09
Organic Turkey Bacon,Banana,2445,0.00073,0.154,0.005,1.05
Organic Milk,Organic Strawberries,4640,0.00139,0.161,0.017,1.95
Bag of Organic Bananas,Grapefruit Sparkling Water,1048,0.00031,0.003,0.067,0.57
Organic Whole Milk,Authentic French Brioche Hamburger Buns,1006,0.0003,0.007,0.094,2.19
Organic Strawberries,Organic Black Plum,1754,0.00052,0.006,0.321,3.9
Blueberries,Granny Smith Apples,1619,0.00048,0.028,0.043,2.47
Organic Lemon,Strawberries,2778,0.00083,0.03,0.019,0.68
Vanilla Almond Breeze Almond Milk,Organic Raspberries,1517,0.00045,0.047,0.011,1.11
Banana,French Vanilla Creamer,2065,0.00062,0.004,0.221,1.5
Organic 2% Reduced Fat Milk,Organic Blueberries,1116,0.00033,0.046,0.011,1.47
Ground Turkey Breast,Cucumber Kirby,1834,0.00055,0.066,0.018,2.22
Guacamole,Organic Baby Carrots,1110,0.00033,0.06,0.014,2.48
Vitamin Water Zero Squeezed Lemonade,Banana,1110,0.00033,0.188,0.002,1.28
Cantaloupe,Organic Garlic,1699,0.00051,0.068,0.015,1.99
Ezekiel 4:9 Bread Organic Sprouted Whole Grain,Limes,1638,0.00049,0.089,0.011,2.02
Basil,Organic Avocado,1244,0.00037,0.159,0.007,2.89
Organic Extra Virgin Olive Oil,Organic Hass Avocado,1417,0.00042,0.102,0.006,1.55
Organic Strawberries,Organic Cauliflower,2130,0.00064,0.008,0.165,2.0
Italian Sparkling Mineral Water,Michigan Organic Kale,1042,0.00031,0.032,0.015,1.55
Asparagus,Organic Garnet Sweet Potato (Yam),3458,0.00103,0.049,0.063,2.98
100% Whole Wheat Bread,Unsweetened Almondmilk,1082,0.00032,0.017,0.021,1.11
2% Reduced Fat Organic Milk,Large Lemon,1507,0.00045,0.088,0.009,1.84
"Juice Beverage, Cold Pressed, Kale Apple Ginger Romaine Spinach Cucumber Celery Parsley Lemon",Organic Strawberries,1120,0.00033,0.135,0.004,1.64
Organic Celery Hearts,Organic Blueberries,1154,0.00034,0.046,0.011,1.48
Organic Baby Arugula,Limes,8335,0.00249,0.11,0.057,2.51
Yellow Onions,Bunched Cilantro,4633,0.00138,0.06,0.098,4.25
Organic Whole Milk,Organic Grape Tomatoes,6667,0.00199,0.047,0.076,1.77
Organic Carrot Bunch,Organic Leek,1316,0.00039,0.035,0.064,5.74
Organic Strawberries,Blackberries,2986,0.00089,0.011,0.125,1.51
Organic Garbanzo Beans,Organic Small Bunch Celery,1772,0.00053,0.057,0.025,2.69
Boneless Skinless Chicken Breasts,Shredded Mozzarella,1280,0.00038,0.024,0.056,3.56
Organic Whole Milk,YoKids Blueberry & Strawberry/Vanilla Yogurt,1888,0.00056,0.013,0.149,3.5
Broccoli Crown,Organic Yellow Onion,2750,0.00082,0.061,0.023,1.74
Honey Nut Cheerios,Organic Baby Carrots,1145,0.00034,0.041,0.014,1.7
Organic Italian Salad,Banana,2155,0.00064,0.199,0.004,1.35
Organic Blueberries,Honey Nut Cheerios,1242,0.00037,0.012,0.044,1.42
Organic Whole Milk,Organic Reduced Fat Milk,3015,0.0009,0.021,0.082,1.92
Organic Cucumber,Organic Old Fashioned Rolled Oats,1206,0.00036,0.014,0.058,2.27
Cantaloupe,Organic Strawberries,6074,0.00182,0.242,0.022,2.94
Medium Cheddar Cheese Block,Organic Hass Avocado,1172,0.00035,0.105,0.005,1.6
Organic Milk,100% Whole Wheat Bread,1246,0.00037,0.043,0.02,2.29
Apple Honeycrisp Organic,Organic Russet Potato,2109,0.00063,0.024,0.063,2.4
Organic Red Grapes,Organic Avocado,1180,0.00035,0.123,0.006,2.24
Sparkling Lemon Water,Peach Pear Flavored Sparkling Water,3374,0.00101,0.099,0.152,14.91
Organic Strawberries,Organic Tomato Basil Pasta Sauce,2595,0.00078,0.009,0.147,1.79
Apple Honeycrisp Organic,Organic Basil,1134,0.00034,0.013,0.041,1.56
Strawberries,Organic Black Beans,1727,0.00052,0.012,0.044,0.98
Organic Lemon,Unsalted Butter,1283,0.00038,0.014,0.035,1.27
Banana,Cream Top Smooth & Creamy Maple Yogurt,1168,0.00035,0.002,0.224,1.53
Blueberries,Organic Kiwi,1150,0.00034,0.02,0.022,1.27
Organic Blueberries,Whipped Cream Cheese,1378,0.00041,0.013,0.043,1.36
Mozzarella Cheese,Banana,1147,0.00034,0.168,0.002,1.15
Apple Honeycrisp Organic,Raspberries,1235,0.00037,0.014,0.02,0.78
Hass Avocados,Original Hummus,1386,0.00041,0.026,0.019,1.19
Sustainably Soft Bath Tissue,Organic Hass Avocado,2552,0.00076,0.134,0.012,2.03
Italian Sparkling Mineral Water,Carrots,1227,0.00037,0.038,0.016,1.7
Organic Long Grain White Rice,Organic Garlic,1060,0.00032,0.118,0.009,3.48
Organic Baby Kale Mix,Organic Raspberries,1097,0.00033,0.098,0.008,2.31
Organic Red Onion,Organic Yams,1117,0.00033,0.016,0.053,2.52
Organic Navel Orange,Organic Whole String Cheese,1689,0.0005,0.038,0.027,2.05
Organic Green Beans,Organic Baby Spinach,1243,0.00037,0.176,0.005,2.34
Mango Chunks,Organic Grape Tomatoes,1033,0.00031,0.056,0.012,2.13
Organic Orange Bell Pepper,Organic Strawberries,2509,0.00075,0.228,0.009,2.77
Granny Smith Apples,Honeycrisp Apple,1722,0.00051,0.046,0.021,1.84
Lime Sparkling Water,Organic Hass Avocado,4351,0.0013,0.09,0.02,1.36
Ground Turkey Breast,Organic Avocado,4285,0.00128,0.155,0.023,2.81
Organic Navel Orange,Organic Strawberries,7517,0.00225,0.168,0.027,2.04
Orange Bell Pepper,Cucumber Kirby,4374,0.00131,0.107,0.044,3.57
Banana,Organic AppleApple,4296,0.00128,0.009,0.256,1.74
Organic Butternut Squash,Organic Cilantro,1252,0.00037,0.061,0.017,2.79
Shredded Parmesan,Sparkling Water Grapefruit,1546,0.00046,0.041,0.02,1.73
Strawberries,Rainbow Bell Peppers,2393,0.00072,0.016,0.2,4.47
Natural Free & Clear Dish Liquid,Organic Strawberries,1358,0.00041,0.144,0.005,1.74
Organic Yellow Onion,Half & Half,3783,0.00113,0.032,0.053,1.5
Whole Wheat Bread,Organic Whole Milk,1207,0.00036,0.11,0.008,2.57
Low Fat Plain Yogurt,Bag of Organic Bananas,1278,0.00038,0.208,0.003,1.77
Honey Yoghurt,Strawberry Rhubarb Yoghurt,1587,0.00047,0.162,0.152,51.75
Carrots,Organic Romaine Lettuce,2560,0.00077,0.034,0.071,3.16
Original Fresh Stack Crackers,Banana,1247,0.00037,0.232,0.003,1.58
"Organic Red Radish, Bunch",Cucumber Kirby,2494,0.00075,0.088,0.025,2.96
Organic Strawberries,Organic  Whole Milk,1520,0.00045,0.006,0.15,1.83
Organic Yellow Onion,Ground Turkey Breast,3313,0.00099,0.028,0.12,3.4
Strawberries,Sour Cream,1489,0.00044,0.01,0.066,1.48
Organic Baby Rainbow Carrots,Organic Hass Avocado,2496,0.00075,0.121,0.011,1.84
Michigan Organic Kale,Garlic,1783,0.00053,0.025,0.046,2.21
Organic Large Brown Eggs,Organic Strawberries,2434,0.00073,0.164,0.009,1.99
Banana,Organic Vanilla Almond Milk,2130,0.00064,0.004,0.178,1.21
Organic Blue Corn Tortilla Chips,Organic Baby Spinach,1589,0.00047,0.118,0.006,1.56
Soda,Extra Fancy Unsalted Mixed Nuts,1741,0.00052,0.047,0.174,15.57
Organic Blueberries,Organic Peeled Whole Baby Carrots,2934,0.00088,0.028,0.051,1.62
Total 2% Lowfat Greek Strained Yogurt with Peach,Organic Gala Apples,1069,0.00032,0.052,0.014,2.3
Organic D'Anjou Pears,Organic Unsweetened Almond Milk,2114,0.00063,0.042,0.035,2.32
Organic Baby Spinach,Organic Lowfat 1% Milk,1981,0.00059,0.008,0.129,1.72
Bag of Organic Bananas,Sparkling Water Grapefruit,10484,0.00313,0.027,0.132,1.12
Organic Strawberries,Natural Chicken & Sage Breakfast Sausage,2459,0.00073,0.009,0.163,1.97
Seedless Red Grapes,Raspberries,3209,0.00096,0.037,0.053,2.03
Boneless Skinless Chicken Breast,Organic Cucumber,1155,0.00035,0.049,0.014,1.93
Boneless Skinless Chicken Breasts,Cucumber Kirby,5407,0.00162,0.103,0.054,3.46
Banana,Sliced Baby Bella Mushrooms,1241,0.00037,0.003,0.217,1.48
Pure Coconut Water,Organic Hass Avocado,2182,0.00065,0.115,0.01,1.75
Organic Yellow Onion,Organic Thyme,3882,0.00116,0.033,0.192,5.46
Organic Fuji Apple,Organic Cucumber,2780,0.00083,0.03,0.033,1.18
Organic Dark Sweet Cherries,Organic Raspberries,1263,0.00038,0.174,0.009,4.07
Baby Spinach,Asparagus,1105,0.00033,0.046,0.016,2.14
Yellow Grape Tomatoes,Organic Avocado,1779,0.00053,0.225,0.01,4.09
Unsalted Butter,Honeycrisp Apple,1893,0.00057,0.051,0.023,2.05
Organic Grade A Free Range Large Brown Eggs,Red Vine Tomato,1451,0.00043,0.035,0.026,2.05
Green Beans,Fresh Ginger Root,1024,0.00031,0.034,0.04,4.46
Organic Yellow Onion,Michigan Organic Kale,6457,0.00193,0.055,0.092,2.62
Unsweetened Almondmilk,Uncured Genoa Salami,1216,0.00036,0.024,0.028,1.82
Sharp Cheddar Cheese,Organic Hass Avocado,3032,0.00091,0.096,0.014,1.46
Organic Cilantro,Organic Bosc Pear,1010,0.0003,0.014,0.046,2.09
Bag of Organic Bananas,Blueberry Whole Milk Yogurt Pouch,1143,0.00034,0.003,0.221,1.87
Shredded Parmesan,Organic Granny Smith Apple,1173,0.00035,0.031,0.019,1.7
Organic Fresh Basil,Organic Lemon,1087,0.00032,0.089,0.012,3.27
Organic Grape Tomatoes,Organic Hass Avocado,13844,0.00414,0.157,0.063,2.38
I Heart Baby Kale,Banana,2496,0.00075,0.194,0.005,1.32
Green Onions,Bag of Organic Bananas,1911,0.00057,0.068,0.005,0.58
Organic Navel Orange,Organic Bartlett Pear,1585,0.00047,0.035,0.041,3.07
Organic Spring Mix Salad,Organic Hass Avocado,3038,0.00091,0.137,0.014,2.07
Organic Orange Bell Pepper,Banana,1526,0.00046,0.139,0.003,0.94
Blueberries,No Salt Added Black Beans,1021,0.00031,0.018,0.035,2.01
Organic Strawberries,Organic Lowfat 1% Milk,3031,0.00091,0.011,0.197,2.4
Fresh Cauliflower,Shredded Mild Cheddar Cheese,1127,0.00034,0.015,0.041,1.83
Bag of Organic Bananas,Extra Fancy Unsalted Mixed Nuts,1682,0.0005,0.004,0.168,1.42
Organic Sliced Peaches,Pineapple Chunks,1300,0.00039,0.126,0.05,16.23
Seedless Red Grapes,Russet Potato,1562,0.00047,0.018,0.051,1.96
Jalapeno Peppers,Organic Cucumber,1802,0.00054,0.041,0.021,1.6
Organic Unsweetened Vanilla Almond Milk,Organic Hass Avocado,2051,0.00061,0.124,0.009,1.89
Organic Lemon,Organic Leek,1707,0.00051,0.019,0.084,3.06
Non Fat Raspberry Yogurt,Large Lemon,1288,0.00038,0.076,0.008,1.58
Bag of Organic Bananas,Baby Food Stage 2 Blueberry Pear & Purple Carrot,2110,0.00063,0.005,0.232,1.96
Whole Milk,Organic Hass Avocado,1212,0.00036,0.033,0.005,0.5
Organic Spring Mix Salad,Large Lemon,1973,0.00059,0.089,0.012,1.85
Organic Grape Tomatoes,Roasted Turkey Breast,1060,0.00032,0.012,0.058,2.21
Large Grade AA Eggs,Banana,1913,0.00057,0.267,0.004,1.82
Organic Fresh Basil,Organic Italian Parsley Bunch,1463,0.00044,0.12,0.023,6.37
Organic Whole Milk,Organic Baby Kale,1332,0.0004,0.009,0.07,1.64
Organic Strawberries,Organic Uncured Sliced Black Forest Ham,2592,0.00077,0.009,0.212,2.57
Organic Red Onion,Organic Thyme,1609,0.00048,0.023,0.08,3.76
Small Hass Avocado,Roma Tomato,2069,0.00062,0.04,0.049,3.15
Organic Red Onion,Green Beans,1507,0.00045,0.021,0.05,2.36
Organic Cucumber,Total Greek Strained Yogurt,1143,0.00034,0.013,0.042,1.64
Banana,Citrus Mandarins Organic,1077,0.00032,0.002,0.195,1.33
Icelandic Style Fat Free Plain Yogurt,Icelandic Style Skyr Blueberry Non-fat Yogurt,1333,0.0004,0.166,0.067,27.78
Bag of Organic Bananas,Fat Free Strawberry Yogurt,1133,0.00034,0.003,0.111,0.94
Pink Lady (Cripps) Apple,Organic Avocado,1199,0.00036,0.151,0.007,2.74
Russet Potato,Organic Raspberries,1209,0.00036,0.039,0.008,0.92
Organic Navel Orange,Organic Fuji Apple,2495,0.00075,0.056,0.027,2.01
Organic Strawberries,Lemonade,2162,0.00065,0.008,0.106,1.28
Organic Heavy Whipping Cream,Organic Avocado,2034,0.00061,0.08,0.011,1.45
Soda,Mozzarella String Cheese,1185,0.00035,0.032,0.109,9.76
Large Grapefruit,Organic Avocado,3055,0.00091,0.137,0.017,2.49
Blueberries,Original Hummus,1665,0.0005,0.029,0.022,1.29
Boneless Skinless Chicken Breasts,Red Vine Tomato,2560,0.00077,0.049,0.045,2.89
Aged White Cheddar Baked Rice & Corn Puffs Gluten Free Lunch Packs,Banana,2780,0.00083,0.245,0.006,1.67
Organic Cucumber,Pure Irish Butter,1283,0.00038,0.015,0.036,1.43
Bunched Cilantro,Roma Tomato,3528,0.00105,0.074,0.084,5.9
Broccoli Crown,No Salt Added Black Beans,1419,0.00042,0.032,0.049,3.62
Green Onions,Organic Strawberries,1774,0.00053,0.063,0.006,0.77
Organic Butternut Squash,Organic Cucumber,1241,0.00037,0.06,0.015,2.38
Organic Red Onion,Organic Baby Arugula,4581,0.00137,0.065,0.06,2.86
Organic Black Plum,Organic Hass Avocado,1056,0.00032,0.193,0.005,2.93
Limes,Organic Green Cabbage,2548,0.00076,0.017,0.115,2.63
Organic Strawberries,Cultured Low Fat Buttermilk,1036,0.00031,0.004,0.181,2.2
Corn Tortillas,Organic Whole Milk,1266,0.00038,0.082,0.009,1.91
Seedless Red Grapes,Large Grapefruit,1179,0.00035,0.014,0.053,2.04
Goat Cheese Crumbles,Organic Zucchini,1063,0.00032,0.076,0.01,2.32
Organic Baby Kale Mix,Organic Hass Avocado,2040,0.00061,0.183,0.009,2.77
Organic Red Onion,Whipped Cream Cheese,1257,0.00038,0.018,0.039,1.84
Limes,Organic Thyme,2326,0.0007,0.016,0.115,2.63
Yellow Onions,Organic D'Anjou Pears,1522,0.00045,0.02,0.03,1.3
100% Whole Wheat Bread,Organic Roasted Turkey Breast,1811,0.00054,0.029,0.061,3.25
Organic Cilantro,Red Onion,2003,0.0006,0.027,0.045,2.06
Organic Grade A Free Range Large Brown Eggs,Fresh Cauliflower,1842,0.00055,0.044,0.025,1.99
Pretzel Crisps Original Deli Style Pretzel Crackers,Organic Raspberries,1263,0.00038,0.076,0.009,1.79
Organic Broccoli Crowns,Organic Lacinato (Dinosaur) Kale,1054,0.00031,0.055,0.024,4.11
Organic Strawberries,"Flat Parsley, Bunch",1037,0.00031,0.004,0.074,0.9
Organic Peeled Whole Baby Carrots,Large Lemon,4404,0.00132,0.076,0.027,1.58
Pineapple,Bag of Organic Bananas,1034,0.00031,0.136,0.003,1.15
Organic Red Bell Pepper,Fresh Cauliflower,4041,0.00121,0.067,0.054,3.04
Organic Raspberries,Organic Baby Carrots,6314,0.00189,0.044,0.078,1.84
Organic Original Hommus,Bag of Organic Bananas,3623,0.00108,0.263,0.009,2.23
Banana,Natural Chicken & Sage Breakfast Sausage,3079,0.00092,0.006,0.203,1.39
Organic Cucumber,Whipped Cream Cheese,1823,0.00054,0.021,0.056,2.22
Organic Red Onion,Organic Romaine,1416,0.00042,0.02,0.057,2.7
Organic Baby Arugula,Organic Blueberries,3438,0.00103,0.045,0.033,1.45
Organic Strawberries,Marinara Pasta Sauce,1390,0.00042,0.005,0.12,1.46
Organic Fuji Apple,Feta Cheese Crumbles,1427,0.00043,0.015,0.042,1.52
Unsweetened Almondmilk,Organic Avocado,4522,0.00135,0.087,0.025,1.59
Banana,Grapefruit Sparkling Water,2723,0.00081,0.006,0.175,1.19
Organic Long Grain White Rice,Banana,1705,0.00051,0.19,0.003,1.3
Bartlett Pears,Large Lemon,4038,0.00121,0.11,0.025,2.29
Shells & Real Aged Cheddar Macaroni & Cheese,Bag of Organic Bananas,1284,0.00038,0.164,0.003,1.39
Seedless Red Grapes,Organic D'Anjou Pears,3045,0.00091,0.035,0.06,2.31
Mild Salsa,Organic Baby Spinach,2101,0.00063,0.138,0.008,1.84
Banana,Organic Red On the Vine Tomato,2010,0.0006,0.004,0.17,1.16
Vanilla Almond Breeze Almond Milk,Seedless Red Grapes,1195,0.00036,0.037,0.014,1.43
Green Bell Pepper,Organic Grape Tomatoes,3915,0.00117,0.067,0.044,2.56
Jalapeno Peppers,Cucumber Kirby,3341,0.001,0.075,0.034,2.52
Organic Red Onion,Organic Bartlett Pear,1449,0.00043,0.02,0.037,1.77
Baby Spinach,Organic Tomato Cluster,1084,0.00032,0.045,0.016,2.24
Cheese Pizza,Organic Strawberries,1105,0.00033,0.151,0.004,1.83
Roma Tomato,Organic Cucumber,1044,0.00031,0.025,0.012,0.97
Roasted Turkey,Organic Whole Milk,1111,0.00033,0.106,0.008,2.47
Banana,Organic Mango Chunks,1312,0.00039,0.003,0.168,1.15
Organic Baby Arugula,Organic Roasted Turkey Breast,1187,0.00035,0.016,0.04,1.78
Italian Sparkling Mineral Water,Organic Granny Smith Apple,1058,0.00032,0.033,0.017,1.81
Organic Raspberries,Total 2% All Natural Plain Greek Yogurt,1180,0.00035,0.008,0.068,1.6
Organic Shredded Mozzarella,Organic Large Extra Fancy Fuji Apple,1012,0.0003,0.053,0.013,2.28
Original Whipped Cream Cheese,Banana,2416,0.00072,0.207,0.005,1.41
Cauliflower Florets,Strawberries,1001,0.0003,0.118,0.007,2.63
Seedless Red Grapes,Watermelon Chunks,2126,0.00064,0.025,0.084,3.23
Organic Lemon,Extra Virgin Olive Oil,2664,0.0008,0.029,0.051,1.87
Orange Bell Pepper,Red Peppers,5529,0.00165,0.135,0.095,7.75
Uncured Genoa Salami,Organic Fuji Apple,2004,0.0006,0.046,0.022,1.67
Organic Spaghetti Squash,Organic Hass Avocado,2196,0.00066,0.157,0.01,2.37
Organic Yellow Onion,Shredded Mild Cheddar Cheese,2121,0.00063,0.018,0.076,2.17
Original Hummus,Unsalted Butter,1544,0.00046,0.021,0.042,1.88
Organic Strawberries,Organic Spring Mix,4642,0.00139,0.017,0.14,1.7
Organic Whole Milk,Grape White/Green Seedless,3605,0.00108,0.025,0.089,2.09
Organic Baby Spinach,Organic Egg Whites,4670,0.0014,0.019,0.231,3.07
Boneless Skinless Chicken Thighs,Bag of Organic Bananas,1359,0.00041,0.124,0.003,1.05
Bag of Organic Bananas,Sweet Onion,3923,0.00117,0.01,0.192,1.63
Carrots,Organic Grape Tomatoes,4209,0.00126,0.056,0.048,2.13
Organic Yellow Onion,Roma Tomato,1583,0.00047,0.013,0.038,1.07
Organic Baby Spinach,Organic Red Delicious Apple,2097,0.00063,0.008,0.146,1.94
Bag of Organic Bananas,Natural Artesian Water,2115,0.00063,0.005,0.148,1.25
Organic Leek,Limes,2032,0.00061,0.099,0.014,2.27
Bag of Organic Bananas,Guacamole,3094,0.00092,0.008,0.166,1.41
Organic Cucumber,Shredded Mild Cheddar Cheese,1295,0.00039,0.015,0.047,1.83
Gluten-Free Chicken Nuggets,Banana,1120,0.00033,0.201,0.002,1.37
Organic Whole String Cheese,Unsalted Butter,1380,0.00041,0.022,0.037,2.02
Bunny-Luv Fresh Organic Carrots,Organic Small Bunch Celery,1219,0.00036,0.114,0.017,5.38
"Organic Butterhead (Boston, Butter, Bibb) Lettuce",Organic Garlic,1405,0.00042,0.112,0.012,3.28
Lemon Sparkling Water,Grapefruit Sparkling Water,3479,0.00104,0.349,0.224,75.15
Organic Red Onion,Organic Broccoli,2335,0.0007,0.033,0.058,2.73
Organic Baby Carrots,Organic Basil,1018,0.0003,0.013,0.037,1.52
Organic Garlic,Organic Mexican Blend Finely Shredded Cheese,1040,0.00031,0.009,0.055,1.6
Organic Whole Grassmilk Milk,Banana,1621,0.00048,0.102,0.003,0.69
Organic Strawberries,Organic Strawana Probugs Kefir,1826,0.00055,0.007,0.28,3.41
Uncured Genoa Salami,Organic Half & Half,1820,0.00054,0.042,0.023,1.78
Organic Raspberries,Romaine Hearts,1513,0.00045,0.011,0.056,1.32
Seedless Red Grapes,Sharp Cheddar Cheese,1356,0.00041,0.016,0.043,1.66
Yellow Onions,Organic Gala Apples,2473,0.00074,0.032,0.033,1.42
Bunched Cilantro,Serrano Chile Peppers,1217,0.00036,0.026,0.146,10.27
Blueberries,Organic Cilantro,1280,0.00038,0.022,0.018,1.01
100% Raw Coconut Water,Organic D'Anjou Pears,1168,0.00035,0.03,0.023,1.96
Organic Whole String Cheese,Organic Extra Firm Tofu,1012,0.0003,0.016,0.033,1.81
Organic Strawberries,Organic Blackberries,13081,0.00391,0.047,0.203,2.46
Yellow Onions,Organic Granny Smith Apple,1934,0.00058,0.025,0.032,1.38
Organic Garlic,Raspberries,1347,0.0004,0.012,0.022,0.65
Limes,Organic Raspberries,9818,0.00293,0.067,0.069,1.57
Organic Baby Spinach,"Clementines, Bag",4083,0.00122,0.016,0.099,1.31
Organic Lemon,Apple Honeycrisp Organic,6116,0.00183,0.067,0.07,2.57
Organic Milk,Organic Reduced Fat 2% Milk,2387,0.00071,0.083,0.048,5.61
Hass Avocados,Seedless Cucumbers,2843,0.00085,0.054,0.199,12.7
Organic D'Anjou Pears,Uncured Genoa Salami,1263,0.00038,0.025,0.029,1.92
Banana,Original Orange Juice,6064,0.00181,0.012,0.233,1.59
Organic Cucumber,Organic Zucchini,8676,0.00259,0.102,0.079,3.12
Organic Blackberries,Organic Italian Parsley Bunch,1761,0.00053,0.027,0.028,1.45
Marinara Sauce,Large Lemon,1829,0.00055,0.088,0.011,1.83
Bag of Organic Bananas,Apple Cinnamon GoGo Squeez,2017,0.0006,0.005,0.221,1.88
Organic Raspberries,Garlic,2473,0.00074,0.017,0.064,1.51
Bag of Organic Bananas,2% Reduced Fat Organic Milk,2265,0.00068,0.006,0.133,1.13
Hass Avocados,Organic Tomato Cluster,1257,0.00038,0.024,0.019,1.2
Garlic,Organic Thyme,1171,0.00035,0.03,0.058,5.03
Organic No Salt Added Diced Tomatoes,Carrots,1117,0.00033,0.105,0.015,4.66
No Salt Added Black Beans,Organic Cucumber,1143,0.00034,0.039,0.013,1.54
Organic Carrot Bunch,Organic Gala Apples,1988,0.00059,0.053,0.026,2.34
Organic Roasted Sliced Chicken Breast,Organic Hass Avocado,2044,0.00061,0.163,0.009,2.47
Banana,Light Multi-Grain English Muffins,1422,0.00042,0.003,0.282,1.92
Organic Diced Tomatoes,Organic Whole Milk,1832,0.00055,0.08,0.013,1.88
Organic Small Bunch Celery,Organic Garnet Sweet Potato (Yam),3968,0.00119,0.056,0.073,3.44
Organic Italian Parsley Bunch,Organic Half & Half,1837,0.00055,0.029,0.023,1.23
Penne Pasta,Banana,1953,0.00058,0.246,0.004,1.67
Bag of Organic Bananas,Distilled Water,2572,0.00077,0.007,0.154,1.31
Fat Free Blueberry Yogurt,Total 0% Raspberry Yogurt,2726,0.00081,0.368,0.216,97.7
Organic Raspberries,Organic Unsweetened Almond Milk,4889,0.00146,0.034,0.081,1.91
Crackers Harvest Whole Wheat,Organic Hass Avocado,1184,0.00035,0.164,0.005,2.48
Sparkling Natural Mineral Water,Organic Blueberries,1583,0.00047,0.035,0.015,1.13
Sustainably Soft Bath Tissue,Organic Strawberries,2214,0.00066,0.116,0.008,1.41
Organic Beef Broth,Organic Baby Spinach,1061,0.00032,0.14,0.004,1.86
Brussels Sprouts,Large Lemon,2298,0.00069,0.098,0.014,2.04
Banana,Organic Basil,4754,0.00142,0.01,0.17,1.16
Organic Garbanzo Beans,Asparagus,1234,0.00037,0.04,0.017,1.86
"Dressing, Jersey Sweet Onion, Calorie Free",Banana,2180,0.00065,0.236,0.004,1.61
Organic Lemon,No Salt Added Black Beans,1034,0.00031,0.011,0.035,1.3
Organic Coconut Milk,Organic Extra Firm Tofu,1373,0.00041,0.049,0.045,5.36
Organic Whipped Naturally Buttery Spread,Organic Strawberries,2010,0.0006,0.152,0.007,1.85
Organic Red Bell Pepper,Organic Red Cabbage,1156,0.00035,0.019,0.074,4.13
Boneless Skinless Chicken Breasts,Bunched Cilantro,2066,0.00062,0.039,0.044,2.78
Orange Bell Pepper,Organic Blueberries,1929,0.00058,0.047,0.018,1.5
Roma Tomato,Spinach,1096,0.00033,0.026,0.062,4.91
Green Beans,Organic Cucumber,1101,0.00033,0.036,0.013,1.43
Organic Large Green Asparagus,Organic Kiwi,1052,0.00031,0.053,0.02,3.38
Bag of Organic Bananas,Organic Rainbow Chard Vegetable,1635,0.00049,0.004,0.216,1.83
Bag of Organic Bananas,Organic Mango Chunks,2135,0.00064,0.005,0.274,2.32
Organic Fuji Apple,Garlic,1431,0.00043,0.015,0.037,1.34
Banana,Curate Melon Pomelo Sparking Water,1216,0.00036,0.002,0.165,1.12
Creamy Almond Butter,Original Hummus,1265,0.00038,0.057,0.017,2.55
Organic Strawberries,Organic Strawberry Smoothie,2922,0.00087,0.011,0.242,2.94
ZBar Organic Chocolate Brownie Energy Snack,Banana,2162,0.00065,0.262,0.004,1.78
Lightly Salted Baked Snap Pea Crisps,Organic Strawberries,4181,0.00125,0.161,0.015,1.96
Green Bell Pepper,Organic Garlic,6392,0.00191,0.11,0.056,3.24
Limes,Fresh Ginger Root,4383,0.00131,0.03,0.172,3.93
Carrots,Red Peppers,3755,0.00112,0.05,0.065,2.87
Banana,Organic Small Bunch Celery,11036,0.0033,0.022,0.156,1.06
Banana,Red Vine Tomato,15873,0.00474,0.032,0.28,1.91
100% Whole Wheat Bread,Organic Fuji Apple,3339,0.001,0.053,0.036,1.91
Organic Italian Parsley Bunch,Organic Baby Broccoli,1897,0.00057,0.03,0.057,3.04
Large Alfresco Eggs,Extra Virgin Olive Oil,1174,0.00035,0.028,0.022,1.78
Strawberries,Organic Whole Strawberries,1019,0.0003,0.007,0.031,0.7
Organic Vanilla Extract,Bag of Organic Bananas,1711,0.00051,0.175,0.004,1.48
Bag of Organic Bananas,Crackers Cheddar Bunnies Snack Packs,2849,0.00085,0.007,0.223,1.89
Carrots,Fresh Ginger Root,2150,0.00064,0.029,0.085,3.76
Jalapeno Peppers,Organic Baby Spinach,6142,0.00184,0.138,0.024,1.84
Organic Navel Orange,Large Lemon,4158,0.00124,0.093,0.026,1.94
Organic Beef Uncured Hot Dogs,Organic Strawberries,2466,0.00074,0.198,0.009,2.41
Bag of Organic Bananas,YoBaby Blueberry Apple Yogurt,1697,0.00051,0.004,0.207,1.76
Bag of Organic Bananas,Natural Chicken & Maple Breakfast Sausage Patty,1105,0.00033,0.003,0.204,1.72
"Organic Butterhead (Boston, Butter, Bibb) Lettuce",Large Lemon,1287,0.00038,0.102,0.008,2.13
Organic Yellow Onion,Pure Irish Butter,2288,0.00068,0.019,0.065,1.84
Bag of Organic Bananas,Organic Chicken Thighs,1480,0.00044,0.004,0.18,1.53
Organic Blueberries,Sparkling Water Grapefruit,2408,0.00072,0.023,0.03,0.97
Mango Chunks,Organic Raspberries,1872,0.00056,0.101,0.013,2.38
Organic Raspberries,Organic Red On the Vine Tomato,1182,0.00035,0.008,0.1,2.34
Banana,Frosted Mini-Wheats Original Cereal,1477,0.00044,0.003,0.254,1.73
Whipped Cream Cheese,Cucumber Kirby,1764,0.00053,0.055,0.018,1.83
Sparkling Water Berry,Cran Raspberry Sparkling Water,1108,0.00033,0.061,0.102,18.82
Organic Black Beans,Organic Ginger Root,1335,0.0004,0.034,0.025,2.09
Red Peppers,Organic Jalapeno Pepper,1523,0.00046,0.026,0.072,4.15
Green Bell Pepper,Boneless Skinless Chicken Breasts,2171,0.00065,0.037,0.041,2.39
Lime Sparkling Water,Organic Granny Smith Apple,1258,0.00038,0.026,0.021,1.42
Roasted Red Pepper Hummus,Organic Hass Avocado,1501,0.00045,0.084,0.007,1.28
Bag of Organic Bananas,Organic Spinach Bunch,2691,0.0008,0.007,0.218,1.85
Spring Water,Organic Unsweetened Almond Milk,1804,0.00054,0.031,0.03,1.72
Organic Baby Arugula,Organic Hothouse Cucumbers,1417,0.00042,0.019,0.057,2.52
100% Raw Coconut Water,Honeycrisp Apple,1218,0.00036,0.031,0.015,1.25
Garlic,Red Onion,2194,0.00066,0.057,0.049,4.28
Organic Carrot Bunch,Banana,5140,0.00154,0.137,0.01,0.93
Total Greek Strained Yogurt,Organic Avocado,3007,0.0009,0.11,0.016,1.99
Organic Lacinato (Dinosaur) Kale,Organic Garbanzo Beans,1620,0.00048,0.036,0.052,3.88
Sharp Cheddar Cheese,Organic Whole Milk,2984,0.00089,0.095,0.021,2.22
Unsweetened Almondmilk,Organic Baby Carrots,1976,0.00059,0.038,0.025,1.59
Banana,Organic White Cheddar Popcorn,1525,0.00046,0.003,0.195,1.33
"Organic Red Radish, Bunch",Organic Cucumber,3103,0.00093,0.11,0.037,4.32
Carrots,Total Greek Strained Yogurt,1341,0.0004,0.018,0.049,2.18
Romaine Hearts,Organic Small Bunch Celery,1212,0.00036,0.045,0.017,2.13
Organic Broccoli,Large Lemon,3359,0.001,0.083,0.021,1.73
Seedless Red Grapes,Organic Red Onion,2802,0.00084,0.032,0.04,1.53
Organic Tomato Paste,Banana,3743,0.00112,0.204,0.008,1.39
Strawberries,Shredded Mild Cheddar Cheese,2000,0.0006,0.013,0.072,1.61
Yellow Onions,Feta Cheese Crumbles,2015,0.0006,0.026,0.06,2.59
Garlic,Asparagus,2185,0.00065,0.057,0.031,2.67
Organic Green Seedless Grapes,Organic Hass Avocado,3561,0.00106,0.159,0.016,2.42
Organic Garlic,Organic Thyme,4155,0.00124,0.036,0.206,6.04
Organic Fat Free Milk,Sparkling Water Grapefruit,1210,0.00036,0.044,0.015,1.86
Organic Strawberries,Organic Extra Large Brown Eggs,1389,0.00042,0.005,0.14,1.7
Organic Garlic,Organic Raw Kombucha Gingerade,1179,0.00035,0.01,0.055,1.61
Organic Russet Potato,Organic Unsweetened Almond Milk,1062,0.00032,0.032,0.018,1.75
Bag of Organic Bananas,Fresh Ginger Root,3086,0.00092,0.008,0.121,1.03
Heavy Whipping Cream,Organic Avocado,1419,0.00042,0.066,0.008,1.2
Limes,Organic Whole Cashews,1104,0.00033,0.008,0.083,1.89
Extra Virgin Olive Oil,Sparkling Water Grapefruit,1650,0.00049,0.032,0.021,1.33
Banana,Brussels Sprouts,4282,0.00128,0.009,0.183,1.25
Organic Red Bell Pepper,Red Onion,1391,0.00042,0.023,0.031,1.75
Organic Sticks Low Moisture Part Skim Mozzarella String Cheese,Red Vine Tomato,1210,0.00036,0.034,0.021,2.01
Grated Parmesan,Organic Kiwi,1477,0.00044,0.031,0.028,2.02
Organic Rosemary,Organic Avocado,1151,0.00034,0.107,0.006,1.94
Carrots,Organic Spring Mix,1289,0.00039,0.017,0.039,1.73
Bunched Cilantro,Organic Garbanzo Beans,1127,0.00034,0.024,0.036,2.55
Shredded Mozzarella,Organic Italian Parsley Bunch,1143,0.00034,0.05,0.018,2.65
Watermelon Chunks,Organic Yellow Onion,1094,0.00033,0.043,0.009,1.22
Light Semisoft Cheese,Banana,1477,0.00044,0.19,0.003,1.29
Hass Avocados,Organic Blackberries,1421,0.00042,0.027,0.022,1.4
100% Whole Wheat Bread,Green Bell Pepper,1593,0.00048,0.025,0.027,1.46
Frozen Organic Wild Blueberries,Unsweetened Almondmilk,1456,0.00044,0.047,0.028,3.04
Shallot,Fresh Cauliflower,1044,0.00031,0.057,0.014,2.59
Organic Red Bell Pepper,Organic Green Cabbage,1028,0.00031,0.017,0.046,2.6
Unsweetened Almondmilk,Large Lemon,3645,0.00109,0.07,0.023,1.47
Organic Large Grade AA Brown Eggs,Organic Italian Parsley Bunch,1079,0.00032,0.041,0.017,2.16
Raspberries,Organic Half & Half,1770,0.00053,0.029,0.022,1.23
Organic Red Onion,Organic Shredded Carrots,1378,0.00041,0.019,0.065,3.1
Strawberries,Organic Ginger Root,1832,0.00055,0.012,0.034,0.76
Frozen Organic Wild Blueberries,Organic Broccoli Florets,1216,0.00036,0.039,0.036,3.84
Strawberries,Limes,8399,0.00251,0.056,0.057,1.28
No Salt Added Black Beans,Grated Parmesan,1076,0.00032,0.037,0.023,2.63
Organic Large Extra Fancy Fuji Apple,Organic Raspberries,8935,0.00267,0.114,0.063,2.69
Organic Mint,Organic Hass Avocado,3184,0.00095,0.155,0.014,2.35
Organic Strawberries,Light Brown Sugar,1618,0.00048,0.006,0.117,1.42
Organic Yellow Onion,Organic Garlic,22923,0.00685,0.195,0.201,5.72
Carrots,Organic Hothouse Cucumbers,1402,0.00042,0.019,0.056,2.51
Original Pure Creamy Almond Milk,Organic Strawberries,1830,0.00055,0.12,0.007,1.45
Organic Fuji Apple,Original Hummus,4010,0.0012,0.043,0.054,1.95
Vanilla Almond Breeze Almond Milk,Original Hummus,1068,0.00032,0.033,0.014,1.5
Banana,Organic Bosc Pear,4241,0.00127,0.009,0.192,1.3
Organic Butternut Squash,Organic Ginger Root,1203,0.00036,0.059,0.022,3.62
Organic Yams,Organic Fuji Apple,1018,0.0003,0.049,0.011,1.75
Organic Broccoli,Fresh Cauliflower,4283,0.00128,0.106,0.058,4.78
Organic Red Onion,Organic Shredded Mozzarella,1005,0.0003,0.014,0.053,2.49
Organic Russet Potato,Organic Roma Tomato,1049,0.00031,0.031,0.034,3.41
Organic Snipped Green Beans,Large Lemon,2000,0.0006,0.11,0.012,2.29
Sparkling Water Berry,Organic Fuji Apple,1064,0.00032,0.059,0.011,2.11
Organic D'Anjou Pears,Extra Virgin Olive Oil,1193,0.00036,0.023,0.023,1.5
Total 0% with Honey Nonfat Greek Strained Yogurt,Total 0% Blueberry Acai Greek Yogurt,1033,0.00031,0.089,0.168,48.27
Red Potatoes,Banana,2968,0.00089,0.271,0.006,1.85
Bag of Organic Bananas,Total 2% Greek Strained Yogurt with Cherry 5.3 oz,2514,0.00075,0.006,0.134,1.14
Hass Avocados,Organic Baby Arugula,1019,0.0003,0.019,0.013,0.86
Lightly Salted Baked Snap Pea Crisps,Organic Raspberries,2378,0.00071,0.092,0.017,2.15
Traditional Hummus,Organic Avocado,1690,0.00051,0.198,0.009,3.59
Organic Sticks Low Moisture Part Skim Mozzarella String Cheese,Organic Broccoli,1117,0.00033,0.031,0.028,2.6
Organic Black Beans,Organic Garbanzo Beans,3507,0.00105,0.089,0.112,9.5
Bag of Organic Bananas,Mini Babybel Light Semisoft Edam Cheeses,1133,0.00034,0.003,0.164,1.39
Organic Baby Carrots,Organic Garbanzo Beans,1614,0.00048,0.02,0.052,2.15
Large Grapefruit,Asparagus,1031,0.00031,0.046,0.014,2.17
Pure Irish Butter,Cucumber Kirby,1192,0.00036,0.034,0.012,1.13
Total 2% Lowfat Greek Strained Yogurt with Peach,Total 0% Blueberry Acai Greek Yogurt,1164,0.00035,0.057,0.189,30.74
Lightly Salted Baked Snap Pea Crisps,Limes,1539,0.00046,0.059,0.01,1.35
100% Recycled Paper Towels,Organic Red Onion,1155,0.00035,0.04,0.016,1.88
Limes,Bunched Cilantro,13049,0.0039,0.089,0.275,6.27
Organic Yams,Organic Whole Milk,1432,0.00043,0.068,0.01,1.6
Organic Kiwi,Organic Bartlett Pear,3239,0.00097,0.062,0.084,5.39
Organic Baby Arugula,Organic Ginger Root,2953,0.00088,0.039,0.055,2.41
Organic Snipped Green Beans,Banana,3276,0.00098,0.18,0.007,1.23
Organic Broccoli Crown,Organic Strawberries,1589,0.00047,0.255,0.006,3.1
Blueberries,Bag of Organic Bananas,6389,0.00191,0.11,0.016,0.93
Organic Garlic,Organic Granny Smith Apple,4274,0.00128,0.038,0.07,2.05
Sharp Cheddar Cheese,Large Lemon,2928,0.00088,0.093,0.018,1.94
Organic Strawberries,Organic Tortilla Chips,1290,0.00039,0.005,0.09,1.09
"YoKids Squeezers Organic Low-Fat Yogurt, Strawberry",Original Hummus,1171,0.00035,0.058,0.016,2.6
Organic Reduced Fat 2% Milk,Cucumber Kirby,1541,0.00046,0.031,0.015,1.05
Yellow Bell Pepper,Cucumber Kirby,3464,0.00104,0.13,0.035,4.37
Sparkling Water Grapefruit,Organic Half & Half,3699,0.00111,0.047,0.047,1.98
Original Hummus,Organic Tomato Basil Pasta Sauce,1119,0.00033,0.015,0.064,2.87
Banana,Organic Mexican Blend Finely Shredded Cheese,3161,0.00094,0.006,0.166,1.13
Yellow Onions,Globe Eggplant,1012,0.0003,0.013,0.056,2.46
Strawberries,"Super Spinach! Baby Spinach, Baby Bok Choy, Sweet Baby Kale",1202,0.00036,0.008,0.078,1.76
Strawberries,Orange Juice,1553,0.00046,0.01,0.088,1.98
Organic Baby Spinach,2% Reduced Fat Organic Milk,1595,0.00048,0.006,0.094,1.24
Boneless Skinless Chicken Breasts,Organic Unsweetened Almond Milk,1357,0.00041,0.026,0.023,1.44
Organic Baby Spinach,Pineapple Chunks,6486,0.00194,0.026,0.249,3.31
Non Fat Raspberry Yogurt,"Yogurt, Strained Low-Fat, Coconut",2700,0.00081,0.159,0.215,42.43
Total 2% Lowfat Greek Strained Yogurt with Peach,Honeycrisp Apple,1234,0.00037,0.06,0.015,2.41
Organic Baby Arugula,Extra Virgin Olive Oil,2529,0.00076,0.033,0.048,2.14
Organic Fuji Apple,Red Onion,1922,0.00057,0.021,0.043,1.56
Jalapeno Peppers,Organic Half & Half,1109,0.00033,0.025,0.014,1.06
Limes,Organic Tomato Basil Pasta Sauce,1157,0.00035,0.008,0.066,1.5
Fresh Cauliflower,Organic Shredded Carrots,1143,0.00034,0.015,0.054,2.45
Organic Garlic,Whipped Cream Cheese,1942,0.00058,0.017,0.06,1.77
Bartlett Pears,Cucumber Kirby,3200,0.00096,0.087,0.032,2.93
Whole Organic Omega 3 Milk,Organic Hass Avocado,1524,0.00046,0.162,0.007,2.45
100% Raw Coconut Water,Limes,2191,0.00065,0.056,0.015,1.27
Organic Whole String Cheese,Total Greek Strained Yogurt,1312,0.00039,0.021,0.048,2.6
Sourdough Bread,Organic Garlic,1272,0.00038,0.075,0.011,2.19
Organic Shredded Mozzarella,Organic Avocado,1669,0.0005,0.088,0.009,1.59
Orange Bell Pepper,Bartlett Pears,1170,0.00035,0.029,0.032,2.6
Vanilla Skyr Nonfat Yogurt,Organic Baby Carrots,1032,0.00031,0.055,0.013,2.27
Light Brown Sugar,Organic Avocado,1095,0.00033,0.079,0.006,1.44
Organic Broccoli,Green Beans,1076,0.00032,0.027,0.036,2.95
Organic Green Cabbage,Cucumber Kirby,1029,0.00031,0.046,0.01,1.56
Roasted Red Pepper Hummus,Limes,1230,0.00037,0.069,0.008,1.57
Fresh Ginger Root,Organic Granny Smith Apple,1075,0.00032,0.042,0.018,2.32
100% Raw Coconut Water,Organic Cilantro,1519,0.00045,0.039,0.021,1.77
Limes,Red Onion,6600,0.00197,0.045,0.148,3.39
Organic Baby Arugula,Feta Cheese Crumbles,3130,0.00094,0.041,0.093,4.09
Organic Raspberries,Sugar Snap Peas,1068,0.00032,0.007,0.072,1.7
Tilapia Filet,Organic Strawberries,2524,0.00075,0.166,0.009,2.01
Organic Grape Tomatoes,Unsweetened Original Almond Breeze Almond Milk,1222,0.00037,0.014,0.034,1.29
Frozen Organic Wild Blueberries,Organic Large Extra Fancy Fuji Apple,1992,0.0006,0.064,0.026,2.76
Almond Nut & Rice Cracker Snacks,Banana,2224,0.00066,0.243,0.005,1.66
Sparkling Water Grapefruit,Honeycrisp Apple,3806,0.00114,0.048,0.046,1.93
Organic Fuji Apple,Organic Avocado,9742,0.00291,0.105,0.053,1.9
Bag of Organic Bananas,Organic Basil,4075,0.00122,0.01,0.146,1.24
Total 2% Lowfat Plain Greek Yogurt,Organic Garlic,1281,0.00038,0.076,0.011,2.23
Banana,Organic Extra Firm Tofu,7597,0.00227,0.015,0.251,1.71
Banana,Vanilla Unsweetened Almond Milk,2896,0.00087,0.006,0.252,1.72
Apple Honeycrisp Organic,Bunched Cilantro,1090,0.00033,0.012,0.023,0.88
Organic Baby Broccoli,Organic Ginger Root,1745,0.00052,0.053,0.032,3.26
Organic Whole Milk,Oven Roasted Turkey Breast,1079,0.00032,0.008,0.051,1.21
Clementines,Strawberries,4138,0.00124,0.129,0.028,2.88
Organic Sour Cream,Organic Avocado,3109,0.00093,0.112,0.017,2.04
Organic Riced Cauliflower,Organic Zucchini,1368,0.00041,0.149,0.013,4.55
Mango Chunks,Banana,5865,0.00175,0.318,0.012,2.17
Organic Baby Spinach,Organic Macaroni Shells & Real Aged Cheddar,1541,0.00046,0.006,0.136,1.81
Organic Diced Tomatoes,Banana,3998,0.00119,0.175,0.008,1.19
Banana,Organic Brown Rice,3248,0.00097,0.007,0.219,1.49
Strawberry Rhubarb Yoghurt,Organic Strawberries,1188,0.00036,0.113,0.004,1.38
Berry Medley,Large Lemon,1500,0.00045,0.101,0.009,2.1
Organic Iceberg Lettuce,Large Lemon,1119,0.00033,0.074,0.007,1.55
Banana,Organic Red Chard Greens,1913,0.00057,0.004,0.168,1.15
Organic Braeburn Apple,Organic Whole Milk,1004,0.0003,0.101,0.007,2.36
Organic Frozen Peas,Organic Zucchini,1788,0.00053,0.085,0.016,2.61
Apple Honeycrisp Organic,Organic White Onions,1457,0.00044,0.017,0.059,2.28
Organic Green Leaf Lettuce,Organic Cucumber,1108,0.00033,0.076,0.013,2.98
Banana,Heirloom Tomato,1079,0.00032,0.002,0.203,1.39
Organic Reduced Fat 2% Milk,Organic Cilantro,1122,0.00034,0.023,0.015,1.04
100% Recycled Paper Towels,Spring Water,1373,0.00041,0.047,0.024,2.71
Banana,Alpine Spring Water,1173,0.00035,0.002,0.106,0.72
Organic Baby Arugula,Organic Garlic,7123,0.00213,0.094,0.063,2.76
Carrots,Organic Heavy Whipping Cream,1379,0.00041,0.018,0.054,2.4
Organic Thyme,Organic Small Bunch Celery,2332,0.0007,0.115,0.033,5.46
Organic Diced Tomatoes,Organic Black Beans,2091,0.00062,0.092,0.053,7.74
White Onion,Banana,4030,0.0012,0.237,0.008,1.61
Organic Broccoli Florets,Organic Cucumber,2166,0.00065,0.063,0.025,2.49
Banana,Red Plums,2910,0.00087,0.006,0.32,2.18
Organic Grade A Free Range Large Brown Eggs,Garlic,1178,0.00035,0.028,0.031,2.45
Grated Parmesan,Organic Blueberries,2067,0.00062,0.044,0.02,1.4
Bag of Organic Bananas,Large Yellow Flesh Nectarine,2277,0.00068,0.006,0.146,1.24
Organic Mint,Organic Baby Arugula,1629,0.00049,0.08,0.022,3.51
Organic Jalapeno Pepper,Organic Small Bunch Celery,1553,0.00046,0.074,0.022,3.48
Seedless Red Grapes,Organic Red Bell Pepper,2281,0.00068,0.026,0.038,1.47
Jalapeno Peppers,Feta Cheese Crumbles,1096,0.00033,0.025,0.032,2.44
Carrots,Organic Large Brown Grade AA Cage Free Eggs,1538,0.00046,0.02,0.046,2.06
Organic Russet Potato,Organic Baby Spinach,5173,0.00155,0.153,0.021,2.04
Organic Baby Arugula,Roma Tomato,1500,0.00045,0.02,0.036,1.57
Chopped Walnuts,Large Lemon,1318,0.00039,0.126,0.008,2.62
Banana,Organic Hothouse Cucumbers,3641,0.00109,0.007,0.147,1.0
Yellow Bell Pepper,Feta Cheese Crumbles,1003,0.0003,0.038,0.03,3.73
Organic Hass Avocado,Globe Eggplant,2849,0.00085,0.013,0.159,2.41
Bag of Organic Bananas,Sweet Potatoes,1046,0.00031,0.003,0.121,1.02
Yellow Bell Pepper,Organic Blueberries,1166,0.00035,0.044,0.011,1.4
Organic Lemon,Sparkling Natural Mineral Water,2303,0.00069,0.025,0.051,1.89
Organic Free Range Low Sodium Chicken Broth,Organic Yellow Onion,1034,0.00031,0.135,0.009,3.85
Limes,Guacamole,1863,0.00056,0.013,0.1,2.28
Green Beans,Organic Italian Parsley Bunch,1113,0.00033,0.037,0.018,1.95
Organic Tomato Cluster,Organic Extra Firm Tofu,1154,0.00034,0.017,0.038,1.91
Organic Garbanzo Beans,Organic Garnet Sweet Potato (Yam),1709,0.00051,0.055,0.031,3.36
Organic Whole Milk,Sparkling Water Grapefruit,4558,0.00136,0.032,0.058,1.35
Organic Whole Strawberries,Organic Cucumber,2348,0.0007,0.072,0.028,2.83
Organic Cilantro,Organic Bunch Beets,1460,0.00044,0.02,0.097,4.44
Strawberries,Organic Basil,1269,0.00038,0.008,0.046,1.02
Sea Salt & Vinegar Potato Chips,Large Lemon,1027,0.00031,0.067,0.006,1.39
Ezekiel 4:9 Bread Organic Sprouted Whole Grain,Organic Zucchini,1154,0.00034,0.062,0.011,1.91
Green Onions,Organic Grape Tomatoes,1070,0.00032,0.038,0.012,1.45
Large Lemon,Spinach,1655,0.00049,0.01,0.093,1.95
Seedless Red Grapes,Banana,25756,0.0077,0.297,0.052,2.02
Organic Whole Milk,Organic Raspberries,10765,0.00322,0.075,0.075,1.77
Organic Gala Apples,Organic Zucchini,5328,0.00159,0.07,0.049,2.15
Organic Gala Apples,Organic Green Seedless Grapes,1598,0.00048,0.021,0.072,3.16
Organic Lemon,Lime Sparkling Water,1710,0.00051,0.019,0.035,1.29
Organic Whole Milk,Non Fat Raspberry Yogurt,1115,0.00033,0.008,0.066,1.54
Boneless Skinless Chicken Breasts,Organic Cilantro,2361,0.00071,0.045,0.032,2.07
Organic Baby Spinach,Cheddar Bunnies Snack Crackers,1400,0.00042,0.006,0.128,1.7
"Organic Red Radish, Bunch",Banana,5035,0.0015,0.178,0.01,1.21
Extra Fancy Unsalted Mixed Nuts,0% Greek Strained Yogurt,1261,0.00038,0.126,0.092,30.82
Organic Baby Arugula,Organic Egg Whites,1001,0.0003,0.013,0.049,2.19
Bunched Cilantro,Vine Ripe Tomatoes,1205,0.00036,0.025,0.075,5.29
Organic Tomato Cluster,Organic Half & Half,2001,0.0006,0.03,0.025,1.27
Organic Tomato Cluster,Organic Garbanzo Beans,1502,0.00045,0.022,0.048,2.41
Organic Cilantro,Organic Ginger Root,6580,0.00197,0.09,0.122,5.57
Flaky Biscuits,Banana,1458,0.00044,0.202,0.003,1.38
Hass Avocados,Strawberries,6179,0.00185,0.118,0.041,2.64
Granny Smith Apples,Bartlett Pears,1587,0.00047,0.042,0.043,3.86
Spaghetti,Organic Avocado,1849,0.00055,0.112,0.01,2.04
Boneless Skinless Chicken Thighs,Large Lemon,1070,0.00032,0.097,0.007,2.03
Banana,Shredded Mozzarella,5628,0.00168,0.011,0.245,1.67
Organic Yellow Peaches,Organic Hass Avocado,4306,0.00129,0.196,0.019,2.97
Banana,Organic Macaroni Shells & Real Aged Cheddar,2465,0.00074,0.005,0.218,1.48
Jalapeno Peppers,Organic Grape Tomatoes,2449,0.00073,0.055,0.028,2.09
Organic Strawberries,Red Grapefruit,1119,0.00033,0.004,0.188,2.29
Broccoli Crown,Extra Virgin Olive Oil,1172,0.00035,0.026,0.022,1.67
Organic Red Bell Pepper,Organic Zucchini,6727,0.00201,0.112,0.061,3.44
Berry Medley,Pineapple Chunks,1372,0.00041,0.092,0.053,11.84
Organic Broccoli Crowns,Organic Lemon,1670,0.0005,0.087,0.018,3.2
Organic Strawberries,Ice Cream Sandwiches Vanilla,1231,0.00037,0.004,0.185,2.25
Fresh Cauliflower,Fresh Ginger Root,1559,0.00047,0.021,0.061,2.77
Bag of Organic Bananas,Apples,3193,0.00095,0.008,0.248,2.1
Organic Extra Large Grade AA Brown Eggs,Organic Hass Avocado,2302,0.00069,0.163,0.01,2.46
Organic Lemon,Organic Raw Kombucha Gingerade,1239,0.00037,0.014,0.057,2.11
Organic Strawberries,Organic Large Grade AA Omega-3 Eggs,1778,0.00053,0.006,0.194,2.35
Organic Baby Spinach,Cane Sugar,1138,0.00034,0.005,0.129,1.71
Organic Sticks Low Moisture Part Skim Mozzarella String Cheese,Cucumber Kirby,1704,0.00051,0.048,0.017,1.61
Organic Grape Tomatoes,Organic Bosc Pear,1475,0.00044,0.017,0.067,2.53
Limes,Organic Baby Kale Mix,1135,0.00034,0.008,0.102,2.32
Organic & Raw Strawberry Serenity Kombucha,Synergy Organic Kombucha Gingerberry,1141,0.00034,0.157,0.123,56.61
Fat Free Blueberry Yogurt,Total 2% with Strawberry Lowfat Greek Strained Yogurt,1416,0.00042,0.191,0.046,20.71
Organic Whole Grain Wheat English Muffins,Organic Raspberries,1687,0.0005,0.12,0.012,2.81
Green Bell Pepper,Organic Small Bunch Celery,3853,0.00115,0.066,0.054,3.14
Organic Garlic,Brussels Sprouts,1096,0.00033,0.01,0.047,1.37
Banana,Organic Red Cabbage,2458,0.00073,0.005,0.157,1.07
Bag of Organic Bananas,Organic Seasoned Yukon Select Potatoes Hashed Browns,1271,0.00038,0.003,0.227,1.93
Organic Fuji Apple,Organic Unsweetened Almond Milk,1859,0.00056,0.02,0.031,1.11
Organic Unsweetened Almond Milk,Organic Ginger Root,2324,0.00069,0.039,0.043,2.39
Michigan Organic Kale,Honeycrisp Apple,3447,0.00103,0.049,0.041,1.98
Russet Potato,Red Onion,1206,0.00036,0.039,0.027,2.95
Whole Almonds,Organic Strawberries,1680,0.0005,0.13,0.006,1.58
Organic Multigrain Waffles,Organic Hass Avocado,1581,0.00047,0.142,0.007,2.15
Organic Red Onion,Organic Carrot Bunch,2435,0.00073,0.034,0.065,3.06
Frozen Organic Wild Blueberries,Organic Raspberries,5755,0.00172,0.186,0.04,4.36
Organic Fuji Apple,Asparation/Broccolini/Baby Broccoli,1177,0.00035,0.013,0.069,2.47
Organic Roasted Turkey Breast,Organic Zucchini,1861,0.00056,0.063,0.017,1.93
Shells & Real Aged Cheddar Macaroni & Cheese,Macaroni Shells & White Cheddar Cheese,1049,0.00031,0.134,0.121,51.82
Penne Rigate,Organic Avocado,1084,0.00032,0.114,0.006,2.07
Garlic,Large Lemon,5958,0.00178,0.155,0.037,3.22
Organic Celery Hearts,Asparagus,1172,0.00035,0.047,0.016,2.21
Organic Cannellini Beans,Organic Zucchini,1009,0.0003,0.124,0.009,3.78
Stage 1 Apples Sweet Potatoes Pumpkin & Blueberries Organic Pureed Baby Food,Organic Strawberries,1273,0.00038,0.222,0.005,2.7
Organic Strawberries,Pita Chips Simply Naked,1559,0.00047,0.006,0.133,1.62
Strawberries,Organic Romaine Lettuce,1598,0.00048,0.011,0.044,0.99
Sparkling Lemon Water,Organic Gala Apples,1056,0.00032,0.031,0.014,1.37
Banana,"Organic Pears, Peas and Broccoli Puree Stage 1",1368,0.00041,0.003,0.266,1.81
Ezekiel 4:9 Bread Organic Sprouted Whole Grain,Organic Unsweetened Almond Milk,1115,0.00033,0.06,0.019,3.36
Organic Celery Hearts,Organic Granny Smith Apple,1367,0.00041,0.055,0.022,3.01
Organic Extra Large Brown Eggs,Organic Avocado,1288,0.00038,0.13,0.007,2.36
Shredded Parmesan,Organic Basil,1016,0.0003,0.027,0.036,3.23
Fresh Ginger Root,Large Lemon,4285,0.00128,0.169,0.027,3.51
"Organic Milk Reduced Fat, 2% Milkfat",Bag of Organic Bananas,3260,0.00097,0.248,0.008,2.11
Chocolate Ice Cream,Strawberry Ice Cream,1294,0.00039,0.093,0.202,48.58
Organic Red Onion,Organic Large Grade AA Brown Eggs,1149,0.00034,0.016,0.043,2.04
Organic Strawberries,Total 2% Lowfat Greek Strained Yogurt with Peach,3145,0.00094,0.011,0.153,1.86
Yellow Onions,Organic Small Bunch Celery,4001,0.0012,0.052,0.057,2.46
Organic Carrot Bunch,Organic Baby Arugula,1633,0.00049,0.043,0.022,1.92
Raisin Bran Cereal,Banana,4135,0.00124,0.258,0.008,1.76
Organic Broccoli Florets,Large Lemon,2204,0.00066,0.064,0.014,1.34
Apple Honeycrisp Organic,Organic Ginger Root,2781,0.00083,0.032,0.051,1.97
Organic Heavy Whipping Cream,Banana,3443,0.00103,0.135,0.007,0.92
Orange Bell Pepper,Organic Grape Tomatoes,2611,0.00078,0.064,0.03,2.42
Organic Strawberries,Distilled Water,1388,0.00041,0.005,0.083,1.01
Green Bell Pepper,Fresh Cauliflower,3466,0.00104,0.06,0.047,2.69
Unrefined Virgin Coconut Oil,Organic Hass Avocado,1496,0.00045,0.152,0.007,2.3
Mango Chunks,Organic Zucchini,1138,0.00034,0.062,0.01,1.89
Organic Baby Spinach,Brussels Sprouts,3228,0.00096,0.013,0.138,1.83
Original Hummus,Total 2% All Natural Low Fat 2% Milkfat Greek Strained Yogurt,1131,0.00034,0.015,0.075,3.37
Red Peppers,Ground Turkey Breast,1419,0.00042,0.024,0.051,2.95
Garlic Hummus,Bag of Organic Bananas,1383,0.00041,0.162,0.004,1.37
Organic Blackberries,Red Vine Tomato,1677,0.0005,0.026,0.03,1.53
Bag of Organic Bananas,Artichokes,1042,0.00031,0.003,0.152,1.29
"Dressing, Jersey Sweet Onion, Calorie Free",Organic Avocado,1045,0.00031,0.113,0.006,2.06
Organic D'Anjou Pears,Organic Bosc Pear,1695,0.00051,0.033,0.077,5.04
Organic Strawberries,Organic Red Chard Greens,1705,0.00051,0.006,0.15,1.82
Medium Cheddar Cheese Block,Limes,1123,0.00034,0.101,0.008,2.31
Apple Honeycrisp Organic,Organic Bosc Pear,2335,0.0007,0.027,0.105,4.04
Lime Sparkling Water,Organic Unsweetened Almond Milk,1153,0.00034,0.024,0.019,1.32
Organic Grade A Free Range Large Brown Eggs,Banana,8417,0.00252,0.201,0.017,1.37
Gogo Squeez Organic Apple Strawberry Applesauce on the Go,Bag of Organic Bananas,1189,0.00036,0.209,0.003,1.77
YoKids Squeeze! Organic Strawberry Flavor Yogurt,Organic Strawberries,1929,0.00058,0.276,0.007,3.35
Banana,Organic Ezekiel 4:9 Sesame Bread,1143,0.00034,0.002,0.204,1.39
Michigan Organic Kale,Roma Tomato,1216,0.00036,0.017,0.029,1.38
Lowfat Vanilla Yogurt,"Yogurt, Lowfat, Strawberry",1414,0.00042,0.164,0.171,66.48
Seedless Red Grapes,Organic Blueberries,4286,0.00128,0.049,0.041,1.57
Original Hummus,Sparkling Water Grapefruit,4161,0.00124,0.056,0.053,2.37
Organic Low Sodium Chicken Broth,Organic Hass Avocado,2026,0.00061,0.111,0.009,1.68
Organic Red Bell Pepper,Banana,10895,0.00326,0.182,0.022,1.24
Organic Strawberries,Organic Hothouse Cucumbers,5283,0.00158,0.019,0.213,2.58
Organic Strawberries,Organic Baby Bella Mushrooms,1166,0.00035,0.004,0.156,1.9
Organic Bartlett Pear,Sparkling Water Grapefruit,1306,0.00039,0.034,0.016,1.43
Bag of Organic Bananas,Ground Turkey Breast,4566,0.00136,0.012,0.165,1.4
Organic Leek,Organic Garnet Sweet Potato (Yam),1270,0.00038,0.062,0.023,3.82
Organic Strawberries,Organic Yellow Squash,2056,0.00061,0.007,0.177,2.15
Black Plum,Bag of Organic Bananas,1371,0.00041,0.142,0.003,1.2
Organic Garlic,Sparkling Water Grapefruit,3767,0.00113,0.033,0.048,1.4
Jalapeno Peppers,Organic Black Beans,1739,0.00052,0.039,0.044,3.31
Organic Reduced Fat Milk,Organic Tomato Cluster,1342,0.0004,0.036,0.02,1.82
Organic Honey Sweet Whole Wheat Bread,Banana,2018,0.0006,0.167,0.004,1.14
Organic AppleApple,Organic Baby Carrots,1220,0.00036,0.073,0.015,3.02
Red Peppers,Organic Coconut Milk,1401,0.00042,0.024,0.05,2.85
Italian Sparkling Mineral Water,Cucumber Kirby,1532,0.00046,0.048,0.015,1.6
Small Hass Avocado,Organic Baby Spinach,6709,0.00201,0.129,0.027,1.71
Reduced Fat Milk,Organic Baby Spinach,1053,0.00031,0.106,0.004,1.41
Limes,Organic Grade A Large Brown Eggs,1181,0.00035,0.008,0.071,1.63
Original Hummus,Organic Cilantro,2464,0.00074,0.033,0.034,1.52
Broccoli Crown,Bunched Cilantro,1880,0.00056,0.042,0.04,2.95
Organic Lacinato (Dinosaur) Kale,Organic Baby Carrots,1625,0.00049,0.036,0.02,1.51
Organic Spring Mix,Organic Tomato Cluster,1245,0.00037,0.038,0.019,1.88
Banana,Classic Soda,1081,0.00032,0.002,0.182,1.24
Organic Raspberries,Organic Stringles Mozzarella String Cheese,1042,0.00031,0.007,0.126,2.95
Yellow Onions,Organic Green Cabbage,1281,0.00038,0.017,0.058,2.52
Seedless Red Grapes,Organic Fat Free Milk,1348,0.0004,0.016,0.049,1.9
Baby Spinach,Bag of Organic Bananas,4544,0.00136,0.187,0.012,1.59
Organic Shredded Mozzarella,Organic Hass Avocado,3116,0.00093,0.164,0.014,2.48
Cinnamon Rolls with Icing,Bag of Organic Bananas,2278,0.00068,0.181,0.006,1.54
Organic Grade A Free Range Large Brown Eggs,Organic Whole String Cheese,1668,0.0005,0.04,0.027,2.16
Sharp Cheddar Cheese,Boneless Skinless Chicken Breasts,1190,0.00036,0.038,0.023,2.42
Naturals Chicken Nuggets,Organic Avocado,1123,0.00034,0.103,0.006,1.87
Organic Reduced Fat 2% Milk,Uncured Genoa Salami,1583,0.00047,0.032,0.037,2.48
Soft Pretzel Burger Buns,Organic Strawberries,1067,0.00032,0.158,0.004,1.92
Yellow Bell Pepper,Green Bell Pepper,3110,0.00093,0.117,0.054,6.74
Organic Romaine Lettuce,Large Lemon,3304,0.00099,0.092,0.021,1.91
Apple Cinnamon GoGo Squeez,Organic Raspberries,1011,0.0003,0.111,0.007,2.6
Total 2% Lowfat Greek Strained Yogurt With Blueberry,Organic Half & Half,1248,0.00037,0.058,0.016,2.47
Organic Thompson Seedless Raisins,Organic Strawberries,2694,0.00081,0.208,0.01,2.53
Feta Cheese Crumbles,Organic Half & Half,1152,0.00034,0.034,0.015,1.44
Organic Bread with 21 Whole Grains,Organic Large Extra Fancy Fuji Apple,1252,0.00037,0.052,0.016,2.24
Organic Broccoli,Organic Cilantro,2363,0.00071,0.059,0.032,2.68
Synergy Organic & Raw Cosmic Cranberry,Trilogy Kombucha Drink,1381,0.00041,0.219,0.079,42.06
Limes,Organic Spring Mix Salad,1915,0.00057,0.013,0.086,1.97
Bag of Organic Bananas,Organic Shredded Carrots,3838,0.00115,0.01,0.182,1.55
Organic Chicken & Apple Sausage,Organic Hass Avocado,2597,0.00078,0.193,0.012,2.92
Organic Red Onion,Shredded Mild Cheddar Cheese,1147,0.00034,0.016,0.041,1.95
Banana,Mild Salsa Roja,1012,0.0003,0.002,0.193,1.32
Electrolyte Enhanced Water,Organic Raspberries,1217,0.00036,0.056,0.009,1.32
Total 2% Lowfat Greek Strained Yogurt with Peach,Organic Avocado,1887,0.00056,0.092,0.01,1.67
Hass Avocados,Reduced Fat 2% Milk,1422,0.00042,0.027,0.079,5.01
Organic Red Potato,Banana,1667,0.0005,0.17,0.003,1.16
Organic Carrot Bunch,Red Peppers,1513,0.00045,0.04,0.026,2.32
Organic Coconut Milk,Large Lemon,2959,0.00088,0.105,0.018,2.18
Banana,Fresh Cut Golden Sweet Whole Kernel Corn,1614,0.00048,0.003,0.255,1.74
Organic Baby Arugula,Organic Coconut Milk,1422,0.00042,0.019,0.05,2.22
Bag of Organic Bananas,Cultured Low Fat Buttermilk,1002,0.0003,0.003,0.175,1.48
Orange Bell Pepper,No Salt Added Black Beans,1080,0.00032,0.026,0.037,3.02
Organic Strawberries,Organic Baby Broccoli,5425,0.00162,0.02,0.164,1.99
Shredded Mild Cheddar Cheese,Honeycrisp Apple,1409,0.00042,0.051,0.017,2.03
Organic Baby Spinach,Icelandic Style Skyr Blueberry Non-fat Yogurt,2027,0.00061,0.008,0.102,1.35
100% Raw Coconut Water,Banana,4772,0.00143,0.122,0.01,0.83
Organic Red Onion,Organic Leek,1640,0.00049,0.023,0.08,3.79
Banana,Half & Half,16013,0.00479,0.033,0.224,1.52
Sparkling Water Berry,Large Lemon,1056,0.00032,0.058,0.007,1.21
Frozen Organic Wild Blueberries,Organic Unsweetened Almond Milk,2577,0.00077,0.083,0.043,4.63
Shredded Mozzarella,Organic Avocado,3023,0.0009,0.132,0.016,2.39
Asparation/Broccolini/Baby Broccoli,Organic Zucchini,1104,0.00033,0.064,0.01,1.97
European Cucumber,Bag of Organic Bananas,2326,0.0007,0.122,0.006,1.04
Banana,Unsalted Butter,8516,0.00255,0.017,0.23,1.56
Organic Lemon,Organic Blueberries,5146,0.00154,0.056,0.049,1.8
Sourdough Bread,Organic Whole Milk,1727,0.00052,0.101,0.012,2.37
Cinnamon Rolls with Icing,Organic Hass Avocado,1352,0.0004,0.108,0.006,1.63
Organic Whole String Cheese,Organic Large Grade AA Brown Eggs,1247,0.00037,0.02,0.047,2.55
Feta Cheese Crumbles,Organic Garnet Sweet Potato (Yam),1407,0.00042,0.042,0.026,2.56
Hass Avocados,Asparagus,1023,0.00031,0.019,0.014,0.92
Kiwi,Organic Baby Spinach,1042,0.00031,0.092,0.004,1.23
Bag of Organic Bananas,Organic Mountain Forest Amber Honey,1614,0.00048,0.004,0.212,1.79
All Natural Virgin Lemonade,Banana,1322,0.0004,0.228,0.003,1.55
Organic Red Onion,Garlic,3266,0.00098,0.046,0.085,4.01
Almonds & Sea Salt in Dark Chocolate,Organic Hass Avocado,1956,0.00058,0.146,0.009,2.22
Organic Raspberries,Chicken & Maple Breakfast Sausage,1626,0.00049,0.011,0.085,1.99
Basil Pesto,Organic Hass Avocado,1993,0.0006,0.122,0.009,1.85
Banana,Strawberry Ice Cream,1028,0.00031,0.002,0.16,1.09
Apple Honeycrisp Organic,Organic Extra Firm Tofu,1314,0.00039,0.015,0.043,1.66
Yellow Onions,Organic Broccoli,1348,0.0004,0.018,0.033,1.45
Half & Half,Organic Baby Broccoli,1001,0.0003,0.014,0.03,1.41
Cantaloupe,Asparagus,1131,0.00034,0.045,0.016,2.12
Sonoma Traditional Flour Tortillas 10 Count,Organic Hass Avocado,1447,0.00043,0.177,0.007,2.69
Organic Red Bell Pepper,Organic Gala Apples,3493,0.00104,0.058,0.046,2.58
Limes,Raspberries,2540,0.00076,0.017,0.042,0.95
Yellow Onions,Fresh Cauliflower,4200,0.00126,0.055,0.057,2.46
Frozen Organic Wild Blueberries,Cucumber Kirby,1142,0.00034,0.037,0.011,1.24
Organic Yellow Onion,Organic Dill,2057,0.00061,0.017,0.124,3.53
Organic Grade A Free Range Large Brown Eggs,Organic Italian Parsley Bunch,1470,0.00044,0.035,0.023,1.87
Shredded Parmesan,Organic Baby Spinach,6748,0.00202,0.179,0.027,2.38
Organic Cilantro,Organic Small Bunch Celery,5290,0.00158,0.072,0.075,3.43
Limes,Shredded Mild Cheddar Cheese,2240,0.00067,0.015,0.081,1.84
Sparkling Lemon Water,Organic Half & Half,1665,0.0005,0.049,0.021,2.06
Organic Broccoli,Organic Avocado,4892,0.00146,0.121,0.027,2.2
Strawberries,Sparkling Water Grapefruit,3294,0.00098,0.022,0.042,0.93
Strawberry Rhubarb Yogurt,Mixed Berries Whole Milk Icelandic Style Skyr Yogurt,2367,0.00071,0.346,0.315,154.31
Organic Blueberries,Organic Garbanzo Beans,1502,0.00045,0.014,0.048,1.53
Organic Strawberries,Organic Baby Kale Mix,2007,0.0006,0.007,0.18,2.18
Collard Greens,Michigan Organic Kale,1108,0.00033,0.102,0.016,4.89
Organic Low Sodium Vegetable Broth,Organic Baby Spinach,2408,0.00072,0.223,0.01,2.97
Organic Navel Orange,Red Vine Tomato,1284,0.00038,0.029,0.023,1.7
Banana,Organic Strawberry Fruit Spread,2687,0.0008,0.005,0.23,1.56
Honey Greek Yogurt,Banana,2231,0.00067,0.254,0.005,1.73
Organic Red Onion,Total Greek Strained Yogurt,1292,0.00039,0.018,0.047,2.23
Organic Blackberries,Unsweetened Original Almond Breeze Almond Milk,1063,0.00032,0.016,0.029,1.53
Vanilla Almond Breeze Almond Milk,Honeycrisp Apple,1469,0.00044,0.046,0.018,1.83
"Organic Butterhead (Boston, Butter, Bibb) Lettuce",Organic Yellow Onion,1230,0.00037,0.098,0.01,2.78
Limes,Organic Creamy Peanut Butter,1226,0.00037,0.008,0.065,1.49
Large Alfresco Eggs,Pure Irish Butter,1525,0.00046,0.036,0.043,3.41
Banana,Fresh Mozzarella Ball,2212,0.00066,0.005,0.21,1.43
Organic Lacinato (Dinosaur) Kale,Bunched Cilantro,1165,0.00035,0.026,0.025,1.83
100% Raw Coconut Water,Organic Grape Tomatoes,1447,0.00043,0.037,0.016,1.4
Organic Plain Greek Whole Milk Yogurt,Organic Avocado,1014,0.0003,0.084,0.006,1.53
Half And Half,Banana,1060,0.00032,0.2,0.002,1.36
Banana,Original No Pulp 100% Florida Orange Juice,5386,0.00161,0.011,0.267,1.82
Organic Garlic,Organic Tomato Cluster,6359,0.0019,0.056,0.095,2.79
Russet Potato,Roma Tomato,1453,0.00043,0.047,0.034,3.75
Organic Yellow Onion,Fresh Cauliflower,8194,0.00245,0.07,0.11,3.14
Organic Carrot Bunch,Organic Baby Spinach,5254,0.00157,0.14,0.021,1.86
Organic Hothouse Cucumbers,Organic Baby Carrots,1799,0.00054,0.072,0.022,3.01
Carrots,Organic Whole Milk,5478,0.00164,0.073,0.038,1.71
Jalapeno Peppers,Organic Whole Milk,2148,0.00064,0.048,0.015,1.13
Spring Water,Organic Zucchini,2492,0.00074,0.043,0.023,1.31
Organic Granny Smith Apple,Organic Peeled Whole Baby Carrots,2131,0.00064,0.035,0.037,2.02
Bag of Organic Bananas,Organic Fuji Apple,12062,0.0036,0.031,0.13,1.1
Red Peppers,Organic Bell Pepper,1873,0.00056,0.032,0.077,4.43
Organic Whole Milk,Total 2% with Strawberry Lowfat Greek Strained Yogurt,2436,0.00073,0.017,0.079,1.85
Carrots,Asparagus,3444,0.00103,0.046,0.048,2.15
Organic Banana,Organic Zucchini,1451,0.00043,0.069,0.013,2.12
Organic Broccoli,Organic Grade A Free Range Large Brown Eggs,1854,0.00055,0.046,0.044,3.67
"Organic Milk Reduced Fat, 2% Milkfat",Organic Strawberries,2577,0.00077,0.196,0.009,2.39
Non Fat Raspberry Yogurt,Honeycrisp Apple,1174,0.00035,0.069,0.014,2.78
Organic Reduced Fat 2% Milk,Organic Lemon,3192,0.00095,0.065,0.035,2.37
Organic Unsweetened Almond Milk,Organic Kiwi,2142,0.00064,0.036,0.041,2.29
Limes,Romaine Lettuce,1280,0.00038,0.009,0.117,2.68
Seedless Red Grapes,Fresh Cauliflower,3151,0.00094,0.036,0.042,1.64
Bag of Organic Bananas,Organic Ginger Root,11207,0.00335,0.028,0.207,1.76
Green Seedless Grapes,Organic Strawberries,1248,0.00037,0.096,0.005,1.16
Orange Bell Pepper,Large Lemon,5322,0.00159,0.13,0.033,2.7
Italian Extra Virgin Olive Oil,Organic Whole Milk,1071,0.00032,0.083,0.007,1.95
Thick & Crispy Tortilla Chips,Organic Hass Avocado,1081,0.00032,0.138,0.005,2.1
Banana,Organic Whole Cashews,2048,0.00061,0.004,0.154,1.05
Organic Whole Milk,Cream Cheese Spread,1416,0.00042,0.01,0.114,2.68
Organic Yams,Limes,1902,0.00057,0.091,0.013,2.07
Organic Kiwi,Organic Bosc Pear,1779,0.00053,0.034,0.08,5.17
Dark Chocolate Pretzels with Sea Salt,Banana,1874,0.00056,0.222,0.004,1.52
Organic Iceberg Lettuce,Organic Tomato Cluster,1438,0.00043,0.095,0.022,4.78
Limes,Garlic,5717,0.00171,0.039,0.148,3.38
Baby Spinach,Organic Zucchini,1868,0.00056,0.077,0.017,2.35
Organic Grade A Free Range Large Brown Eggs,Organic Gala Apples,2090,0.00062,0.05,0.028,2.21
Organic Zucchini Spirals,Bag of Organic Bananas,1021,0.00031,0.196,0.003,1.66
Organic Red Bell Pepper,Ground Turkey Breast,1251,0.00037,0.021,0.045,2.53
Organic Strawberries,Original Rice Pilaf Mix,1438,0.00043,0.005,0.165,2.0
Organic Frozen Peas,Organic Baby Spinach,3647,0.00109,0.174,0.014,2.31
Organic Whole Kernel Sweet Corn No Salt Added,Banana,2928,0.00088,0.22,0.006,1.5
Bag of Organic Bananas,Lightly Salted Baked Snap Pea Crisps,5031,0.0015,0.013,0.194,1.64
Green Beans,Red Onion,1160,0.00035,0.038,0.026,2.89
Organic Blackberries,Organic Whole Milk,4078,0.00122,0.063,0.029,1.48
Bag of Organic Bananas,Coconut Water,1553,0.00046,0.004,0.168,1.42
Unsweetened Almondmilk,Organic Whole Milk,2265,0.00068,0.044,0.016,1.03
"Organic Milk Reduced Fat, 2% Milkfat",Organic Baby Spinach,1207,0.00036,0.092,0.005,1.22
Whole Milk,Strawberries,2389,0.00071,0.065,0.016,1.45
Banana,Boneless Skinless Chicken Breasts,14983,0.00448,0.03,0.286,1.95
Carrots,Organic Broccoli Florets,1163,0.00035,0.015,0.034,1.51
Organic D'Anjou Pears,Unsweetened Almondmilk,1390,0.00042,0.027,0.027,1.77
Banana,Low Fat 1% Milk,2025,0.00061,0.004,0.223,1.52
Organic Iceberg Lettuce,Organic Avocado,1409,0.00042,0.094,0.008,1.7
Whole Milk,Organic Fuji Apple,1808,0.00054,0.049,0.019,1.76
Berry Medley,Cucumber Kirby,1131,0.00034,0.076,0.011,2.55
Medium Cheddar Cheese Block,Bag of Organic Bananas,1944,0.00058,0.175,0.005,1.48
Boneless Skinless Chicken Breasts,Unsweetened Original Almond Breeze Almond Milk,1093,0.00033,0.021,0.03,1.94
Organic Garlic,Serrano Chile Peppers,1022,0.00031,0.009,0.122,3.59
Strawberries,Organic Granny Smith Apple,3033,0.00091,0.02,0.05,1.11
Organic Kiwi,Organic Extra Firm Tofu,1129,0.00034,0.022,0.037,2.4
Organic Diced Tomatoes,Organic Red Onion,1540,0.00046,0.067,0.022,3.19
Jalapeno Peppers,Poblano Pepper,1362,0.00041,0.031,0.2,15.02
Organic Raspberries,Organic Red Cabbage,1317,0.00039,0.009,0.084,1.98
Bag of Organic Bananas,Iceberg Lettuce,1042,0.00031,0.003,0.078,0.66
Grated Parmesan,Organic Small Bunch Celery,1990,0.00059,0.042,0.028,2.01
Organic Baby Spinach,Organic Plain Whole Milk Yogurt,1721,0.00051,0.007,0.122,1.62
Strawberries,White Corn,1012,0.0003,0.007,0.052,1.17
Seedless Red Grapes,Total 2% Lowfat Greek Strained Yogurt with Peach,1010,0.0003,0.012,0.049,1.9
Organic Red Onion,Organic Spring Mix Salad,1102,0.00033,0.016,0.05,2.35
Organic Peeled Whole Baby Carrots,Asparagus,2531,0.00076,0.044,0.036,2.06
Organic Baby Rainbow Carrots,Organic Small Bunch Celery,1182,0.00035,0.058,0.017,2.72
Organic Red Onion,Organic Ginger Root,4183,0.00125,0.059,0.077,3.65
Bag of Organic Bananas,Organic Carrot Bunch,9791,0.00293,0.025,0.261,2.21
Organic Romaine Lettuce,Organic Tomato Cluster,2749,0.00082,0.076,0.041,3.82
Yobaby Organic Plain Yogurt,Organic Raspberries,1143,0.00034,0.133,0.008,3.12
Green Bell Pepper,Organic Cucumber,4905,0.00147,0.085,0.058,3.33
Carrots,Organic Large Extra Fancy Fuji Apple,3412,0.00102,0.045,0.044,1.94
Macaroni & Cheese,Organic Hass Avocado,1651,0.00049,0.091,0.007,1.38
Broccoli Crown,Organic Black Beans,1068,0.00032,0.024,0.027,2.01
Organic Strawberries,Gluten Free 7 Grain Bread,1420,0.00042,0.005,0.159,1.93
Michigan Organic Kale,Extra Virgin Olive Oil,2220,0.00066,0.032,0.042,2.03
Organic Lemon,Organic Small Bunch Celery,6743,0.00202,0.074,0.095,3.5
Organic Whole Milk,Organic Tomato Cluster,4457,0.00133,0.031,0.067,1.56
Apple Honeycrisp Organic,Organic Leek,1119,0.00033,0.013,0.055,2.1
Banana,Large Yellow Flesh Nectarine,5299,0.00158,0.011,0.34,2.31
Organic Broccoli Crown,Organic Baby Spinach,1233,0.00037,0.198,0.005,2.63
Organic Baby Spinach,Lemonade,1001,0.0003,0.004,0.049,0.65
Half & Half,Fresh Cauliflower,2151,0.00064,0.03,0.029,1.35
Organic Mint,Cucumber Kirby,1396,0.00042,0.068,0.014,2.29
Seedless Red Grapes,XL Emerald White Seedless Grapes,1297,0.00039,0.015,0.079,3.06
"Clementines, Bag",Honeycrisp Apple,2128,0.00064,0.052,0.026,2.07
Jalapeno Peppers,Honeycrisp Apple,2107,0.00063,0.047,0.025,1.9
Bag of Organic Bananas,Fig Newmans Fruit Filled Cookies,1450,0.00043,0.004,0.246,2.08
"Clementines, Bag",Organic Gala Apples,1574,0.00047,0.038,0.021,1.69
Lightly Salted Baked Snap Pea Crisps,Organic Peeled Whole Baby Carrots,1172,0.00035,0.045,0.02,2.61
Organic Celery Hearts,Green Bell Pepper,1440,0.00043,0.058,0.025,3.34
Organic Blueberries,Grape White/Green Seedless,1809,0.00054,0.017,0.045,1.42
Organic Raspberries,"Milk, Organic, Vitamin D",3018,0.0009,0.021,0.145,3.41
Banana,Limes,33103,0.00989,0.067,0.226,1.54
Spring Water,Organic Ginger Root,1405,0.00042,0.024,0.026,1.49
Organic Baby Spinach,Red Plums,1067,0.00032,0.004,0.117,1.56
Bag of Organic Bananas,Organic Chopped Spinach,2759,0.00082,0.007,0.223,1.89
Organic Ginger Root,Organic Garnet Sweet Potato (Yam),2910,0.00087,0.054,0.053,3.3
Organic Whole Milk,Macaroni & Cheese,1360,0.00041,0.01,0.075,1.76
Organic Cilantro,Organic Kiwi,2558,0.00076,0.035,0.049,2.25
Michigan Organic Kale,Organic Avocado,10157,0.00304,0.145,0.055,2.63
Organic D'Anjou Pears,Organic Baby Carrots,3079,0.00092,0.061,0.038,2.52
Bag of Organic Bananas,Organic Garnet Sweet Potato (Yam),13333,0.00398,0.034,0.245,2.07
100% Raw Coconut Water,Organic Avocado,2588,0.00077,0.066,0.014,1.2
Tilapia Filet,Organic Hass Avocado,2087,0.00062,0.137,0.009,2.07
Organic Red Bell Pepper,Sweet Onion,1070,0.00032,0.018,0.052,2.93
Strawberries,Organic Extra Firm Tofu,1506,0.00045,0.01,0.05,1.11
Organic Baby Spinach,Organic Jalapeno Pepper,3634,0.00109,0.014,0.172,2.29
Green Bell Pepper,Organic Granny Smith Apple,2243,0.00067,0.039,0.037,2.12
Bag of Organic Bananas,Organic Apple Slices,1602,0.00048,0.004,0.225,1.9
Organic Large Green Asparagus,Organic Raspberries,2625,0.00078,0.131,0.018,3.08
Organic Grade A Free Range Large Brown Eggs,Organic Yellow Onion,3334,0.001,0.08,0.028,2.27
Organic Carrot Bunch,Organic Tomato Cluster,2122,0.00063,0.056,0.032,2.83
Bag of Organic Bananas,Shallot,1599,0.00048,0.004,0.088,0.75
Pretzel Crisps Original Deli Style Pretzel Crackers,Organic Hass Avocado,1562,0.00047,0.094,0.007,1.43
Organic Iceberg Lettuce,Organic Zucchini,1017,0.0003,0.068,0.009,2.06
Organic Whole String Cheese,Organic Roasted Turkey Breast,2318,0.00069,0.038,0.079,4.26
Organic Large Extra Fancy Fuji Apple,Honeycrisp Apple,1209,0.00036,0.015,0.015,0.62
Butterhead Lettuce,Organic Avocado,1127,0.00034,0.181,0.006,3.29
Orange Bell Pepper,Asparagus,2662,0.0008,0.065,0.037,3.05
Orange Bell Pepper,Organic Small Bunch Celery,1719,0.00051,0.042,0.024,1.98
Banana,Serrano Chile Peppers,1525,0.00046,0.003,0.183,1.24
Organic Unsweetened Vanilla Almond Milk,Organic Avocado,1482,0.00044,0.09,0.008,1.63
Organic Baby Spinach,Panko Bread Crumbs,1073,0.00032,0.004,0.114,1.52
Boneless Skinless Chicken Breasts,Ground Turkey Breast,1994,0.0006,0.038,0.072,4.6
Organic Baby Spinach,Crackers Cheddar Bunnies Snack Packs,1470,0.00044,0.006,0.115,1.53
Yellow Onions,Bag of Organic Bananas,7168,0.00214,0.093,0.018,0.79
Organic Bread with 21 Whole Grains,Large Lemon,1224,0.00037,0.051,0.008,1.06
Salted Butter,Unsalted Butter,1289,0.00039,0.065,0.035,5.82
Small Hass Avocado,Organic Granny Smith Apple,1877,0.00056,0.036,0.031,1.97
100% Whole Wheat Bread,Organic Avocado,4898,0.00146,0.078,0.027,1.41
Organic Roma Tomato,Organic Kiwi,1323,0.0004,0.043,0.025,2.79
Organic Yellow Onion,Sparkling Natural Mineral Water,1744,0.00052,0.015,0.039,1.11
Boneless Skinless Chicken Breasts,Grated Parmesan,2152,0.00064,0.041,0.046,2.93
Organic Whole Milk,Organic Red Cabbage,1022,0.00031,0.007,0.065,1.53
Organic Old Fashioned Rolled Oats,Cucumber Kirby,1077,0.00032,0.052,0.011,1.73
Banana,Classic Hummus,2884,0.00086,0.006,0.224,1.52
Green Tea With Ginseng and Honey,Organic Strawberries,1914,0.00057,0.165,0.007,2.0
Icelandic Style Skyr Blueberry Non-fat Yogurt,Organic Baby Carrots,1022,0.00031,0.051,0.013,2.13
Organic Raspberries,Crackers Cheddar Bunnies Snack Packs,1362,0.00041,0.01,0.107,2.51
Organic Broccoli Florets,Organic Whole Strawberries,1237,0.00037,0.036,0.038,3.7
Apple Honeycrisp Organic,Original Hummus,4420,0.00132,0.051,0.06,2.28
Organic Milk,Organic Raspberries,3587,0.00107,0.124,0.025,2.92
Yellow Onions,Seedless Red Grapes,3328,0.00099,0.043,0.038,1.67
Organic Tomato Cluster,Organic Sour Cream,1472,0.00044,0.022,0.053,2.66
"Organic Red Radish, Bunch",Organic Avocado,3416,0.00102,0.121,0.019,2.19
Strawberries,Organic Bartlett Pear,1826,0.00055,0.012,0.047,1.06
Unsalted Pure Irish Butter,Large Alfresco Eggs,1223,0.00037,0.059,0.029,4.7
Original Hummus,Salted Butter,1013,0.0003,0.014,0.051,2.29
Carrots,Unsalted Butter,1985,0.00059,0.026,0.054,2.38
Organic Baby Spinach,Frozen Broccoli Florets,2959,0.00088,0.012,0.183,2.44
Italian Sparkling Mineral Water,Limes,2506,0.00075,0.078,0.017,1.78
Michigan Organic Kale,Large Grapefruit,1199,0.00036,0.017,0.054,2.57
Yellow Bell Pepper,Organic Italian Parsley Bunch,1107,0.00033,0.042,0.018,2.21
Organic Sticks Low Moisture Part Skim Mozzarella String Cheese,Organic Blackberries,1247,0.00037,0.035,0.019,1.82
Shallot,Organic Italian Parsley Bunch,1513,0.00045,0.083,0.024,4.42
Pure Irish Butter,Organic Grape Tomatoes,1151,0.00034,0.033,0.013,1.24
100% Raw Coconut Water,Organic Kiwi,1392,0.00042,0.035,0.027,2.28
Kiwi Sandia Sparkling Water,Bag of Organic Bananas,1199,0.00036,0.125,0.003,1.06
Pure Coconut Water,Limes,1395,0.00042,0.074,0.01,1.68
Organic Cucumber,Organic Garbanzo Beans,2093,0.00063,0.025,0.067,2.64
Organic Snipped Green Beans,Fresh Cauliflower,1206,0.00036,0.066,0.016,2.99
Extra Virgin Olive Oil,Organic Unsweetened Almond Milk,1256,0.00038,0.024,0.021,1.34
Organic Lemon,Organic Green Seedless Grapes,1365,0.00041,0.015,0.061,2.24
Organic Reduced Fat 2% Milk,Organic Lacinato (Dinosaur) Kale,1122,0.00034,0.023,0.025,1.7
Russet Potato,Organic Blueberries,1085,0.00032,0.035,0.01,1.12
Naturals Chicken Nuggets,Organic Hass Avocado,1384,0.00041,0.127,0.006,1.92
Organic Fuji Apple,Icelandic Style Skyr Blueberry Non-fat Yogurt,1191,0.00036,0.013,0.06,2.15
Organic Vegetable Broth,Carrots,1309,0.00039,0.108,0.017,4.8
Strawberries,Organic Zucchini,5818,0.00174,0.039,0.053,1.19
Organic Yellow Onion,Organic Hass Avocado,20658,0.00617,0.175,0.094,2.66
Banana,Raspberries,10418,0.00311,0.021,0.171,1.16
Organic Yellow Onion,Organic Tomato Cluster,7315,0.00219,0.062,0.109,3.11
Organic Grape Tomatoes,Organic Garbanzo Beans,2280,0.00068,0.026,0.073,2.78
Organic Red Onion,Organic Garlic,10533,0.00315,0.149,0.092,4.37
Yellow Bell Pepper,Organic Hass Avocado,2870,0.00086,0.108,0.013,1.63
Organic Orange Bell Pepper,Organic Red Bell Pepper,2259,0.00068,0.205,0.038,11.47
Russet Potato,Green Beans,1199,0.00036,0.039,0.04,4.32
Frozen Organic Wild Blueberries,Organic Avocado,3106,0.00093,0.1,0.017,1.82
Pineapple,Banana,2177,0.00065,0.286,0.004,1.95
Organic Gala Apples,Sparkling Water Grapefruit,2529,0.00076,0.033,0.032,1.41
Basil Pesto,Organic Baby Spinach,2872,0.00086,0.176,0.011,2.34
Marinara Pasta Sauce,Organic Avocado,1477,0.00044,0.128,0.008,2.32
100% Raw Coconut Water,Organic Large Extra Fancy Fuji Apple,2116,0.00063,0.054,0.027,2.31
Small Hass Avocado,Organic Lemon,2709,0.00081,0.052,0.03,1.91
Sonoma Traditional Flour Tortillas 10 Count,Banana,1583,0.00047,0.194,0.003,1.32
Italian Sparkling Mineral Water,Banana,5681,0.0017,0.177,0.012,1.21
Organic Iceberg Lettuce,Banana,2530,0.00076,0.168,0.005,1.14
Organic Rainbow Carrots,Organic Avocado,1481,0.00044,0.097,0.008,1.76
Organic Cucumber,Organic Cilantro,5730,0.00171,0.067,0.078,3.09
Organic Baby Spinach,Organic Uncured Sliced Black Forest Ham,1727,0.00052,0.007,0.141,1.88
Organic Red Bell Pepper,Organic Romaine,1140,0.00034,0.019,0.046,2.57
Apple Honeycrisp Organic,Limes,6709,0.00201,0.077,0.046,1.75
Gluten Free Whole Grain Bread,Banana,2774,0.00083,0.195,0.006,1.33
93% Ground Beef,Banana,2168,0.00065,0.275,0.004,1.87
Broccoli Crown,Organic Large Extra Fancy Fuji Apple,1180,0.00035,0.026,0.015,1.12
Organic Raspberries,Organic Mexican Blend Finely Shredded Cheese,1937,0.00058,0.014,0.102,2.39
Organic Broccoli,Organic Roasted Turkey Breast,1190,0.00036,0.029,0.04,3.34
Organic Large Extra Fancy Fuji Apple,Bartlett Pears,1105,0.00033,0.014,0.03,1.29
Organic Raspberries,Organic Greek Whole Milk Blended Vanilla Bean Yogurt,1060,0.00032,0.007,0.108,2.53
Hint Of Sea Salt Almond Nut Thins,Large Lemon,1071,0.00032,0.086,0.007,1.79
Organic Italian Parsley Bunch,Organic Garbanzo Beans,2299,0.00069,0.036,0.074,3.91
Carrots,Whipped Cream Cheese,1138,0.00034,0.015,0.035,1.57
Organic Bosc Pear,Organic Hass Avocado,4336,0.0013,0.196,0.02,2.97
Small Hass Avocado,No Salt Added Black Beans,1231,0.00037,0.024,0.042,2.71
Michigan Organic Kale,Fresh Ginger Root,1927,0.00058,0.027,0.076,3.62
Half & Half,Feta Cheese Crumbles,1301,0.00039,0.018,0.038,1.8
Organic Coconut Milk,Cucumber Kirby,1542,0.00046,0.054,0.015,1.83
Cantaloupe,Organic Whole Milk,2160,0.00065,0.086,0.015,2.02
Roma Tomato,Cucumber Kirby,4686,0.0014,0.111,0.047,3.73
Banana,Whipped Cream Cheese,7965,0.00238,0.016,0.247,1.68
Organic Garlic,Uncured Hickory Smoked Sunday Bacon,1337,0.0004,0.012,0.062,1.82
Whole Milk,Yellow Onions,1312,0.00039,0.035,0.017,1.54
Organic Whole Grassmilk Milk,Organic Avocado,1014,0.0003,0.064,0.006,1.16
Organic Italian Parsley Bunch,Unsalted Butter,1935,0.00058,0.031,0.052,2.77
Organic Whole Milk,Organic Baby Carrots,6352,0.0019,0.044,0.079,1.85
Green Bell Pepper,Organic Lacinato (Dinosaur) Kale,1555,0.00046,0.027,0.035,2.0
Yellow Onions,Pure Irish Butter,1070,0.00032,0.014,0.03,1.32
Organic Frozen Peas,Organic Garlic,2042,0.00061,0.097,0.018,2.86
Organic Baby Spinach,Organic Coconut Milk,5587,0.00167,0.022,0.197,2.62
Red Peppers,Organic Cucumber,3827,0.00114,0.066,0.045,2.59
Fridge Pack Cola,Banana,3800,0.00114,0.201,0.008,1.37
Organic Strawberries,Freshly Squeezed Orange Juice,1267,0.00038,0.005,0.196,2.38
100% Whole Wheat Bread,Organic Reduced Fat 2% Milk,1778,0.00053,0.028,0.036,1.91
Organic Strawberries,I Heart Baby Kale,1806,0.00054,0.007,0.141,1.71
Broccoli Crown,Organic Garnet Sweet Potato (Yam),2224,0.00066,0.049,0.041,3.04
Bag of Organic Bananas,Organic Orange Fruit Juice,1398,0.00042,0.004,0.248,2.1
Banana,Frozen Organic Strawberries,1247,0.00037,0.003,0.2,1.36
Half & Half,Organic Reduced Fat Milk,1473,0.00044,0.021,0.04,1.87
"Crispy Wheat, Crackers",Organic Hass Avocado,1151,0.00034,0.149,0.005,2.25
Lime Sparkling Water,Honeycrisp Apple,2475,0.00074,0.051,0.03,2.05
Natural Spring Water,Organic Hass Avocado,1421,0.00042,0.069,0.006,1.05
Organic Garlic,Organic Lite Coconut Milk,1044,0.00031,0.009,0.126,3.69
Seedless Red Grapes,Asparagus,3531,0.00106,0.041,0.05,1.91
Organic Baby Spinach,Organic Lite Coconut Milk,1713,0.00051,0.007,0.206,2.74
Yellow Onions,Organic Reduced Fat 2% Milk,1297,0.00039,0.017,0.026,1.14
Sparkling Lemon Water,Organic Yellow Onion,1309,0.00039,0.038,0.011,1.09
Blueberry Muffin Bar,Apple Pie Fruit & Nut Food Bar,1882,0.00056,0.317,0.244,137.11
Shallot,Organic Whole Milk,1276,0.00038,0.07,0.009,1.64
Organic Raspberries,Shredded Mild Cheddar Cheese,2001,0.0006,0.014,0.072,1.69
Organic Yellow Onion,Organic Shredded Carrots,1742,0.00052,0.015,0.083,2.35
Limes,Creamy Almond Butter,1369,0.00041,0.009,0.061,1.4
Banana,Organic Raw Kombucha Gingerade,3395,0.00101,0.007,0.157,1.07
Organic Whole Kernel Sweet Corn No Salt Added,Organic Zucchini,1298,0.00039,0.097,0.012,2.98
Lowfat Small Curd Cottage Cheese,Banana,1754,0.00052,0.223,0.004,1.52
Apple Honeycrisp Organic,Organic Butternut Squash,1137,0.00034,0.013,0.055,2.12
Organic Large Brown Grade AA Cage Free Eggs,Organic Ginger Root,1086,0.00032,0.033,0.02,2.02
Lightly Salted Baked Snap Pea Crisps,Organic Baby Spinach,2933,0.00088,0.113,0.012,1.5
Organic Baby Spinach,Organic Gala Apples,11145,0.00333,0.044,0.147,1.96
Organic Whole Milk,Organic Zucchini,7703,0.0023,0.054,0.07,1.65
Organic White Onions,Large Lemon,2412,0.00072,0.098,0.015,2.05
Bartlett Pears,Grape White/Green Seedless,1351,0.0004,0.037,0.033,3.05
Yellow Onions,Red Peppers,4412,0.00132,0.057,0.076,3.3
Carrots,Organic Grade A Free Range Large Brown Eggs,1861,0.00056,0.025,0.045,1.98
Organic Sour Cream,Organic Zucchini,1909,0.00057,0.069,0.017,2.1
Carrots,"Clementines, Bag",1068,0.00032,0.014,0.026,1.15
Organic Baby Spinach,Organic Banana,2760,0.00082,0.011,0.132,1.75
Limes,Honey Nut Cheerios,1456,0.00044,0.01,0.052,1.19
Banana,Classic Almond Butter,1352,0.0004,0.003,0.202,1.37
Red Peppers,Bartlett Pears,1203,0.00036,0.021,0.033,1.89
Lowfat Vanilla Yogurt,Organic Strawberries,1567,0.00047,0.182,0.006,2.21
"YoKids Squeezers Organic Low-Fat Yogurt, Strawberry",Cucumber Kirby,1162,0.00035,0.057,0.012,1.92
Limes,Sweet Onion,1555,0.00046,0.011,0.076,1.74
Organic Baby Spinach,Cherubs Heavenly Salad Tomatoes,1760,0.00053,0.007,0.078,1.04
Organic Spaghetti Squash,Organic Avocado,1900,0.00057,0.136,0.01,2.46
Cinnamon Raisin Bread,Banana,1720,0.00051,0.259,0.004,1.77
Organic 85% Cacao Dark Chocolate Bar,Bag of Organic Bananas,1074,0.00032,0.189,0.003,1.6
Boneless Skinless Chicken Breasts,Organic Blackberries,1457,0.00044,0.028,0.023,1.44
Lemon Hummus,Organic Raspberries,1691,0.00051,0.099,0.012,2.33
"Yogurt, Strained Low-Fat, Coconut",Organic Hass Avocado,1615,0.00048,0.129,0.007,1.95
Organic Basil,Cucumber Kirby,1527,0.00046,0.055,0.015,1.84
Strawberries,Organic Italian Parsley Bunch,2469,0.00074,0.017,0.039,0.88
Organic Lemon,Organic Baby Kale,1143,0.00034,0.013,0.06,2.21
Organic Spaghetti Squash,Organic Garnet Sweet Potato (Yam),1085,0.00032,0.077,0.02,4.75
Bag of Organic Bananas,Organic Whole Strawberries,8795,0.00263,0.022,0.269,2.28
Organic Yellow Onion,Organic Red On the Vine Tomato,1046,0.00031,0.009,0.088,2.51
Banana,Organic Tomato Cluster,11691,0.00349,0.024,0.175,1.19
English Seedless Cucumber,Banana,3196,0.00096,0.231,0.007,1.58
Boneless Skinless Chicken Breast,Large Lemon,1788,0.00053,0.076,0.011,1.58
Yellow Bell Pepper,Organic Strawberries,3661,0.00109,0.138,0.013,1.67
Strawberries,Organic Broccoli Florets,1588,0.00047,0.011,0.046,1.04
Organic Cucumber,Organic Baby Rainbow Carrots,1453,0.00043,0.017,0.071,2.78
Organic Mini Homestyle Waffles,Bag of Organic Bananas,1223,0.00037,0.239,0.003,2.03
Broccoli Crown,Sharp Cheddar Cheese,1026,0.00031,0.023,0.033,2.43
Organic Baby Arugula,Original Hummus,3609,0.00108,0.048,0.049,2.15
Red Peppers,Banana,15823,0.00473,0.272,0.032,1.85
Yellow Onions,Tomato Paste,1201,0.00036,0.016,0.102,4.43
Original Hummus,Organic Zucchini,4494,0.00134,0.061,0.041,1.85
Organic Chicken Broth,Carrots,1140,0.00034,0.097,0.015,4.32
Organic Grade A Free Range Large Brown Eggs,Organic Whole Milk,4169,0.00125,0.1,0.029,2.34
Shallot,Banana,4124,0.00123,0.227,0.008,1.55
Organic Navel Orange,Organic Baby Arugula,1711,0.00051,0.038,0.023,1.69
Bunched Cilantro,Organic Garnet Sweet Potato (Yam),1280,0.00038,0.027,0.023,1.66
Bag of Organic Bananas,Organic Whole Wheat Bread,3110,0.00093,0.008,0.269,2.28
Banana,Collard Greens,1551,0.00046,0.003,0.143,0.98
Whole Milk,Seedless Red Grapes,1275,0.00038,0.034,0.015,1.33
Organic Baby Kale,Organic Zucchini,1418,0.00042,0.075,0.013,2.29
Organic Broccoli,Honeycrisp Apple,1795,0.00054,0.044,0.022,1.79
Garlic,Red Vine Tomato,2247,0.00067,0.058,0.04,3.44
Organic Romaine,Organic Granny Smith Apple,1013,0.0003,0.041,0.017,2.24
Ground Turkey Breast,Organic Zucchini,2931,0.00088,0.106,0.027,3.24
Strawberries,Uncured Genoa Salami,2631,0.00079,0.018,0.061,1.36
Carrots,Organic Jalapeno Pepper,1712,0.00051,0.023,0.081,3.61
Rainbow Bell Peppers,Seedless Cucumbers,2181,0.00065,0.182,0.153,42.68
Yukon Gold Potatoes 5lb Bag,Large Lemon,1108,0.00033,0.139,0.007,2.89
Organic Cucumber,Red Onion,1246,0.00037,0.015,0.028,1.1
Bag of Organic Bananas,Total 2% with Strawberry Lowfat Greek Strained Yogurt,5087,0.00152,0.013,0.165,1.4
Organic Whole Strawberries,Cucumber Kirby,1411,0.00042,0.043,0.014,1.45
Whole Milk Ricotta Cheese,Organic Shredded Mozzarella,1181,0.00035,0.11,0.062,19.25
Organic Extra Firm Tofu,Asparagus,1402,0.00042,0.046,0.02,2.18
Organic Baby Spinach,Organic AppleApple,2329,0.0007,0.009,0.139,1.85
Mango Chunks,Organic Hass Avocado,2087,0.00062,0.113,0.009,1.71
Cauliflower,Large Lemon,1020,0.0003,0.152,0.006,3.17
Total Greek Strained Yogurt,Organic Baby Carrots,1077,0.00032,0.039,0.013,1.63
Banana,Mild Italian Chicken Sausage,1365,0.00041,0.003,0.227,1.54
100% Whole Wheat Bread,Organic Carrot Bunch,1064,0.00032,0.017,0.028,1.5
Organic Grape Tomatoes,Organic Avocado,12905,0.00386,0.147,0.07,2.66
Organic Yellow Onion,Large Lemon,11584,0.00346,0.098,0.072,2.05
Organic Yellow Onion,Organic Ginger Root,7059,0.00211,0.06,0.13,3.71
Organic Mint,Banana,3121,0.00093,0.152,0.006,1.04
Strawberries,Classic Hummus,1074,0.00032,0.007,0.083,1.87
Limes,Organic Avocado,23047,0.00689,0.157,0.125,2.85
Organic Unbleached All-Purpose Flour,Organic Hass Avocado,1161,0.00035,0.121,0.005,1.84
Organic Gala Apples,Organic Peeled Whole Baby Carrots,2852,0.00085,0.038,0.049,2.18
Organic Spinach Bunch,Organic Cucumber,1149,0.00034,0.093,0.014,3.67
Organic Cilantro,Organic Garnet Sweet Potato (Yam),3504,0.00105,0.048,0.064,2.94
Organic Strawberries,White Corn,4208,0.00126,0.015,0.217,2.63
Goat Cheese Crumbles,Organic Hass Avocado,1944,0.00058,0.139,0.009,2.1
Organic Red Chard Greens,Organic Avocado,1195,0.00036,0.105,0.006,1.91
Large Alfresco Eggs,Organic Raspberries,3317,0.00099,0.078,0.023,1.84
Organic Green Leaf Lettuce,Organic Strawberries,1981,0.00059,0.136,0.007,1.65
Organic Baby Spinach,Asparagus,12139,0.00363,0.048,0.171,2.27
Organic Broccoli Crowns,Fresh Cauliflower,1882,0.00056,0.098,0.025,4.43
Organic Baby Spinach,Original Rotisserie Chicken,1406,0.00042,0.006,0.183,2.44
Organic Baby Carrots,Organic Small Bunch Celery,4145,0.00124,0.051,0.059,2.44
Mini Cucumbers,Strawberries,1158,0.00035,0.143,0.008,3.19
Organic Butternut Squash,Organic Garlic,2350,0.0007,0.114,0.021,3.36
Red Peppers,Unsweetened Almondmilk,1399,0.00042,0.024,0.027,1.56
Bag of Organic Bananas,Light Brown Sugar,1974,0.00059,0.005,0.142,1.21
Garlic Hummus,Organic Avocado,1238,0.00037,0.145,0.007,2.63
85% Lean Ground Beef,Large Lemon,1728,0.00052,0.135,0.011,2.82
Gluten Free Blueberry Waffles,Organic Strawberries,1126,0.00034,0.157,0.004,1.9
Organic Cilantro,Organic Hothouse Cucumbers,1640,0.00049,0.022,0.066,3.03
Total 2% All Natural Greek Strained Yogurt with Honey,Total 0% Raspberry Yogurt,1922,0.00057,0.081,0.153,21.42
Mint,Large Lemon,1719,0.00051,0.158,0.011,3.29
Organic Broccoli,Michigan Organic Kale,2654,0.00079,0.066,0.038,3.14
Organic Red Bell Pepper,Organic Extra Firm Tofu,1770,0.00053,0.03,0.058,3.26
Yellow Onions,85% Lean Ground Beef,1243,0.00037,0.016,0.097,4.24
Peach Pear Flavored Sparkling Water,Half & Half,1168,0.00035,0.053,0.016,2.46
Organic Yams,Organic Baby Spinach,3215,0.00096,0.154,0.013,2.04
Organic Cripps Pink Apples,Large Lemon,1186,0.00035,0.087,0.007,1.82
Hass Avocados,Organic Baby Carrots,2050,0.00061,0.039,0.025,1.62
Organic Gala Apples,Bartlett Pears,1829,0.00055,0.024,0.05,2.21
White Onion,Bag of Organic Bananas,1277,0.00038,0.075,0.003,0.64
Carrots,Organic D'Anjou Pears,2577,0.00077,0.034,0.051,2.26
Organic Strawberries,Unrefined Virgin Coconut Oil,1237,0.00037,0.004,0.126,1.53
Organic Whole Milk,Organic Whole Wheat Bread,1359,0.00041,0.01,0.118,2.75
Total 2% All Natural Greek Strained Yogurt with Honey,Organic Hass Avocado,2174,0.00065,0.091,0.01,1.38
Organic Large Green Asparagus,Organic Tomato Cluster,1276,0.00038,0.064,0.019,3.19
Organic Roasted Turkey Breast,Organic Garnet Sweet Potato (Yam),1119,0.00033,0.038,0.021,2.33
Organic Baby Spinach,Spaghetti,2065,0.00062,0.008,0.126,1.67
Organic Baby Arugula,Organic Large Brown Grade AA Cage Free Eggs,1031,0.00031,0.014,0.031,1.37
Organic Sugar Snap Peas,Organic Strawberries,2166,0.00065,0.251,0.008,3.04
Marinara Sauce,Organic Raspberries,1638,0.00049,0.079,0.011,1.85
Banana,Vine Ripe Tomatoes,4602,0.00138,0.009,0.286,1.95
Baby Arugula,Organic Hass Avocado,1227,0.00037,0.108,0.006,1.64
"Organic Butterhead (Boston, Butter, Bibb) Lettuce",Organic Strawberries,2204,0.00066,0.175,0.008,2.13
Bag of Organic Bananas,Orange Sparkling Water,1120,0.00033,0.003,0.074,0.63
Broccoli Crown,Boneless Skinless Chicken Breasts,3212,0.00096,0.071,0.061,4.56
Bag of Organic Bananas,Avocado Roll,1340,0.0004,0.003,0.221,1.87
Red Peppers,Cucumber Kirby,6124,0.00183,0.105,0.061,3.53
Organic Large Extra Fancy Fuji Apple,Organic Bartlett Pear,3609,0.00108,0.046,0.093,4.0
Total 2% Lowfat Plain Greek Yogurt,Organic Zucchini,1013,0.0003,0.06,0.009,1.84
Banana,"Cage Free Brown Eggs-Large, Grade A",3638,0.00109,0.007,0.277,1.89
Organic Carrot Bunch,Organic Hass Avocado,6459,0.00193,0.172,0.029,2.6
Soda,Mineral Water,1042,0.00031,0.028,0.166,14.89
Organic Cilantro,Organic Sour Cream,2086,0.00062,0.029,0.075,3.44
Unsalted Butter,Asparagus,1587,0.00047,0.043,0.022,2.01
Banana,Organic Ezekiel 49 Bread Cinnamon Raisin,1027,0.00031,0.002,0.199,1.36
Organic Garlic,Red Onion,3470,0.00104,0.03,0.078,2.29
Organic Baby Spinach,Roasted Turkey Breast,2696,0.00081,0.011,0.148,1.96
100% Whole Wheat Bread,Organic Red Bell Pepper,1556,0.00047,0.025,0.026,1.38
Organic Green Seedless Grapes,Large Lemon,1280,0.00038,0.057,0.008,1.19
Organic Strawberries,Hint Of Sea Salt Almond Nut Thins,2024,0.0006,0.007,0.163,1.98
Romaine Hearts,Organic Baby Carrots,1095,0.00033,0.041,0.014,1.69
Orange Bell Pepper,Limes,4761,0.00142,0.116,0.032,2.65
Original Hummus,Total 2% Lowfat Greek Strained Yogurt with Peach,1073,0.00032,0.014,0.052,2.36
Green Bell Pepper,Michigan Organic Kale,3141,0.00094,0.054,0.045,2.59
Baked Aged White Cheddar Rice and Corn Puffs,Large Lemon,1158,0.00035,0.081,0.007,1.69
Large Alfresco Eggs,Organic Gala Apples,1691,0.00051,0.04,0.022,1.77
Organic Baby Spinach,1% Lowfat Milk,1555,0.00046,0.006,0.106,1.41
Bag of Organic Bananas,Organic Riced Cauliflower,1799,0.00054,0.005,0.196,1.66
Bag of Organic Bananas,Ground Buffalo,1434,0.00043,0.004,0.242,2.05
Blueberry Muffin Bar,Cherry Pie Fruit & Nut Bar,1382,0.00041,0.233,0.241,135.72
Organic Whole Strawberries,Organic Half & Half,1143,0.00034,0.035,0.014,1.48
Blueberries,Total 0% Greek Yogurt,1323,0.0004,0.023,0.049,2.79
Organic Reduced Fat Milk,Unsalted Butter,1208,0.00036,0.033,0.033,2.95
Granny Smith Apples,Red Vine Tomato,1091,0.00033,0.029,0.019,1.72
Small Hass Avocado,Organic Grade A Free Range Large Brown Eggs,1045,0.00031,0.02,0.025,1.6
Organic Baby Broccoli,Organic Hass Avocado,6113,0.00183,0.184,0.028,2.79
Yellow Grape Tomatoes,Banana,2350,0.0007,0.297,0.005,2.03
Gluten Free Dark Chocolate Chunk Chewy with a Crunch Granola Bars,Gluten Free Peanut Butter Dark Chocolate Chewy With a Crunch Granola Bars,1741,0.00052,0.157,0.251,75.99
Unsweetened Almondmilk,Unsweetened Vanilla Almond Milk,1218,0.00036,0.024,0.044,2.86
Original Hummus,Total Greek Strained Yogurt,1386,0.00041,0.019,0.051,2.28
Roma Tomato,Organic Avocado,5778,0.00173,0.137,0.031,2.49
Raspberries,Organic Hass Avocado,2334,0.0007,0.038,0.011,0.58
Carrots,Spring Water,1471,0.00044,0.02,0.025,1.12
Original Veggie Straws,Organic Zucchini,1024,0.00031,0.058,0.009,1.79
Organic Fuji Apple,Organic Kiwi,2571,0.00077,0.028,0.049,1.78
Organic Fuji Apple,Organic Bartlett Pear,2177,0.00065,0.023,0.056,2.03
Broccoli & Cheddar Bake Meal Bowl,Pesto Tortellini  Bowls,1003,0.0003,0.133,0.114,50.65
Organic Baby Spinach,Colby Cheese Sticks,1589,0.00047,0.006,0.126,1.67
Organic Strawberries,Seedless Small Watermelon,3180,0.00095,0.012,0.221,2.68
Lime Sparkling Water,Curate Melon Pomelo Sparking Water,1054,0.00031,0.022,0.143,9.87
Organic Red Bell Pepper,Cucumber Kirby,2973,0.00089,0.05,0.03,1.67
Carrots,Green Peas,1047,0.00031,0.014,0.089,3.96
Organic Whole String Cheese,Organic Blackberries,1797,0.00054,0.029,0.028,1.51
Organic Fuji Apple,Total Greek Strained Yogurt,1176,0.00035,0.013,0.043,1.55
Organic Baby Spinach,XL Emerald White Seedless Grapes,1300,0.00039,0.005,0.079,1.06
Bag of Organic Bananas,Organic Apple Juice,2694,0.00081,0.007,0.222,1.88
Bag of Organic Bananas,Synergy Organic Kombucha Gingerberry,1447,0.00043,0.004,0.156,1.32
Organic Whole Milk with DHA Omega-3,Organic Hass Avocado,1471,0.00044,0.105,0.007,1.59
Organic Ketchup,Organic Baby Spinach,2196,0.00066,0.138,0.009,1.83
Organic Navel Orange,Organic Unsweetened Almond Milk,1600,0.00048,0.036,0.027,1.99
100% Recycled Paper Towels,Organic Garlic,1859,0.00056,0.064,0.016,1.88
Organic Dark Chocolate Peanut Butter Cups,Organic Hass Avocado,1395,0.00042,0.12,0.006,1.81
Limes,Total 2% All Natural Plain Greek Yogurt,1418,0.00042,0.01,0.082,1.87
Organic Navel Orange,Unsweetened Almondmilk,1101,0.00033,0.025,0.021,1.59
Peach Pear Flavored Sparkling Water,Orange Sparkling Water,1167,0.00035,0.053,0.077,11.69
Bag of Organic Bananas,Organic Bartlett Pear,11044,0.0033,0.028,0.285,2.42
Organic Bartlett Pear,Organic Hass Avocado,7362,0.0022,0.19,0.033,2.88
Organic Peeled Whole Baby Carrots,Grape White/Green Seedless,1694,0.00051,0.029,0.042,2.42
Boneless Skinless Chicken Breasts,Organic Baby Carrots,2485,0.00074,0.047,0.031,1.97
Sparkling Water Grapefruit,Orange Sparkling Water,2565,0.00077,0.032,0.17,7.18
Small Hass Avocado,Organic Raspberries,4254,0.00127,0.082,0.03,1.91
Lime,Banana,2444,0.00073,0.221,0.005,1.51
Organic Navel Orange,Organic Black Beans,1026,0.00031,0.023,0.026,1.94
Organic Unsalted Butter,Carrots,1087,0.00032,0.049,0.014,2.17
Banana,Strawberry on the Bottom Nonfat Greek Yogurt,2368,0.00071,0.005,0.299,2.04
"Organic Red Radish, Bunch",Organic Red Cabbage,1131,0.00034,0.04,0.072,8.56
Green Onions,Organic Cilantro,1741,0.00052,0.062,0.024,2.85
Mild Salsa,Large Lemon,1085,0.00032,0.071,0.007,1.49
100% Whole Wheat Bread,Granny Smith Apples,1222,0.00037,0.019,0.033,1.72
Grated Parmesan,Large Lemon,5234,0.00156,0.112,0.033,2.32
Organic Tomato Cluster,Large Lemon,5372,0.00161,0.08,0.033,1.67
Limes,Organic Romaine Lettuce,4004,0.0012,0.027,0.111,2.54
No Salt Added Black Beans,Organic Garbanzo Beans,1785,0.00053,0.061,0.057,6.56
Organic Strawberries,Oven Roasted Turkey Breast,2369,0.00071,0.009,0.113,1.37
Organic Grade A Free Range Large Brown Eggs,Organic Grape Tomatoes,2301,0.00069,0.055,0.026,2.09
Organic Strawberries,Total 2% All Natural Plain Greek Yogurt,2009,0.0006,0.007,0.116,1.41
Grated Parmesan,Organic Tomato Cluster,1845,0.00055,0.039,0.028,1.97
Bag of Organic Bananas,Total 2% Lowfat Greek Strained Yogurt with Peach,3149,0.00094,0.008,0.153,1.3
Strawberries,Sinfully Sweet Campari Tomatoes,1934,0.00058,0.013,0.119,2.65
Apples,0% Greek Strained Yogurt,1350,0.0004,0.105,0.099,25.69
Organic Strawberries,Organic Mango Chunks,1228,0.00037,0.004,0.157,1.91
Boneless Skinless Chicken Breasts,Brussels Sprouts,1027,0.00031,0.02,0.044,2.8
Organic Reduced Fat 2% Milk,Organic Red Onion,1348,0.0004,0.027,0.019,1.29
Lightly Salted Baked Snap Pea Crisps,Organic Whole Milk,1844,0.00055,0.071,0.013,1.67
Organic Tomato Cluster,Cucumber Kirby,4461,0.00133,0.067,0.045,2.24
Almond Nut & Rice Cracker Snacks,Organic Hass Avocado,1152,0.00034,0.126,0.005,1.91
Banana,Organic Granny Smith Apple,12363,0.00369,0.025,0.202,1.38
Organic Garlic,Potato Yukon Gold Organic,1531,0.00046,0.013,0.117,3.43
Banana,Lime Sparkling Water,10170,0.00304,0.021,0.21,1.43
Russet Potato,Organic Garnet Sweet Potato (Yam),1112,0.00033,0.036,0.02,2.22
Green Bell Pepper,Honeycrisp Apple,2241,0.00067,0.039,0.027,1.55
Green Onions,Organic Red Onion,1098,0.00033,0.039,0.016,1.85
"Clementines, Bag",Organic Grape Tomatoes,2240,0.00067,0.054,0.025,2.06
Mango Chunks,Limes,1896,0.00057,0.103,0.013,2.35
Organic Spring Mix Salad,Organic Avocado,2739,0.00082,0.123,0.015,2.24
Vanilla Skyr Nonfat Yogurt,Original Hummus,1120,0.00033,0.059,0.015,2.67
Shredded Parmesan,Red Vine Tomato,1175,0.00035,0.031,0.021,1.84
Organic Cilantro,Organic Bartlett Pear,1459,0.00044,0.02,0.038,1.73
Organic Whole Milk,Red Vine Tomato,3525,0.00105,0.025,0.062,1.46
Organic Lemon,Organic Baby Rainbow Carrots,1023,0.00031,0.011,0.05,1.83
Apple Honeycrisp Organic,Ground Turkey Breast,1535,0.00046,0.018,0.055,2.13
Bag of Organic Bananas,Baby Arugula,1632,0.00049,0.004,0.144,1.22
Organic Yellow Onion,Organic Raw Kombucha Gingerade,1131,0.00034,0.01,0.052,1.49
Organic Beef Hot Dogs,Organic Hass Avocado,2415,0.00072,0.139,0.011,2.11
Free & Clear Natural Laundry Detergent For Sensitive Skin,Bag of Organic Bananas,1202,0.00036,0.235,0.003,1.99
Organic Carrot Bunch,Unsweetened Almondmilk,1184,0.00035,0.032,0.023,2.04
Strawberries,Total 2% All Natural Greek Strained Yogurt with Honey,1575,0.00047,0.011,0.066,1.48
Organic Large Extra Fancy Fuji Apple,Uncured Genoa Salami,2237,0.00067,0.029,0.052,2.22
Organic Peeled Whole Baby Carrots,Organic Hass Avocado,7111,0.00213,0.123,0.032,1.86
Seedless Red Grapes,Organic Zucchini,4405,0.00132,0.051,0.04,1.55
Bag of Organic Bananas,Organic Garbanzo Beans,5715,0.00171,0.014,0.183,1.55
Organic Lacinato (Dinosaur) Kale,Organic Jalapeno Pepper,1086,0.00032,0.024,0.051,3.84
Broccoli Crown,Organic Extra Firm Tofu,1431,0.00043,0.032,0.047,3.51
Frozen Organic Wild Blueberries,Organic Baby Arugula,1512,0.00045,0.049,0.02,2.16
Banana,Organic Black Beans,7272,0.00217,0.015,0.184,1.25
Vanilla Almond Breeze Almond Milk,Organic Grape Tomatoes,1124,0.00034,0.035,0.013,1.33
Organic Yellow Onion,Organic Roma Tomato,3311,0.00099,0.028,0.108,3.08
Apple Honeycrisp Organic,Organic Baby Carrots,5213,0.00156,0.06,0.065,2.48
Shredded Parmesan,Organic Red Onion,1873,0.00056,0.05,0.026,2.35
Organic Cucumber,Organic Kiwi,4337,0.0013,0.051,0.083,3.28
Yellow Onions,Organic Jalapeno Pepper,1421,0.00042,0.018,0.067,2.93
Bag of Organic Bananas,Fat Free Milk,2670,0.0008,0.007,0.087,0.74
Mango Chunks,Organic Garlic,1225,0.00037,0.066,0.011,1.95
Bag of Organic Bananas,Organic Cinnamon Crunch Cereal,1835,0.00055,0.005,0.217,1.84
Organic Shredded Carrots,Organic Zucchini,2060,0.00062,0.098,0.019,2.99
Baby Seedless Cucumbers,Organic Avocado,1980,0.00059,0.196,0.011,3.56
Organic Whole String Cheese,Crackers Cheddar Bunnies Snack Packs,1090,0.00033,0.018,0.085,4.64
Organic Sea Salt Roasted Seaweed Snacks,Organic Hass Avocado,1760,0.00053,0.165,0.008,2.49
Banana,Total 0% Blueberry Acai Greek Yogurt,1745,0.00052,0.004,0.283,1.93
Celery Hearts,Banana,1995,0.0006,0.145,0.004,0.99
Garlic,Cucumber Kirby,3237,0.00097,0.084,0.032,2.82
Organic 2% Reduced Fat Milk,Organic Fuji Apple,1169,0.00035,0.048,0.013,1.74
Banana,Apple Pie Fruit & Nut Food Bar,2001,0.0006,0.004,0.259,1.76
Total 0% with Honey Nonfat Greek Strained Yogurt,Total 2% Lowfat Greek Strained Yogurt with Peach,1256,0.00038,0.108,0.061,17.6
Organic Yellow Onion,Organic Bartlett Pear,3282,0.00098,0.028,0.085,2.41
Organic Cripps Pink Apples,Organic Zucchini,1016,0.0003,0.075,0.009,2.29
Grated Parmesan,Asparagus,2357,0.0007,0.05,0.033,2.36
Organic Italian Parsley Bunch,Sparkling Water Grapefruit,1769,0.00053,0.028,0.022,1.19
Organic Whole String Cheese,Organic Unsweetened Almond Milk,2331,0.0007,0.038,0.039,2.11
Organic Baby Arugula,Organic Dill,1231,0.00037,0.016,0.074,3.28
Organic Reduced Fat Milk,Organic Baby Carrots,2144,0.00064,0.058,0.027,2.42
Organic Roasted Turkey Breast,Limes,1862,0.00056,0.063,0.013,1.44
Organic Navel Orange,Green Bell Pepper,1695,0.00051,0.038,0.029,2.19
Organic Roasted Turkey Breast,Organic Granny Smith Apple,1252,0.00037,0.042,0.02,2.32
Pure Irish Butter,Honeycrisp Apple,1067,0.00032,0.03,0.013,1.21
No Salt Added Black Beans,Extra Virgin Olive Oil,1059,0.00032,0.036,0.02,2.32
Honey Yoghurt,Organic Strawberries,1428,0.00043,0.146,0.005,1.77
Organic Red Onion,Bag of Organic Bananas,13953,0.00417,0.197,0.035,1.67
Organic Tomato Paste,Organic Small Bunch Celery,1361,0.00041,0.074,0.019,3.51
Sea Salt Potato Chips,Banana,2153,0.00064,0.158,0.004,1.08
Strawberries,Sparkling Natural Mineral Water,1445,0.00043,0.01,0.032,0.72
Organic Lemon,Organic Hothouse Cucumbers,2332,0.0007,0.026,0.094,3.45
Organic Cannellini Beans,Organic Garbanzo Beans,1093,0.00033,0.134,0.035,14.35
Organic Whole Milk,Total 0% Nonfat Greek Yogurt,1001,0.0003,0.007,0.036,0.84
Veggie Chips,Banana,1893,0.00057,0.217,0.004,1.48
Organic Vegetable Broth,Organic Strawberries,1381,0.00041,0.114,0.005,1.38
Strawberries,Organic Romaine,1275,0.00038,0.009,0.051,1.15
Small Hass Avocado,Organic Reduced Fat 2% Milk,1466,0.00044,0.028,0.03,1.91
Organic Cannellini Beans,Organic Hass Avocado,1012,0.0003,0.124,0.005,1.88
Banana,"Yogurt, Strained Low-Fat, Coconut",3053,0.00091,0.006,0.243,1.66
Apple Honeycrisp Organic,Organic Italian Parsley Bunch,3175,0.00095,0.036,0.05,1.93
Organic Carrot Bunch,Garlic,1220,0.00036,0.032,0.032,2.82
Organic Nectarine,Organic Raspberries,1121,0.00034,0.085,0.008,1.99
Sour Cream,Large Lemon,2207,0.00066,0.098,0.014,2.04
Organic Raspberries,Organic Garnet Sweet Potato (Yam),4362,0.0013,0.031,0.08,1.88
Hass Avocados,Organic Spring Mix,2209,0.00066,0.042,0.067,4.25
Organic Baby Arugula,Organic Fuji Apple,2886,0.00086,0.038,0.031,1.37
Gold Potato,Large Lemon,1234,0.00037,0.136,0.008,2.84
Organic Red Onion,Organic Granny Smith Apple,3012,0.0009,0.043,0.049,2.33
Tomato Sauce,Banana,2851,0.00085,0.212,0.006,1.44
Organic Baby Spinach,Unrefined Virgin Coconut Oil,1946,0.00058,0.008,0.198,2.63
Carrots,Shredded Mozzarella,1079,0.00032,0.014,0.047,2.09
Unsalted Butter,Heavy Whipping Cream,1199,0.00036,0.032,0.056,5.01
Thyme,Large Lemon,1288,0.00038,0.24,0.008,4.99
Orange Bell Pepper,Red Onion,2445,0.00073,0.06,0.055,4.48
Organic Baby Spinach,Organic Plain Greek Whole Milk Yogurt,1886,0.00056,0.007,0.156,2.08
Organic Creamy Peanut Butter,Organic Zucchini,1006,0.0003,0.054,0.009,1.64
Organic Baby Spinach,Uncured Pepperoni,1153,0.00034,0.005,0.139,1.85
Banana,Organic Baby Carrots,17493,0.00523,0.036,0.217,1.48
Organic Hothouse Cucumbers,Large Lemon,2103,0.00063,0.085,0.013,1.76
Banana,Total 0% Nonfat Plain Greek Yogurt,4040,0.00121,0.008,0.266,1.81
Organic Bartlett Pear,Grape White/Green Seedless,1378,0.00041,0.036,0.034,2.94
Organic Raw Multigreen Kobmbucha,Organic Raw Kombucha Gingerade,1722,0.00051,0.252,0.08,39.09
Uncured Genoa Salami,Original Hummus,2708,0.00081,0.063,0.037,2.82
Organic Garbanzo Beans,Organic Hass Avocado,4164,0.00124,0.133,0.019,2.02
Roma Tomato,Organic Blueberries,1083,0.00032,0.026,0.01,0.82
Seedless Red Grapes,Organic Raspberries,6348,0.0019,0.073,0.045,1.72
Shredded Parmesan,Michigan Organic Kale,1745,0.00052,0.046,0.025,2.21
"YoKids Squeezers Organic Low-Fat Yogurt, Strawberry",Organic Strawberries,5142,0.00154,0.253,0.019,3.07
Organic Mini Homestyle Waffles,Organic Strawberries,1257,0.00038,0.246,0.005,2.99
Organic Cucumber,Organic Reduced Fat Milk,1682,0.0005,0.02,0.046,1.8
Organic Black Beans,Large Lemon,3217,0.00096,0.081,0.02,1.69
Organic Cucumber,Organic Spring Mix,1892,0.00057,0.022,0.057,2.25
Bag of Organic Bananas,Organic Tomato Sauce,2308,0.00069,0.006,0.163,1.38
Banana,Guacamole,3578,0.00107,0.007,0.192,1.31
Organic Honey Sweet Whole Wheat Bread,Organic Whole Milk,1046,0.00031,0.087,0.007,2.03
Michigan Organic Kale,Organic Spring Mix,1185,0.00035,0.017,0.036,1.71
Orange Bell Pepper,Organic Baby Carrots,2098,0.00063,0.051,0.026,2.12
Lightly Salted Baked Snap Pea Crisps,Strawberries,1556,0.00047,0.06,0.01,1.34
Organic Bread with 21 Whole Grains,Organic Garlic,1432,0.00043,0.06,0.013,1.76
Tilapia Filet,Cucumber Kirby,1084,0.00032,0.071,0.011,2.38
Pure Sparkling Water,Original Hummus,1385,0.00041,0.046,0.019,2.08
Organic Broccoli,Red Peppers,1057,0.00032,0.026,0.018,1.51
Red Raspberries,Organic Whole String Cheese,1077,0.00032,0.039,0.017,2.11
Michigan Organic Kale,Organic Bunch Beets,1614,0.00048,0.023,0.107,5.11
Organic Short Grain Brown Rice,Banana,1550,0.00046,0.183,0.003,1.25
Shallot,Organic Grape Tomatoes,1024,0.00031,0.056,0.012,2.14
Apple Honeycrisp Organic,Organic Whole Strawberries,2025,0.00061,0.023,0.062,2.38
Strawberry Rhubarb Yoghurt,Lemon Yogurt,1858,0.00056,0.177,0.198,63.28
Watermelon Chunks,Banana,5876,0.00176,0.231,0.012,1.58
Italian Sparkling Mineral Water,Organic Blueberries,1461,0.00044,0.046,0.014,1.45
"Organic Red Radish, Bunch",Organic Romaine Lettuce,1314,0.00039,0.046,0.036,4.32
Organic Blueberries,Organic Small Bunch Celery,3315,0.00099,0.032,0.047,1.49
Organic Navel Orange,Fresh Cauliflower,2397,0.00072,0.054,0.032,2.42
Organic D'Anjou Pears,Organic Gala Apples,5082,0.00152,0.1,0.067,4.42
Broccoli Crown,Red Peppers,2412,0.00072,0.054,0.041,3.08
Frozen Organic Wild Blueberries,Organic Cilantro,1582,0.00047,0.051,0.022,2.34
Organic Strawberries,Sparkling Water Grapefruit,8445,0.00252,0.031,0.107,1.29
Organic Grape Tomatoes,Organic Extra Firm Tofu,1819,0.00054,0.021,0.06,2.28
Organic Carrot Bunch,Organic Raspberries,4267,0.00128,0.114,0.03,2.67
Whole Strawberries,Organic Avocado,1297,0.00039,0.141,0.007,2.56
Small Hass Avocado,Apple Honeycrisp Organic,2814,0.00084,0.054,0.032,2.07
Half & Half,Organic Italian Parsley Bunch,1952,0.00058,0.027,0.031,1.45
Organic Raspberries,Organic Avocado,9689,0.0029,0.068,0.053,1.23
Limes,Frozen Broccoli Florets,1349,0.0004,0.009,0.084,1.91
Organic Gala Apples,Asparagus,2735,0.00082,0.036,0.038,1.7
Banana,Organic Creamy Peanut Butter,4027,0.0012,0.008,0.214,1.46
Grape White/Green Seedless,Organic Half & Half,1138,0.00034,0.028,0.014,1.19
Total 2% Lowfat Plain Greek Yogurt,Organic Avocado,1969,0.00059,0.117,0.011,2.12
Green Beans,Fresh Cauliflower,1977,0.00059,0.065,0.027,2.95
Organic Chopped Spinach,Organic Hass Avocado,1675,0.0005,0.135,0.008,2.05
Cantaloupe,Organic Hass Avocado,3217,0.00096,0.128,0.015,1.94
Banana,Fancy Eggplant,1787,0.00053,0.004,0.22,1.5
Organic Red Onion,Organic Whole Strawberries,1500,0.00045,0.021,0.046,2.17
Watermelon Chunks,Organic Raspberries,2531,0.00076,0.1,0.018,2.34
Grilled Chicken Breast Strips,Organic Baby Spinach,1237,0.00037,0.176,0.005,2.34
Large Alfresco Eggs,Green Bell Pepper,1186,0.00035,0.028,0.02,1.62
Organic Whole String Cheese,Organic Garnet Sweet Potato (Yam),2296,0.00069,0.037,0.042,2.29
Bag of Organic Bananas,Alpine Spring Water,1867,0.00056,0.005,0.169,1.43
Organic Reduced Fat 2% Milk,Grated Parmesan,1032,0.00031,0.021,0.022,1.49
Honeycrisp Apple,Pineapple Chunks,1138,0.00034,0.014,0.044,1.76
Organic Unsalted Butter,Organic Hass Avocado,2956,0.00088,0.133,0.013,2.01
Organic Strawberries,Organic Tomato Cluster,12167,0.00364,0.044,0.182,2.21
Original Hummus,Organic Avocado,8485,0.00254,0.114,0.046,2.08
Lightly Salted Baked Snap Pea Crisps,Organic Whole String Cheese,1700,0.00051,0.066,0.028,3.56
Organic Baby Spinach,Whole Wheat English Muffins,1027,0.00031,0.004,0.151,2.01
Strawberries,Large Lemon,12064,0.00361,0.081,0.075,1.68
Organic Cilantro,Organic Avocado,10191,0.00305,0.14,0.055,2.53
Red Peppers,Organic Cilantro,3177,0.00095,0.055,0.043,2.5
Organic Yellow Onion,Organic Black Beans,4722,0.00141,0.04,0.119,3.39
Organic Purple Kale,Banana,1069,0.00032,0.139,0.002,0.95
Bag of Organic Bananas,Green Bell Pepper,10540,0.00315,0.027,0.182,1.54
Organic Gala Apples,Organic Bosc Pear,2251,0.00067,0.03,0.102,4.5
Organic Lemon,Organic Tomato Cluster,5439,0.00163,0.06,0.081,2.98
Organic Cherries,Organic Hass Avocado,1072,0.00032,0.189,0.005,2.86
Organic Strawberries,Heavy Whipping Cream,2172,0.00065,0.008,0.101,1.22
Organic D'Anjou Pears,Organic Half & Half,1943,0.00058,0.038,0.025,1.62
Hass Avocados,Organic Cucumber,1317,0.00039,0.025,0.015,0.99
Banana,Lactose Free 2% Reduced Fat Milk,1126,0.00034,0.002,0.152,1.04
Grated Parmesan,Organic Garbanzo Beans,1143,0.00034,0.024,0.037,2.61
Green Bell Pepper,Organic Garbanzo Beans,1503,0.00045,0.026,0.048,2.78
Organic Zucchini,Organic Low Sodium Chicken Broth,1402,0.00042,0.013,0.077,2.35
Boneless Skinless Chicken Breast,Organic Baby Spinach,3151,0.00094,0.134,0.013,1.78
Lime Sparkling Water,Organic Avocado,3945,0.00118,0.081,0.021,1.48
Original Hummus,Organic Gala Apples,3815,0.00114,0.051,0.05,2.27
Honeycrisp Apple,Organic Ginger Root,1730,0.00052,0.021,0.032,1.28
Non Fat Raspberry Yogurt,Organic Avocado,1547,0.00046,0.091,0.008,1.66
Organic Baby Arugula,Bunched Cilantro,2436,0.00073,0.032,0.051,2.27
Watermelon Chunks,Organic Grape Tomatoes,1426,0.00043,0.056,0.016,2.13
Banana,Ezekiel 4:9 Sprouted Grain Tortillas,1016,0.0003,0.002,0.167,1.14
Organic Baby Arugula,Total Greek Strained Yogurt,1249,0.00037,0.016,0.046,2.01
Organic Garlic,Collard Greens,1244,0.00037,0.011,0.115,3.38
Banana,French Roast Ground Coffee,1061,0.00032,0.002,0.2,1.36
Organic Reduced Fat 2% Milk,Red Peppers,1581,0.00047,0.032,0.027,1.84
Trilogy Kombucha Drink,Organic Avocado,1435,0.00043,0.082,0.008,1.49
Organic Garlic,Organic Reduced Fat Milk,2091,0.00062,0.018,0.057,1.67
Organic Strawberries,Oven Roasted Turkey,2364,0.00071,0.009,0.195,2.37
Apple Honeycrisp Organic,"Super Spinach! Baby Spinach, Baby Bok Choy, Sweet Baby Kale",1057,0.00032,0.012,0.069,2.64
Organic Raw Multigreen Kobmbucha,Trilogy Kombucha Drink,1152,0.00034,0.168,0.066,32.34
100% Raw Coconut Water,Organic Red Onion,1318,0.00039,0.034,0.019,1.59
Organic Unsalted Butter,Organic Gala Apples,1040,0.00031,0.047,0.014,2.07
Original Hummus,Pure Irish Butter,1024,0.00031,0.014,0.029,1.31
Total 0% Greek Yogurt,Organic Baby Carrots,1498,0.00045,0.055,0.019,2.29
Michigan Organic Kale,Organic Kiwi,2549,0.00076,0.036,0.049,2.34
Yellow Onions,Organic Whole Milk,4748,0.00142,0.062,0.033,1.45
Organic Raspberries,Red Vine Tomato,2904,0.00087,0.02,0.051,1.2
Organic Lemon,Organic Whole String Cheese,3316,0.00099,0.036,0.054,1.97
Limes,Organic Romaine Hearts,1211,0.00036,0.008,0.092,2.11
Organic Fuji Apple,Raspberries,2111,0.00063,0.023,0.035,1.25
Organic Large Extra Fancy Fuji Apple,Total 2% with Strawberry Lowfat Greek Strained Yogurt,1400,0.00042,0.018,0.045,1.94
Organic Blackberries,Organic Gala Apples,2354,0.0007,0.036,0.031,1.61
Peach Pear Flavored Sparkling Water,Organic Fuji Apple,1066,0.00032,0.048,0.011,1.74
European Cucumber,Limes,2235,0.00067,0.117,0.015,2.68
Shredded Mozzarella,Organic Hass Avocado,2044,0.00061,0.089,0.009,1.35
Apple Honeycrisp Organic,Total 2% with Strawberry Lowfat Greek Strained Yogurt,1646,0.00049,0.019,0.053,2.04
Vanilla Skyr Nonfat Yogurt,Non Fat Raspberry Yogurt,5236,0.00156,0.277,0.309,54.68
Lowfat Vanilla Yogurt,Bag of Organic Bananas,1557,0.00047,0.181,0.004,1.53
Uncured Genoa Salami,Organic Baby Carrots,2239,0.00067,0.052,0.028,2.15
Banana,Organic Plain Whole Milk Yogurt,2105,0.00063,0.004,0.149,1.01
Fresh Cauliflower,Organic Old Fashioned Rolled Oats,1038,0.00031,0.014,0.05,2.24
Organic Navel Orange,Large Alfresco Eggs,1119,0.00033,0.025,0.026,1.98
Organic Sunday Bacon,Organic Whole Milk,1058,0.00032,0.082,0.007,1.92
Green Bell Pepper,Cucumber Kirby,4226,0.00126,0.073,0.042,2.44
Cheese Pizza,Banana,1762,0.00053,0.241,0.004,1.64
Organic Red Bell Pepper,Carrots,3754,0.00112,0.063,0.05,2.79
Boneless Skinless Chicken Breasts,Unsalted Butter,1748,0.00052,0.033,0.047,3.01
Banana,Unrefined Virgin Coconut Oil,1573,0.00047,0.003,0.16,1.09
Organic Fat Free Milk,Organic Zucchini,1087,0.00032,0.04,0.01,1.21
Peanut Butter Bar,Bag of Organic Bananas,1329,0.0004,0.24,0.003,2.03
Organic Yellow Onion,Goat Cheese Crumbles,1042,0.00031,0.009,0.074,2.11
Frozen Broccoli Florets,Large Lemon,1506,0.00045,0.093,0.009,1.94
Enlightened Organic Raw Kombucha,Organic Raw Kombucha Gingerade,1736,0.00052,0.24,0.081,37.31
100% Whole Wheat Bread,Fat Free Milk,1222,0.00037,0.019,0.04,2.12
Vanilla Skyr Nonfat Yogurt,Sparkling Water Grapefruit,1306,0.00039,0.069,0.016,2.92
Organic Coconut Milk,Organic Blueberries,1193,0.00036,0.042,0.011,1.34
Organic Baby Spinach Salad,Organic Whole Milk,1201,0.00036,0.065,0.008,1.53
Organic Raspberries,Organic Large Grade AA Omega-3 Eggs,1417,0.00042,0.01,0.154,3.62
Creamy Almond Butter,Organic Blueberries,1217,0.00036,0.054,0.012,1.74
Organic Gala Apples,Ground Turkey Breast,1071,0.00032,0.014,0.039,1.71
100% Natural Spring Water,Banana,1146,0.00034,0.157,0.002,1.07
Organic Blackberries,Sparkling Natural Mineral Water,1037,0.00031,0.016,0.023,1.2
Organic Baby Spinach,Organic Garlic,21818,0.00652,0.087,0.191,2.55
Organic Small Bunch Celery,Sparkling Water Grapefruit,1995,0.0006,0.028,0.025,1.19
Organic Red Onion,Strawberries,3388,0.00101,0.048,0.023,1.07
Organic Garlic,Organic Free Range Chicken Broth,1436,0.00043,0.013,0.107,3.15
Lemonade,Organic Hass Avocado,1289,0.00039,0.063,0.006,0.95
Red Peppers,Organic Blueberries,1739,0.00052,0.03,0.017,0.95
Organic Roma Tomato,Large Lemon,3078,0.00092,0.101,0.019,2.1
Grated Parmesan,Organic Half & Half,1710,0.00051,0.036,0.022,1.54
Organic Strawberries,Firm Tofu,1565,0.00047,0.006,0.142,1.72
Organic Baby Spinach,Organic Romaine Lettuce,5470,0.00163,0.022,0.152,2.02
Organic Lemon,Unsweetened Almondmilk,3394,0.00101,0.037,0.066,2.41
Organic Garlic,Organic Roma Tomato,3401,0.00102,0.03,0.111,3.27
Frozen Organic Wild Blueberries,Organic Whole Milk,2490,0.00074,0.08,0.017,1.88
Bag of Organic Bananas,Bunny Pasta with Yummy Cheese Macaroni & Cheese,1502,0.00045,0.004,0.178,1.51
Organic Roma Tomato,Organic Granny Smith Apple,1301,0.00039,0.043,0.021,2.33
Corn Tortillas,Organic Yellow Onion,1473,0.00044,0.095,0.013,2.7
Organic Unsweetened Almond Milk,Sparkling Water Grapefruit,2107,0.00063,0.035,0.027,1.48
Air Chilled Organic Boneless Skinless Chicken Breasts,Organic Raspberries,1463,0.00044,0.084,0.01,1.97
Banana,Organic Chicken Thighs,1276,0.00038,0.003,0.156,1.06
Bag of Organic Bananas,Organic Tortilla Chips,2796,0.00084,0.007,0.194,1.64
Frozen Organic Blueberries,Bag of Organic Bananas,1732,0.00052,0.256,0.004,2.17
Fresh Ginger Root,Garlic,2869,0.00086,0.113,0.074,9.8
Organic Golden Delicious Apple,Organic Hass Avocado,1423,0.00043,0.139,0.006,2.1
Organic Hot House Tomato,Banana,1166,0.00035,0.148,0.002,1.01
Seedless Red Grapes,Jalapeno Peppers,1516,0.00045,0.017,0.034,1.32
Kiwi Sandia Sparkling Water,Curate Cherry Lime Sparkling Water,1316,0.00039,0.137,0.14,48.79
Organic Whole String Cheese,Organic Half & Half,3110,0.00093,0.05,0.039,2.14
Banana,Original Rice Pilaf Mix,2218,0.00066,0.005,0.254,1.73
Sour Cream,Organic Avocado,2357,0.0007,0.104,0.013,1.9
Organic Chicken & Apple Sausage,Organic Zucchini,1173,0.00035,0.087,0.011,2.66
Organic Red Bell Pepper,Organic Baby Arugula,3175,0.00095,0.053,0.042,2.34
Organic Egg Whites,Cucumber Kirby,1199,0.00036,0.059,0.012,1.99
Strawberries,Brussels Sprouts,1690,0.00051,0.011,0.072,1.62
Banana,Root Beer,1144,0.00034,0.002,0.143,0.98
Organic Grade A Free Range Large Brown Eggs,Extra Virgin Olive Oil,1198,0.00036,0.029,0.023,1.83
Organic Raspberry Lowfat Yogurt,Organic Strawberries,1031,0.00031,0.189,0.004,2.29
Bag of Organic Bananas,Organic Red Lentils,1737,0.00052,0.004,0.214,1.81
Red Peppers,Organic Sour Cream,1084,0.00032,0.019,0.039,2.25
YoBaby Peach Pear Yogurt,Organic Hass Avocado,1128,0.00034,0.126,0.005,1.91
Organic Fat Free Milk,Organic Gala Apples,1463,0.00044,0.053,0.019,2.36
Organic Avocado,Cucumber Kirby,15973,0.00477,0.087,0.16,2.91
Yellow Onions,Organic Baby Arugula,3376,0.00101,0.044,0.045,1.94
Cheese Pizza,Bag of Organic Bananas,1008,0.0003,0.138,0.003,1.17
Apple Honeycrisp Organic,Carrots,3998,0.00119,0.046,0.053,2.04
Bag of Organic Bananas,Chocolate Chip Cookies,2112,0.00063,0.005,0.143,1.21
Strawberries,Honeycrisp Apple,7916,0.00237,0.053,0.095,2.13
Organic Diced Tomatoes,Organic Zucchini,2282,0.00068,0.1,0.021,3.06
Organic Strawberries,Ataulfo Mango,1431,0.00043,0.005,0.248,3.01
Organic Raspberries,Organic Tomato Cluster,6050,0.00181,0.042,0.091,2.12
Organic Butternut Squash,Organic Avocado,2072,0.00062,0.101,0.011,1.83
Organic Cucumber,Organic Tomato Cluster,6489,0.00194,0.076,0.097,3.82
Sparkling Lemon Water,Original Hummus,1497,0.00045,0.044,0.02,1.97
Bag of Organic Bananas,Organic Mango,2538,0.00076,0.006,0.262,2.22
100% Recycled Paper Towels,Organic Zucchini,1694,0.00051,0.058,0.015,1.78
Unsweetened Coconut Milk Beverage,Banana,1397,0.00042,0.169,0.003,1.15
Shredded Parmesan,Organic Gala Apples,1555,0.00046,0.041,0.021,1.82
Fresh Cauliflower,Red Onion,1984,0.00059,0.027,0.045,2.01
Organic Whole Strawberries,Organic Ginger Root,1363,0.00041,0.042,0.025,2.58
Spaghetti  No 12,Organic Strawberries,1340,0.0004,0.159,0.005,1.93
Goo Berry Pie Probugs Kefir,Organic Strawana Probugs Kefir,1604,0.00048,0.251,0.246,128.78
Pure Sparkling Water,Sparkling Water Berry,2200,0.00066,0.073,0.121,13.53
Organic Strawberries,Organic Long Grain White Rice,1280,0.00038,0.005,0.143,1.74
Serrano Chile Peppers,Organic Avocado,1013,0.0003,0.121,0.005,2.2
Seedless Red Grapes,Green Onions,1102,0.00033,0.013,0.039,1.52
Organic Grape Tomatoes,Brussels Sprouts,1031,0.00031,0.012,0.044,1.67
Gluten Free Dark Chocolate Chunk Chewy with a Crunch Granola Bars,Organic Strawberries,1385,0.00041,0.125,0.005,1.52
Organic Baby Spinach,Organic Sliced Peaches,2273,0.00068,0.009,0.221,2.93
Banana,Cucumber Kirby,32840,0.00981,0.067,0.329,2.24
Organic Lemon,White Corn,1284,0.00038,0.014,0.066,2.43
Organic Baby Spinach,Organic Cucumber,16746,0.005,0.067,0.197,2.62
Organic Tomato Sauce,Organic Avocado,1456,0.00044,0.103,0.008,1.86
Carrots,Organic Cucumber,4631,0.00138,0.062,0.054,2.42
Organic Purple Kale,Bag of Organic Bananas,1791,0.00054,0.233,0.005,1.98
Organic Whole Milk,Organic Garnet Sweet Potato (Yam),4402,0.00132,0.031,0.081,1.89
Small Hass Avocado,Bartlett Pears,1242,0.00037,0.024,0.034,2.18
Organic Raspberries,Organic Sliced Peaches,1970,0.00059,0.014,0.191,4.49
Carrots,Organic Whole String Cheese,2385,0.00071,0.032,0.039,1.72
Ground Turkey Breast,Organic Hass Avocado,3949,0.00118,0.143,0.018,2.16
Bag of Organic Bananas,Almonds & Sea Salt in Dark Chocolate,2503,0.00075,0.006,0.187,1.59
Basil Pesto,Organic Avocado,1986,0.00059,0.122,0.011,2.21
Feta Cheese Crumbles,Organic Tomato Cluster,1632,0.00049,0.048,0.024,2.42
White Corn,Organic Fuji Apple,1107,0.00033,0.057,0.012,2.06
1% Lowfat Milk,Banana,3794,0.00113,0.258,0.008,1.76
Organic Small Bunch Celery,Organic Low Sodium Chicken Broth,1419,0.00042,0.02,0.078,3.68
Organic Rainbow Carrots,Large Lemon,1595,0.00048,0.104,0.01,2.17
Extra Virgin Olive Oil,Organic Baby Broccoli,1092,0.00033,0.021,0.033,2.11
Whole Wheat Bread,Organic Hass Avocado,1140,0.00034,0.104,0.005,1.57
Italian Sparkling Mineral Water,Organic Whole Milk,2392,0.00071,0.075,0.017,1.75
Fresh Cauliflower,Organic Jalapeno Pepper,1388,0.00041,0.019,0.066,2.96
Organic Whole Strawberries,Organic Sliced Peaches,2516,0.00075,0.077,0.244,25.03
"Peach,  Apricot & Banana Stage 2 Baby Food",Spinach Peas & Pear Stage 2 Baby Food,1143,0.00034,0.217,0.138,87.26
Organic Black Beans,Organic Garnet Sweet Potato (Yam),2238,0.00067,0.057,0.041,3.47
Organic Turkey Bacon,Organic Yellow Onion,1296,0.00039,0.081,0.011,2.32
Organic Yellow Onion,Organic Green Seedless Grapes,1671,0.0005,0.014,0.075,2.13
100% Whole Wheat Bread,Organic Half & Half,1996,0.0006,0.032,0.025,1.34
Cantaloupe,Organic Cucumber,1971,0.00059,0.078,0.023,3.09
Organic Low Sodium Vegetable Broth,Large Lemon,1311,0.00039,0.122,0.008,2.53
Green Tea With Ginseng and Honey,Organic Hass Avocado,1165,0.00035,0.1,0.005,1.52
Total 2% with Strawberry Lowfat Greek Strained Yogurt,Total 0% Blueberry Acai Greek Yogurt,1352,0.0004,0.044,0.219,23.78
Bag of Organic Bananas,Oven Roasted Turkey,2245,0.00067,0.006,0.185,1.57
"Milk, Vitamin D",Organic Hass Avocado,1154,0.00034,0.128,0.005,1.93
Organic Whole String Cheese,Organic Large Brown Grade AA Cage Free Eggs,1843,0.00055,0.03,0.055,3.01
Strawberries,Organic Blueberries,10272,0.00307,0.069,0.098,2.19
Red Raspberries,Large Lemon,2704,0.00081,0.098,0.017,2.03
Organic Baby Arugula,Sparkling Water Grapefruit,2596,0.00078,0.034,0.033,1.45
Tilapia Filet,Organic Avocado,2035,0.00061,0.133,0.011,2.42
Apple Honeycrisp Organic,Banana,17839,0.00533,0.204,0.036,1.39
Organic Tomato Paste,Organic Avocado,2144,0.00064,0.117,0.012,2.12
Red Peppers,Red Onion,2852,0.00085,0.049,0.064,3.69
Organic Shredded Mozzarella,Organic Grape Tomatoes,1386,0.00041,0.073,0.016,2.77
Yellow Onions,Organic Ginger Root,2657,0.00079,0.035,0.049,2.14
Bag of Organic Bananas,Gala Apples,3150,0.00094,0.008,0.126,1.07
Organic Lemon,Organic Large Brown Grade AA Cage Free Eggs,2541,0.00076,0.028,0.076,2.8
Total 2% Lowfat Greek Strained Yogurt with Peach,Total 2% Greek Strained Yogurt with Cherry 5.3 oz,5127,0.00153,0.249,0.274,44.66
Pure Sparkling Water,Organic Zucchini,1107,0.00033,0.037,0.01,1.13
Organic Strawberries,Authentic French Brioche,1377,0.00041,0.005,0.176,2.13
Organic Butternut Squash,Organic Italian Parsley Bunch,1350,0.0004,0.066,0.021,3.49
"Clementines, Bag",Organic Zucchini,1566,0.00047,0.038,0.014,1.16
Organic Garlic,Fresh Ginger Root,2297,0.00069,0.02,0.09,2.65
Organic Hothouse Cucumbers,Organic Avocado,2180,0.00065,0.088,0.012,1.6
Organic Heavy Whipping Cream,Organic Grape Tomatoes,1311,0.00039,0.051,0.015,1.95
Original Veggie Straws,Organic Avocado,1876,0.00056,0.107,0.01,1.94
Organic D'Anjou Pears,Organic Roasted Turkey Breast,1369,0.00041,0.027,0.046,3.06
Organic Bunny Fruit Snacks Berry Patch,Organic Avocado,1113,0.00033,0.08,0.006,1.46
Organic Ketchup,Banana,2371,0.00071,0.149,0.005,1.01
Boneless Skinless Chicken Breast,Banana,5702,0.0017,0.242,0.012,1.65
Shallot,Asparagus,1146,0.00034,0.063,0.016,2.96
Strawberry Rhubarb Yoghurt,Raspberry Yoghurt,2030,0.00061,0.194,0.232,74.24
Michigan Organic Kale,Organic Red Cabbage,1426,0.00043,0.02,0.091,4.35
Organic Italian Parsley Bunch,Total Greek Strained Yogurt,1156,0.00035,0.018,0.042,2.24
Yellow Bell Pepper,Organic Cucumber,1252,0.00037,0.047,0.015,1.85
Organic Baby Spinach,Organic Extra Large Grade AA Brown Eggs,1768,0.00053,0.007,0.125,1.66
Organic Sticks Low Moisture Part Skim Mozzarella String Cheese,Asparagus,1321,0.00039,0.037,0.019,1.75
Sea Salt Pita Chips,Cucumber Kirby,1229,0.00037,0.071,0.012,2.38
Whole Milk Ricotta Cheese,Large Lemon,1004,0.0003,0.093,0.006,1.94
Organic Shredded Carrots,Organic Garnet Sweet Potato (Yam),1004,0.0003,0.048,0.018,2.93
Natural Free & Clear Dish Liquid,Organic Hass Avocado,1221,0.00036,0.129,0.006,1.96
Organic Baby Spinach,Sparkling Mineral Water,1021,0.00031,0.004,0.054,0.72
Boneless Skinless Chicken Breasts,Organic Gala Apples,1654,0.00049,0.032,0.022,1.4
Organic Black Beans,Organic Hass Avocado,6736,0.00201,0.17,0.03,2.58
Organic Garlic,Organic Dill,2423,0.00072,0.021,0.146,4.29
Organic Zucchini,Globe Eggplant,4080,0.00122,0.037,0.228,6.96
Organic Tomato Cluster,Organic Avocado,6437,0.00192,0.096,0.035,1.75
Granny Smith Apples,Banana,12426,0.00371,0.331,0.025,2.25
Organic Strawberries,Limes,19816,0.00592,0.072,0.135,1.64
Organic Turkey Bacon,Organic Large Extra Fancy Fuji Apple,1015,0.0003,0.064,0.013,2.74
Organic Baby Spinach,100% Pure Pumpkin,1167,0.00035,0.005,0.134,1.78
Organic Mexican Blend Finely Shredded Cheese,Organic Hass Avocado,3143,0.00094,0.165,0.014,2.5
Hass Avocados,Organic Zucchini,1798,0.00054,0.034,0.016,1.05
Apple Honeycrisp Organic,Organic Egg Whites,1034,0.00031,0.012,0.051,1.96
Organic Cilantro,Organic Unsweetened Almond Milk,2597,0.00078,0.036,0.043,1.98
Organic Large Extra Fancy Fuji Apple,Organic Garbanzo Beans,1207,0.00036,0.015,0.039,1.66
Bag of Organic Bananas,"Crispy Wheat, Crackers",1873,0.00056,0.005,0.242,2.05
Cinnamon Rolls with Icing,Organic Whole Milk,1234,0.00037,0.098,0.009,2.3
Frozen Organic Blueberries,Organic Strawberries,1115,0.00033,0.165,0.004,2.0
Boneless Skinless Chicken Breasts,Organic Romaine Lettuce,1233,0.00037,0.024,0.034,2.19
Total 2% Lowfat Greek Strained Yogurt with Peach,Large Lemon,1640,0.00049,0.08,0.01,1.66
Organic Baby Carrots,Asparagus,3162,0.00094,0.039,0.044,1.85
Unsalted Pure Irish Butter,Large Lemon,1797,0.00054,0.087,0.011,1.82
Organic Lacinato (Dinosaur) Kale,Organic Whole Milk,2701,0.00081,0.06,0.019,1.41
Total 2% Greek Strained Yogurt with Cherry 5.3 oz,Large Lemon,1343,0.0004,0.072,0.008,1.5
Boneless Skinless Chicken Breasts,Red Onion,2167,0.00065,0.041,0.049,3.11
Lightly Salted Baked Snap Pea Crisps,Organic Zucchini,1230,0.00037,0.047,0.011,1.45
Gala Apples,Cucumber Kirby,1324,0.0004,0.053,0.013,1.77
Seedless Red Grapes,Organic Granny Smith Apple,2464,0.00074,0.028,0.04,1.56
Organic Coconut Milk,Boneless Skinless Chicken Breasts,1153,0.00034,0.041,0.022,2.6
Fat Free Milk,Organic Hass Avocado,1373,0.00041,0.045,0.006,0.68
Organic Large Brown Eggs,Organic Yellow Onion,1142,0.00034,0.077,0.01,2.18
Reduced Fat 2% Milk,Raspberries,1050,0.00031,0.058,0.017,3.19
Mint,Organic Baby Spinach,1392,0.00042,0.128,0.006,1.7
Organic Baby Spinach,Organic Orange Juice,1186,0.00035,0.005,0.122,1.62
Organic Baby Spinach Salad,Organic Raspberries,2018,0.0006,0.11,0.014,2.58
Organic Gala Apples,Honeycrisp Apple,1291,0.00039,0.017,0.015,0.69
Organic Celery Hearts,Organic Carrot Bunch,1467,0.00044,0.059,0.039,5.25
Organic Unsweetened Almond Milk,Organic Blueberries,3366,0.00101,0.056,0.032,1.79
Blueberries,Garlic,1009,0.0003,0.017,0.026,1.5
Organic Whole String Cheese,No Salt Added Black Beans,1055,0.00032,0.017,0.036,1.96
Original Real Vegetable Chips,Organic Hass Avocado,1016,0.0003,0.127,0.005,1.92
Ezekiel 4:9 Bread Organic Sprouted Whole Grain,Banana,3915,0.00117,0.212,0.008,1.44
Strawberries,Plain Mini Bagels,1095,0.00033,0.007,0.135,3.02
Italian Sparkling Mineral Water,Organic Cilantro,1254,0.00037,0.039,0.017,1.79
Spring Water,Organic Baby Spinach,5815,0.00174,0.1,0.023,1.33
Banana,Organic Romaine Lettuce,6853,0.00205,0.014,0.19,1.3
100% Whole Wheat Bread,Organic Black Beans,1018,0.0003,0.016,0.026,1.36
Black Plum,Banana,3091,0.00092,0.32,0.006,2.18
Organic Yellow Onion,Organic Blueberries,5036,0.00151,0.043,0.048,1.36
Lemon Hummus,Organic Zucchini,1050,0.00031,0.062,0.01,1.88
Organic Lemon,Organic Spring Mix,1485,0.00044,0.016,0.045,1.64
Organic Romaine Leaf,Organic Hass Avocado,2088,0.00062,0.177,0.009,2.68
Extra Virgin Olive Oil,Organic Peeled Whole Baby Carrots,1296,0.00039,0.025,0.022,1.43
Seedless Red Grapes,Bartlett Pears,2928,0.00088,0.034,0.08,3.08
Spring Water,Organic Baby Arugula,1634,0.00049,0.028,0.022,1.24
Half & Half,Organic Large Brown Grade AA Cage Free Eggs,1546,0.00046,0.022,0.047,2.17
Hass Avocados,Organic Blueberries,3541,0.00106,0.067,0.034,2.15
Bag of Organic Bananas,Organic Cripps Pink Apples,3629,0.00108,0.009,0.268,2.27
Organic Mango Chunks,Organic Hass Avocado,1130,0.00034,0.145,0.005,2.19
Organic Yellow Squash,Organic Avocado,1477,0.00044,0.127,0.008,2.31
Organic Baby Arugula,Organic Spring Mix,1217,0.00036,0.016,0.037,1.62
Organic Broccoli,Organic Spring Mix,1011,0.0003,0.025,0.031,2.53
Large Alfresco Eggs,Organic Tomato Cluster,1488,0.00044,0.035,0.022,1.76
Banana,Reduced Fat 2% Milk,1730,0.00052,0.004,0.096,0.65
Apple Honeycrisp Organic,Organic Baby Broccoli,1982,0.00059,0.023,0.06,2.29
Organic Romaine,Organic Blueberries,1066,0.00032,0.043,0.01,1.37
Half & Half,Total 2% Lowfat Greek Strained Yogurt with Peach,1384,0.00041,0.019,0.067,3.15
Diced Tomatoes,Large Lemon,1558,0.00047,0.108,0.01,2.24
Organic Reduced Fat 2% Milk,Large Lemon,2188,0.00065,0.044,0.014,0.92
Banana,Organic Bagged Carrots,2163,0.00065,0.004,0.253,1.72
Ground Turkey Breast,Organic Garnet Sweet Potato (Yam),1532,0.00046,0.055,0.028,3.4
Organic Whole Kernel Sweet Corn No Salt Added,Organic Red Onion,1084,0.00032,0.081,0.015,3.84
Free & Clear Unscented Baby Wipes,Organic Hass Avocado,1105,0.00033,0.169,0.005,2.56
Organic Hot House Tomato,Organic Hass Avocado,1516,0.00045,0.192,0.007,2.91
Organic Baby Spinach,Boomchickapop Sea Salt Popcorn,1108,0.00033,0.004,0.106,1.41
Organic Raspberries,Organic Yellow Squash,1035,0.00031,0.007,0.089,2.09
Whole Milk Ricotta Cheese,Organic Hass Avocado,1263,0.00038,0.117,0.006,1.77
0% Greek Strained Yogurt,Raspberries,1074,0.00032,0.079,0.018,4.32
Organic AppleApple,Honeycrisp Apple,1259,0.00038,0.075,0.015,3.01
Organic Bunny Fruit Snacks Berry Patch,Organic Raspberries,1428,0.00043,0.103,0.01,2.42
Organic Blackberries,Sparkling Water Grapefruit,1721,0.00051,0.027,0.022,1.13
Organic Whole Strawberries,Original Hummus,1597,0.00048,0.049,0.022,2.21
Organic Baby Spinach,Sparkling Water Grapefruit,7783,0.00233,0.031,0.098,1.31
Organic Baby Carrots,Organic Creamy Peanut Butter,1194,0.00036,0.015,0.064,2.64
Bag of Organic Bananas,Green Seedless Grapes,2110,0.00063,0.005,0.162,1.37
Aged White Cheddar Baked Rice & Corn Puffs Gluten Free Lunch Packs,Organic Hass Avocado,1767,0.00053,0.156,0.008,2.36
Kiwi Sandia Sparkling Water,Blackberry Cucumber Sparkling Water,3293,0.00098,0.343,0.28,97.51
Apple Honeycrisp Organic,Lemon Hummus,1036,0.00031,0.012,0.061,2.33
Organic Vanilla Almond Milk,Organic Hass Avocado,1714,0.00051,0.143,0.008,2.17
Banana,Uncured Black Forest Ham,2052,0.00061,0.004,0.237,1.61
Organic Dijon Mustard,Large Lemon,1239,0.00037,0.108,0.008,2.24
Original Veggie Straws,Honeycrisp Apple,1206,0.00036,0.069,0.014,2.76
"Juice Beverage, Cold Pressed, Kale Apple Ginger Romaine Spinach Cucumber Celery Parsley Lemon",Organic Baby Spinach,1021,0.00031,0.123,0.004,1.63
Organic Baby Spinach,Organic Chicken Thighs,1218,0.00036,0.005,0.148,1.97
Lemon Hummus,Organic Peeled Whole Baby Carrots,1077,0.00032,0.063,0.019,3.65
Organic Bread with 21 Whole Grains,Organic Tomato Cluster,1116,0.00033,0.047,0.017,2.33
Minced Garlic,Banana,1013,0.0003,0.192,0.002,1.31
Organic Black Beans,Organic Unsweetened Almond Milk,1728,0.00052,0.044,0.029,2.43
Organic Cannellini Beans,Organic Black Beans,1006,0.0003,0.123,0.025,10.41
Organic Red Onion,Shredded Mozzarella,1345,0.0004,0.019,0.059,2.77
Organic Cucumber,Fresh Ginger Root,1123,0.00034,0.013,0.044,1.74
100% Raw Coconut Water,Sparkling Natural Mineral Water,1690,0.00051,0.043,0.038,3.22
Granny Smith Apples,Organic Avocado,2661,0.0008,0.071,0.014,1.29
Organic Large Brown Eggs,Organic Hass Avocado,1564,0.00047,0.105,0.007,1.59
Organic Avocado,Smoked Turkey Breast Slices,1022,0.00031,0.006,0.1,1.82
Mango Chunks,Cucumber Kirby,1622,0.00048,0.088,0.016,2.95
Green Beans,Organic Gala Apples,1080,0.00032,0.036,0.014,1.58
Organic Broccoli Florets,Organic Raspberries,2952,0.00088,0.086,0.021,2.02
Organic Baby Spinach,Organic Spring Mix,4685,0.0014,0.019,0.141,1.88
Soda,Spring Water,1426,0.00043,0.038,0.024,2.19
Synergy Organic & Raw Cosmic Cranberry,Banana,1089,0.00033,0.173,0.002,1.18
Organic Blueberries,Raspberries,7561,0.00226,0.072,0.124,3.95
Banana,Organic Blackberries,15378,0.0046,0.031,0.238,1.62
Fresh Cauliflower,Roma Tomato,1416,0.00042,0.019,0.034,1.51
Total 2% All Natural Greek Strained Yogurt with Honey,Total 0% with Honey Nonfat Greek Strained Yogurt,1101,0.00033,0.046,0.095,13.3
Packaged Grape Tomatoes,Blackberries,1261,0.00038,0.09,0.053,12.62
I Heart Baby Kale,Large Lemon,1020,0.0003,0.079,0.006,1.65
Original Hummus,Organic Hass Avocado,10653,0.00318,0.144,0.048,2.18
Organic Frozen Mango Chunks,Organic Baby Spinach,2500,0.00075,0.229,0.01,3.04
Organic Large Extra Fancy Fuji Apple,Organic Egg Whites,1013,0.0003,0.013,0.05,2.15
Oven Roasted Turkey Breast,Large Lemon,1214,0.00036,0.058,0.008,1.2
Organic Red Bell Pepper,Air Chilled Organic Boneless Skinless Chicken Breasts,1411,0.00042,0.024,0.081,4.52
Banana,Organic Cilantro,11638,0.00348,0.024,0.159,1.09
Banana,Garlic,8801,0.00263,0.018,0.228,1.56
Original Nooks & Crannies English Muffins,Bag of Organic Bananas,1160,0.00035,0.074,0.003,0.63
Pure Sparkling Water,Organic Baby Spinach,2866,0.00086,0.096,0.011,1.27
Tomato Ketchup,Organic Strawberries,1032,0.00031,0.076,0.004,0.92
Clementines,Roasted Pine Nut Hummus,1138,0.00034,0.035,0.095,9.92
Red Peppers,Feta Cheese Crumbles,1786,0.00053,0.031,0.053,3.04
Sharp Cheddar Cheese,Honeycrisp Apple,1252,0.00037,0.04,0.015,1.6
Bag of Organic Bananas,Organic White Onions,5114,0.00153,0.013,0.209,1.77
Bag of Organic Bananas,"Clementines, Bag",6424,0.00192,0.016,0.156,1.32
Total 0% with Honey Nonfat Greek Strained Yogurt,Total 2% Greek Strained Yogurt with Cherry 5.3 oz,1251,0.00037,0.108,0.067,19.28
Bag of Organic Bananas,Organic String Cheese,1390,0.00042,0.004,0.218,1.85
Organic Baby Spinach,Organic Spring Mix Salad,3992,0.00119,0.016,0.18,2.39
Fresh Cauliflower,Organic Bunch Beets,1531,0.00046,0.021,0.102,4.58
Organic Lemon,Organic Extra Large Grade AA Brown Eggs,1328,0.0004,0.015,0.094,3.44
Organic English Cucumber,Organic Baby Spinach,1439,0.00043,0.166,0.006,2.2
Sustainably Soft Bath Tissue,Organic Garlic,1152,0.00034,0.06,0.01,1.78
Organic Whole Strawberries,Organic Granny Smith Apple,1470,0.00044,0.045,0.024,2.46
Total 2% with Strawberry Lowfat Greek Strained Yogurt,Organic Peeled Whole Baby Carrots,1215,0.00036,0.039,0.021,2.28
Original Hummus,Red Onion,1088,0.00033,0.015,0.024,1.1
Organic Beef Hot Dogs,Organic Avocado,1466,0.00044,0.084,0.008,1.53
Organic Strawberries,Chicken & Maple Breakfast Sausage,3648,0.00109,0.013,0.19,2.31
Cinnamon Raisin Bread,Organic Strawberries,1206,0.00036,0.182,0.004,2.21
Organic Lemon,Organic Butternut Squash,1339,0.0004,0.015,0.065,2.39
Sharp Cheddar Thick Slices Cheese,Banana,1031,0.00031,0.198,0.002,1.35
Organic Cheese Frozen Pizza,Banana,3159,0.00094,0.213,0.006,1.45
Organic Baby Spinach,Organic Baby Carrots,13304,0.00398,0.053,0.165,2.2
Crushed Tomatoes,Bag of Organic Bananas,1641,0.00049,0.133,0.004,1.13
Green Onions,Large Lemon,3829,0.00114,0.137,0.024,2.85
Limes,Organic Zucchini,10676,0.00319,0.073,0.098,2.23
Organic Cucumber,Organic Unsweetened Almond Milk,3876,0.00116,0.046,0.065,2.54
Organic Baby Spinach,Organic Whole Milk,17619,0.00527,0.07,0.123,1.64
Organic Zucchini,Organic Avocado,11945,0.00357,0.109,0.065,1.98
Organic Fresh Basil,Organic Raspberries,1165,0.00035,0.096,0.008,2.24
Organic Strawberries,Lime Sparkling Water,5134,0.00153,0.019,0.106,1.28
Organic Sticks Low Moisture Part Skim Mozzarella String Cheese,Organic Avocado,3158,0.00094,0.089,0.017,1.61
Bag of Organic Bananas,Golden Pineapple,1028,0.00031,0.003,0.189,1.6
Organic Baby Spinach,Organic Rainbow Chard Vegetable,1458,0.00044,0.006,0.192,2.56
Organic Basil,Organic Small Bunch Celery,1741,0.00052,0.062,0.025,2.95
Organic Shredded Carrots,Honeycrisp Apple,1053,0.00031,0.05,0.013,2.01
Organic Baby Arugula,Organic Baby Spinach,13735,0.0041,0.181,0.055,2.41
Organic Large Extra Fancy Fuji Apple,Organic Kiwi,3795,0.00113,0.049,0.073,3.13
Banana,Organic Cauliflower,1736,0.00052,0.004,0.134,0.91
Organic Red Potatoes,Banana,1499,0.00045,0.169,0.003,1.15
Organic Strawberries,Low Fat Strawberry Yogurt Tubes,1417,0.00042,0.005,0.223,2.71
Organic Frozen Peas,Limes,1486,0.00044,0.071,0.01,1.62
Organic Broccoli Crowns,Bag of Organic Bananas,5430,0.00162,0.284,0.014,2.4
Apple Honeycrisp Organic,Organic Carrot Bunch,2728,0.00082,0.031,0.073,2.78
Organic Fresh Basil,Limes,1726,0.00052,0.142,0.012,3.23
Organic D'Anjou Pears,Organic Garnet Sweet Potato (Yam),2691,0.0008,0.053,0.049,3.25
Organic Butternut Squash,Large Lemon,1864,0.00056,0.091,0.012,1.89
Yellow Onions,Boneless Skinless Chicken Breast,1699,0.00051,0.022,0.072,3.14
Bag of Organic Bananas,Organic Shredded Mozzarella,4451,0.00133,0.011,0.234,1.98
Tomato Paste,Limes,1170,0.00035,0.099,0.008,2.27
Organic Cilantro,Organic Basil,2293,0.00069,0.031,0.082,3.77
Yellow Onions,Salted Butter,1088,0.00033,0.014,0.054,2.37
Tomato Paste,Large Lemon,1202,0.00036,0.102,0.007,2.12
Organic Blackberries,Total 0% Nonfat Greek Yogurt,1085,0.00032,0.017,0.039,2.02
Bag of Organic Bananas,Organic Plain Greek Whole Milk Yogurt,3486,0.00104,0.009,0.289,2.45
Gluten Free SpongeBob Spinach Littles,Organic Baby Spinach,1182,0.00035,0.161,0.005,2.14
Organic Raspberry Lowfat Yogurt,Banana,1207,0.00036,0.221,0.002,1.51
Organic Whole Milk,Creamy Almond Butter,1181,0.00035,0.008,0.053,1.24
Bag of Organic Bananas,Dairy Free Unsweetened Coconut Milk,1572,0.00047,0.004,0.185,1.57
Organic Celery Hearts,Fresh Cauliflower,1811,0.00054,0.073,0.024,3.28
Organic Cucumber,Organic Small Bunch Celery,8985,0.00269,0.106,0.127,5.0
Fat Free Strawberry Yogurt,Banana,2746,0.00082,0.27,0.006,1.84
Bag of Organic Bananas,Original Orange Juice,3254,0.00097,0.008,0.125,1.06
Half & Half,Total 0% Nonfat Greek Yogurt,1203,0.00036,0.017,0.043,2.02
Red Peppers,Organic Fuji Apple,3867,0.00116,0.066,0.042,2.39
Michigan Organic Kale,Organic Blueberries,3575,0.00107,0.051,0.034,1.63
Organic Broccoli Crowns,Organic Large Grade AA Brown Eggs,1227,0.00037,0.064,0.046,8.07
Organic Tomato Paste,Fresh Cauliflower,1011,0.0003,0.055,0.014,2.49
Large Greenhouse Tomato,Banana,2760,0.00082,0.257,0.006,1.75
Organic Raspberries,Organic Fat Free Milk,2655,0.00079,0.019,0.097,2.27
Blackberries,Organic Raspberries,1322,0.0004,0.055,0.009,1.3
Organic Raspberries,Feta Cheese Crumbles,2099,0.00063,0.015,0.062,1.46
All Natural Marinara Sauce,Banana,1870,0.00056,0.211,0.004,1.44
Limes,Roasted Turkey Breast,1096,0.00033,0.007,0.06,1.37
Total 2% Lowfat Greek Strained Yogurt With Blueberry,Bag of Organic Bananas,3165,0.00095,0.148,0.008,1.25
Sour Cream,Organic Whole Milk,1380,0.00041,0.061,0.01,1.43
Organic Kiwi,Raspberries,1010,0.0003,0.019,0.017,1.07
Total 2% All Natural Greek Strained Yogurt with Honey,Fat Free Strawberry Yogurt,1242,0.00037,0.052,0.122,17.15
Grated Parmesan,Salted Butter,1061,0.00032,0.023,0.053,3.79
Jalapeno Hummus,Organic Hass Avocado,1188,0.00036,0.148,0.005,2.25
Organic Garlic,Organic Shredded Carrots,1684,0.0005,0.015,0.08,2.35
Organic Baby Spinach Salad,Cucumber Kirby,1488,0.00044,0.081,0.015,2.72
Roasted Salted Cashews,Organic Strawberries,1050,0.00031,0.145,0.004,1.76
Blueberries,Organic Tomato Cluster,1030,0.00031,0.018,0.015,0.89
Green Beans,Asparagus,1829,0.00055,0.061,0.026,2.85
Small Hass Avocado,Organic Roma Tomato,1014,0.0003,0.019,0.033,2.13
Organic Spinach Bunch,Large Lemon,1039,0.00031,0.084,0.006,1.76
Bag of Organic Bananas,Original Puffins Cereal,1184,0.00035,0.003,0.204,1.73
Green Bell Pepper,Organic Coconut Milk,1288,0.00038,0.022,0.046,2.63
Organic Red Onion,Organic Broccoli Florets,1512,0.00045,0.021,0.044,2.09
Organic Baby Spinach,Organic Unsweetened Almond Milk,11080,0.00331,0.044,0.184,2.45
Organic Small Bunch Celery,Sweet Onion,1353,0.0004,0.019,0.066,3.14
Italian Sparkling Mineral Water,Organic Hass Avocado,4000,0.0012,0.125,0.018,1.89
Organic Bosc Pear,Organic Garnet Sweet Potato (Yam),1138,0.00034,0.051,0.021,3.16
Organic Garlic,Organic Fuji Apple,3870,0.00116,0.034,0.042,1.22
Organic Garlic,Panko Bread Crumbs,1012,0.0003,0.009,0.108,3.17
Apple Honeycrisp Organic,Baby Spinach,1184,0.00035,0.014,0.049,1.87
Organic Grade A Free Range Large Brown Eggs,Organic Large Extra Fancy Fuji Apple,2125,0.00064,0.051,0.027,2.18
Limes,Uncured Genoa Salami,3030,0.00091,0.021,0.07,1.6
Bag of Organic Bananas,Organic Low Sodium Chicken Broth,2498,0.00075,0.006,0.137,1.16
Organic Strawberries,Whole Organic Omega 3 Milk,2177,0.00065,0.008,0.231,2.81
Organic Strawberries,Ground Buffalo,1078,0.00032,0.004,0.182,2.21
Italian Sparkling Mineral Water,Asparagus,1142,0.00034,0.036,0.016,1.67
Roasted Turkey Breast,Organic Avocado,1920,0.00057,0.105,0.01,1.91
Baby Spinach,Organic Ginger Root,1056,0.00032,0.043,0.02,2.69
Banana,Low Fat Vanilla Yogurt,1940,0.00058,0.004,0.258,1.75
Bunched Cilantro,Organic Zucchini,3094,0.00092,0.065,0.028,1.99
Organic Celery Hearts,Cucumber Kirby,1825,0.00055,0.073,0.018,2.46
Organic Red Onion,Organic Raspberries,5446,0.00163,0.077,0.038,1.8
"Parsley, Italian (Flat), New England Grown",Organic Baby Spinach,1131,0.00034,0.124,0.004,1.65
Organic Whole Strawberries,Organic Blueberries,3477,0.00104,0.106,0.033,3.39
Organic Navel Orange,Organic Whole Milk,3156,0.00094,0.071,0.022,1.65
Strawberries,Black Beans,1090,0.00033,0.007,0.076,1.71
Granny Smith Apples,Orange Bell Pepper,1133,0.00034,0.03,0.028,2.46
Michigan Organic Kale,Original Hummus,3159,0.00094,0.045,0.043,2.03
Apple Honeycrisp Organic,Organic Celery Hearts,1710,0.00051,0.02,0.069,2.63
Organic Diced Tomatoes,Strawberries,1149,0.00034,0.05,0.008,1.13
Total 2% Lowfat Plain Greek Yogurt,Organic Whole Milk,1144,0.00034,0.068,0.008,1.59
Organic Whole Milk,Organic Egg Whites,1081,0.00032,0.008,0.053,1.25
Spring Water,Organic Hass Avocado,5472,0.00164,0.094,0.025,1.42
Organic Cream Cheese Bar,Organic Raspberries,1010,0.0003,0.092,0.007,2.15
Organic Grape Tomatoes,Organic Half & Half,2660,0.00079,0.03,0.034,1.28
Organic Baby Spinach,Organic Reduced Fat Milk,4988,0.00149,0.02,0.135,1.8
Fresh Cauliflower,Organic Red Cabbage,1687,0.0005,0.023,0.108,4.86
Bag of Organic Bananas,Non Fat Acai & Mixed Berries Yogurt,1378,0.00041,0.003,0.152,1.29
Organic Large Brown Eggs,Organic Avocado,2859,0.00085,0.192,0.016,3.49
Organic Green Leaf Lettuce,Organic Hass Avocado,1887,0.00056,0.129,0.009,1.96
100% Whole Wheat Bread,Unsweetened Original Almond Breeze Almond Milk,1006,0.0003,0.016,0.028,1.48
"Organic Red Radish, Bunch",Organic D'Anjou Pears,1076,0.00032,0.038,0.021,2.51
Banana,Organic White Onions,3559,0.00106,0.007,0.145,0.99
Organic Spinach Bunch,Organic Hass Avocado,1866,0.00056,0.151,0.008,2.29
Organic Lemon,Hass Avocados,1185,0.00035,0.013,0.023,0.83
Organic Red Onion,Organic Whole Milk,5129,0.00153,0.072,0.036,1.7
Apple Honeycrisp Organic,Asparagus,3079,0.00092,0.035,0.043,1.66
Seedless Red Grapes,Large Alfresco Eggs,1559,0.00047,0.018,0.037,1.42
Italian Sparkling Mineral Water,Organic Zucchini,1691,0.00051,0.053,0.015,1.61
Organic Strawberries,Mandarin Oranges,1401,0.00042,0.005,0.119,1.45
Boneless Skinless Chicken Breasts,Frozen Broccoli Florets,1327,0.0004,0.025,0.082,5.25
Organic Snipped Green Beans,Limes,1409,0.00042,0.077,0.01,1.77
Organic Granny Smith Apple,Organic Small Bunch Celery,4916,0.00147,0.08,0.07,3.81
Organic Kiwi,Asparagus,2324,0.00069,0.045,0.033,2.1
Organic Fuji Apple,Grape White/Green Seedless,2912,0.00087,0.031,0.072,2.59
Organic Romaine Lettuce,Organic Small Bunch Celery,3752,0.00112,0.104,0.053,4.93
Organic Broccoli,Organic Kiwi,2013,0.0006,0.05,0.039,3.21
Yotoddler Organic Pear Spinach Mango Yogurt,Banana,1717,0.00051,0.275,0.003,1.87
Organic Zucchini,Sweet Onion,1982,0.00059,0.018,0.097,2.97
2% Reduced Fat Organic Milk,Organic Half & Half,1132,0.00034,0.066,0.014,2.81
Organic Hass Avocado,Organic Pinto Beans,1776,0.00053,0.008,0.158,2.4
Organic Yellow Onion,Organic Beef Hot Dogs,1166,0.00035,0.01,0.067,1.91
Organic Baby Spinach,Orange Juice,1264,0.00038,0.005,0.072,0.96
Organic Raspberries,Brussels Sprouts,1436,0.00043,0.01,0.061,1.44
Mini Original Babybel Cheese,Strawberries,1094,0.00033,0.069,0.007,1.54
Semi-Sweet Chocolate Premium Baking Chips,Banana,1045,0.00031,0.195,0.002,1.33
Bag of Organic Bananas,Organic YoKids Smoothie Strawberry Banana Lowfat Yogurt,1757,0.00053,0.004,0.233,1.98
Bag of Organic Bananas,Organic Blue Corn Tortilla Chips,2591,0.00077,0.007,0.192,1.62
Small Hass Avocado,Unsweetened Almondmilk,1411,0.00042,0.027,0.027,1.75
Green Onions,Red Peppers,1818,0.00054,0.065,0.031,3.74
Banana,Red Mango,2667,0.0008,0.005,0.308,2.1
Organic Snipped Green Beans,Organic Zucchini,2066,0.00062,0.114,0.019,3.47
Strawberries,Spring Water,2071,0.00062,0.014,0.036,0.8
Seedless Small Watermelon,Large Lemon,1005,0.0003,0.07,0.006,1.45
Red Peppers,Organic Tomato Cluster,3152,0.00094,0.054,0.047,2.71
Yellow Bell Pepper,Orange Bell Pepper,7520,0.00225,0.282,0.183,23.02
Seedless Red Grapes,Organic Baby Spinach,9856,0.00295,0.114,0.039,1.51
Organic Cucumber,Original Veggie Straws,1009,0.0003,0.012,0.058,2.27
"Organic Red Radish, Bunch",Organic Blueberries,1429,0.00043,0.051,0.014,1.61
Red Vine Tomato,Organic Baby Carrots,2268,0.00068,0.04,0.028,1.66
Banana,Organic Dill,2330,0.0007,0.005,0.14,0.96
Organic Raspberries,Large Lemon,8310,0.00248,0.058,0.052,1.21
85% Lean Ground Beef,Banana,3430,0.00103,0.269,0.007,1.83
Shredded Parmesan,Organic Kiwi,1241,0.00037,0.033,0.024,2.12
Organic Russet Potato,Large Lemon,2702,0.00081,0.08,0.017,1.67
Broccoli Florettes,Bag of Organic Bananas,1094,0.00033,0.142,0.003,1.2
Bag of Organic Bananas,Cold Brew Coffee,1344,0.0004,0.003,0.145,1.23
Club Soda,Limes,1320,0.00039,0.168,0.009,3.84
Total 2% All Natural Plain Greek Yogurt,Organic Avocado,1647,0.00049,0.095,0.009,1.73
Organic Raspberries,Macaroni & Cheese,1290,0.00039,0.009,0.071,1.67
Organic Whole String Cheese,Organic Kiwi,2559,0.00076,0.041,0.049,2.67
Tilapia Filet,Limes,1940,0.00058,0.127,0.013,2.9
Organic Snipped Green Beans,Organic Large Extra Fancy Fuji Apple,1062,0.00032,0.058,0.014,2.5
Organic Red Bell Pepper,"Organic Red Radish, Bunch",1743,0.00052,0.029,0.062,3.45
Organic Baby Spinach,Aged White Cheddar Baked Rice & Corn Puffs Gluten Free Lunch Packs,1349,0.0004,0.005,0.119,1.58
Feta Cheese Crumbles,Organic Garbanzo Beans,1638,0.00049,0.048,0.053,5.2
Organic Broccoli,Red Vine Tomato,1045,0.00031,0.026,0.018,1.53
Organic Reduced Fat 2% Milk,Organic Blackberries,1386,0.00041,0.028,0.021,1.45
Sliced Black Olives,Banana,2284,0.00068,0.203,0.005,1.39
Roasted Red Pepper Hummus,Organic Avocado,1710,0.00051,0.096,0.009,1.74
Organic Yellow Onion,Original Hummus,4234,0.00127,0.036,0.057,1.62
Shredded Mild Cheddar Cheese,Organic Half & Half,1025,0.00031,0.037,0.013,1.56
Frozen Broccoli Florets,Organic Zucchini,1037,0.00031,0.064,0.009,1.96
"Milk, Reduced Fat, 2% Milkfat",Half & Half,1257,0.00038,0.16,0.018,7.49
Seedless Red Grapes,Organic Tomato Cluster,2623,0.00078,0.03,0.039,1.51
Organic Leek,Organic Hass Avocado,2980,0.00089,0.146,0.013,2.21
Bag of Organic Bananas,Super Greens Salad,3643,0.00109,0.009,0.229,1.94
Half & Half,Organic Lacinato (Dinosaur) Kale,1472,0.00044,0.021,0.033,1.53
Michigan Organic Kale,Large Lemon,9319,0.00279,0.133,0.058,2.77
Apple Honeycrisp Organic,Michigan Organic Kale,3347,0.001,0.038,0.048,1.83
Russet Potato,Jalapeno Peppers,1130,0.00034,0.037,0.025,2.77
Organic Red Onion,Pineapple Chunks,1115,0.00033,0.016,0.043,2.02
Tommy/Kent/Keitt/Haden Mango,Organic Hass Avocado,1188,0.00036,0.137,0.005,2.08
Organic Zucchini,Organic Half & Half,2567,0.00077,0.023,0.032,0.99
Bag of Organic Bananas,Organic Red Grapes,2461,0.00074,0.006,0.257,2.18
Organic Navel Orange,Organic Avocado,3860,0.00115,0.086,0.021,1.57
Apple Honeycrisp Organic,Jalapeno Peppers,1465,0.00044,0.017,0.033,1.26
Uncured Slow Cooked Ham,Uncured Genoa Salami,1037,0.00031,0.074,0.024,5.7
Pita Chips Simply Naked,Large Lemon,1080,0.00032,0.092,0.007,1.92
Yellow Onions,Organic Grade A Free Range Large Brown Eggs,1648,0.00049,0.021,0.039,1.71
Organic Romaine,Organic Garnet Sweet Potato (Yam),1014,0.0003,0.041,0.019,2.51
White Corn,Organic Hass Avocado,2756,0.00082,0.142,0.012,2.15
Organic Garlic,Poblano Pepper,1120,0.00033,0.01,0.164,4.82
Blood Oranges,Organic Hass Avocado,1324,0.0004,0.12,0.006,1.82
Boneless Skinless Chicken Breasts,Organic Spring Mix,1007,0.0003,0.019,0.03,1.94
Banana,Hass Avocado,4153,0.00124,0.008,0.216,1.47
Organic Raspberries,Organic Hass Avocado,26812,0.00801,0.188,0.121,2.85
Organic Blueberries,Organic Bell Pepper,2011,0.0006,0.019,0.083,2.63
Pretzel Crisps Original Deli Style Pretzel Crackers,Organic Baby Spinach,1473,0.00044,0.089,0.006,1.18
100% Recycled Paper Towels,Organic Fuji Apple,1098,0.00033,0.038,0.012,1.36
Whole Milk Ricotta Cheese,Organic Garlic,1393,0.00042,0.129,0.012,3.79
Lime Sparkling Water,Organic Baby Carrots,2023,0.0006,0.042,0.025,1.73
Apple Honeycrisp Organic,Organic Large Brown Grade AA Cage Free Eggs,1775,0.00053,0.02,0.053,2.05
Green Bell Pepper,Organic Cilantro,4606,0.00138,0.079,0.063,3.64
Red Vine Tomato,Organic Small Bunch Celery,1981,0.00059,0.035,0.028,1.65
Carrots,Organic Baby Broccoli,1994,0.0006,0.027,0.06,2.68
Shredded Parmesan,Organic Cilantro,1583,0.00047,0.042,0.022,1.92
100% Whole Wheat Bread,Organic Grade A Free Range Large Brown Eggs,1587,0.00047,0.025,0.038,2.01
Banana,Blood Oranges,2232,0.00067,0.005,0.202,1.38
Organic Broccoli Crowns,Organic Whole Milk,1476,0.00044,0.077,0.01,1.81
Red Vine Tomato,Unsweetened Original Almond Breeze Almond Milk,1078,0.00032,0.019,0.03,1.77
Organic Broccoli Florets,Organic Half & Half,1030,0.00031,0.03,0.013,1.27
Organic Red Onion,Frozen Organic Wild Blueberries,1506,0.00045,0.021,0.049,2.3
Firm Tofu,Organic Zucchini,1005,0.0003,0.091,0.009,2.78
Banana,Premium Pure Cane Granulated Sugar,1681,0.0005,0.003,0.211,1.44
Michigan Organic Kale,Organic Baby Broccoli,1869,0.00056,0.027,0.056,2.69
Mango Chunks,Organic Whole Strawberries,2113,0.00063,0.115,0.065,11.74
Organic Chocolate Chip Chewy Granola Bars,Organic Strawberries,1301,0.00039,0.193,0.005,2.34
Total Greek Strained Yogurt,Organic Half & Half,1359,0.00041,0.05,0.017,2.1
Vanilla Skyr Nonfat Yogurt,Honeycrisp Apple,1140,0.00034,0.06,0.014,2.42
Organic Red Bell Pepper,Organic Yellow Peaches,1225,0.00037,0.02,0.056,3.11
Organic Raspberries,Goat Cheese Crumbles,1042,0.00031,0.007,0.074,1.74
Boneless Skinless Chicken Breasts,Organic Black Beans,1180,0.00035,0.023,0.03,1.91
Organic Grade A Large Brown Eggs,Large Lemon,1839,0.00055,0.111,0.011,2.31
Organic Baby Broccoli,Organic Small Bunch Celery,2019,0.0006,0.061,0.029,2.88
Organic Gala Apples,Organic Granny Smith Apple,3941,0.00118,0.052,0.064,2.85
Fresh Cauliflower,Organic Blueberries,3561,0.00106,0.048,0.034,1.53
Yellow Onions,Organic Whole Strawberries,1094,0.00033,0.014,0.033,1.46
Seedless Red Grapes,Organic Broccoli Florets,1302,0.00039,0.015,0.038,1.47
Russet Potato,Red Vine Tomato,1727,0.00052,0.056,0.03,3.32
Limes,Organic Peeled Whole Baby Carrots,4565,0.00136,0.031,0.079,1.8
Shredded Parmesan,Broccoli Crown,1326,0.0004,0.035,0.029,2.62
Organic Baby Broccoli,Organic Blueberries,1709,0.00051,0.052,0.016,1.64
100% Whole Wheat Bread,Bunched Cilantro,1156,0.00035,0.018,0.024,1.29
Bag of Organic Bananas,Ice Cream Sandwiches Vanilla,1175,0.00035,0.003,0.177,1.5
"Clementines, Bag",Cucumber Kirby,1849,0.00055,0.045,0.019,1.5
Extra Virgin Olive Oil,Organic Garnet Sweet Potato (Yam),1614,0.00048,0.031,0.03,1.89
Organic Spring Mix Salad,Organic Zucchini,1769,0.00053,0.08,0.016,2.44
"Yogurt, Lowfat, Strawberry",Banana,1893,0.00057,0.229,0.004,1.56
Organic Unsweetened Almond Milk,Organic Peeled Whole Baby Carrots,1730,0.00052,0.029,0.03,1.67
Limes,Total 2% Greek Strained Yogurt with Cherry 5.3 oz,1187,0.00035,0.008,0.064,1.45
Jalapeno Peppers,Organic Raspberries,1904,0.00057,0.043,0.013,1.0
Organic Hass Avocado,Medium Navel Orange,1007,0.0003,0.005,0.094,1.42
Ezekiel 4:9 Bread Organic Sprouted Whole Grain,Organic Hass Avocado,3012,0.0009,0.163,0.014,2.47
Organic Shredded Mild Cheddar,Banana,1359,0.00041,0.158,0.003,1.08
Honeycrisp Apple,Organic Bosc Pear,1285,0.00038,0.015,0.058,2.33
Organic Red Onion,Cucumber Kirby,4815,0.00144,0.068,0.048,2.28
Baby Spinach,Organic Grape Tomatoes,1297,0.00039,0.053,0.015,2.03
Organic Ginger Root,Large Lemon,6453,0.00193,0.119,0.04,2.48
Organic Yellow Onion,Organic Italian Parsley Bunch,9598,0.00287,0.082,0.152,4.33
Bag of Organic Bananas,Organic Kiwi,15058,0.0045,0.038,0.289,2.45
Baby Spinach,Organic Yellow Onion,1503,0.00045,0.062,0.013,1.76
Banana,Organic Lacinato (Dinosaur) Kale,7869,0.00235,0.016,0.176,1.2
Unsweetened Almondmilk,Lime Sparkling Water,1227,0.00037,0.024,0.025,1.64
Organic Strawberries,Cane Sugar,1216,0.00036,0.004,0.137,1.67
Organic Large Extra Fancy Fuji Apple,Organic Roma Tomato,1367,0.00041,0.018,0.045,1.92
Organic Large Extra Fancy Fuji Apple,Organic Broccoli Florets,1659,0.0005,0.021,0.048,2.08
Organic Navel Orange,Organic Banana,1201,0.00036,0.027,0.057,4.3
Bag of Organic Bananas,Organic Black Beans,9028,0.0027,0.023,0.228,1.93
Organic Summer Strawberry Bunny Fruit Snacks,Organic Baby Spinach,1165,0.00035,0.089,0.005,1.19
Organic Blueberries,Organic Garnet Sweet Potato (Yam),3062,0.00092,0.029,0.056,1.79
Limes,Organic Gala Apples,5223,0.00156,0.036,0.069,1.58
Baby Spinach Salad,Banana,1743,0.00052,0.298,0.004,2.03
Organic Baby Arugula,"Clementines, Bag",1310,0.00039,0.017,0.032,1.4
Seedless Red Grapes,Organic Grade A Free Range Large Brown Eggs,2156,0.00064,0.025,0.052,1.99
Iceberg Lettuce,Roma Tomato,1067,0.00032,0.079,0.025,6.31
Jalapeno Peppers,Fresh Ginger Root,1663,0.0005,0.037,0.065,4.92
Toasted Coconut Almondmilk Blend,Organic Avocado,1220,0.00036,0.091,0.007,1.66
Organic Rolled Oats,Banana,1356,0.00041,0.204,0.003,1.39
Organic Baby Arugula,Whipped Cream Cheese,1417,0.00042,0.019,0.044,1.94
Unsalted Pure Irish Butter,Banana,3029,0.00091,0.147,0.006,1.0
Apple Honeycrisp Organic,Organic Romaine,1019,0.0003,0.012,0.041,1.58
Organic Unsweetened Almond Milk,Large Lemon,4018,0.0012,0.067,0.025,1.39
100% Whole Wheat Bread,Organic Large Brown Grade AA Cage Free Eggs,1862,0.00056,0.03,0.056,2.97
Bag of Organic Bananas,Emmentaler Swiss Slices,1561,0.00047,0.004,0.182,1.54
Banana,Grapefruit Juice,1011,0.0003,0.002,0.194,1.32
Extra Virgin Olive Oil,Pure Irish Butter,1038,0.00031,0.02,0.029,1.88
Bag of Organic Bananas,Reduced Fat Milk 100% Lactose Free,1260,0.00038,0.003,0.119,1.01
Organic Riced Cauliflower,Organic Hass Avocado,1090,0.00033,0.119,0.005,1.8
Total 2% All Natural Greek Strained Yogurt with Honey,Total 0% Nonfat Greek Yogurt,1170,0.00035,0.049,0.042,5.89
Organic Multigrain Waffles,Banana,2889,0.00086,0.26,0.006,1.77
Yellow Onions,Organic Unsweetened Almond Milk,1794,0.00054,0.023,0.03,1.3
Green Onions,Roma Tomato,1829,0.00055,0.065,0.043,5.19
Organic Baby Spinach,Whipped Cream Cheese,4468,0.00134,0.018,0.138,1.84
Vanilla Skyr Nonfat Yogurt,Banana,4602,0.00138,0.244,0.009,1.66
Organic Baby Spinach Salad,Organic Baby Carrots,1169,0.00035,0.064,0.015,2.64
No Salt Added Black Beans,Organic Extra Firm Tofu,1491,0.00045,0.051,0.049,5.64
Organic Navel Orange,Strawberries,2093,0.00063,0.047,0.014,1.05
Organic Italian Parsley Bunch,Organic Small Bunch Celery,7681,0.0023,0.122,0.109,5.77
Organic Baby Spinach,No Salt Added Black Beans,6233,0.00186,0.025,0.214,2.84
Organic Navel Orange,Organic Baby Carrots,2101,0.00063,0.047,0.026,1.95
Organic Red Bell Pepper,Limes,6784,0.00203,0.113,0.046,2.58
Organic Large Grade AA Brown Eggs,Organic Hass Avocado,4158,0.00124,0.156,0.019,2.37
Total 2% Lowfat Greek Strained Yogurt With Blueberry,Large Lemon,1522,0.00045,0.071,0.009,1.48
100% Whole Wheat Bread,Raspberries,1001,0.0003,0.016,0.016,0.87
Ground Turkey Breast,Organic Baby Carrots,1478,0.00044,0.053,0.018,2.22
Bag of Organic Bananas,Gluten Free Chocolate Chip Cookies,1652,0.00049,0.004,0.171,1.45
Small Hass Avocado,Organic Baby Broccoli,1112,0.00033,0.021,0.034,2.15
Organic Whole Milk,Organic White Onions,1395,0.00042,0.01,0.057,1.33
Red Raspberries,Organic Hass Avocado,2761,0.00083,0.1,0.013,1.51
100% Whole Wheat Bread,Large Lemon,3899,0.00117,0.062,0.024,1.29
Apple Honeycrisp Organic,"Milk, Organic, Vitamin D",1255,0.00038,0.014,0.06,2.32
Organic Cucumber,Organic Red Cabbage,1630,0.00049,0.019,0.104,4.1
Unsweetened Almondmilk,Organic Fuji Apple,1964,0.00059,0.038,0.021,1.37
Sparkling Natural Mineral Water,Large Lemon,2704,0.00081,0.06,0.017,1.26
Organic Whole Strawberries,Organic Unsweetened Almond Milk,2243,0.00067,0.069,0.037,3.83
Seedless Red Grapes,Total 2% All Natural Greek Strained Yogurt with Honey,1015,0.0003,0.012,0.043,1.64
Apple Honeycrisp Organic,Organic Baby Rainbow Carrots,1264,0.00038,0.014,0.061,2.36
Roasted Red Pepper Hummus,Large Lemon,1486,0.00044,0.083,0.009,1.73
Organic Milk,Organic Fat Free Milk,1109,0.00033,0.038,0.04,4.69
Organic Garbanzo Beans,Organic Peeled Whole Baby Carrots,1205,0.00036,0.039,0.021,2.23
Yellow Bell Pepper,Fresh Cauliflower,1415,0.00042,0.053,0.019,2.4
Michigan Organic Kale,Total Greek Strained Yogurt,1002,0.0003,0.014,0.037,1.75
Limes,Organic Baby Rainbow Carrots,1369,0.00041,0.009,0.067,1.52
Major Dickason's Blend Ground Coffee Dark Roast,Banana,1254,0.00037,0.203,0.003,1.38
Organic Garlic,Unsweetened Vanilla Almond Milk,1000,0.0003,0.009,0.036,1.07
Organic Russet Potato,Organic Yellow Onion,5422,0.00162,0.161,0.046,4.57
Bag of Organic Bananas,Organic Broccoli Florets,7573,0.00226,0.019,0.221,1.87
Bag of Organic Bananas,Organic Hass Avocado,64761,0.01935,0.164,0.293,2.48
Organic Baby Spinach,Creamy Almond Butter,3754,0.00112,0.015,0.168,2.23
Blueberries,Organic Blackberries,3983,0.00119,0.068,0.062,3.54
Organic Blueberries,Total Greek Strained Yogurt,1393,0.00042,0.013,0.051,1.62
Organic Spring Mix,Organic Grape Tomatoes,2382,0.00071,0.072,0.027,2.73
Shredded Parmesan,Organic Grape Tomatoes,2581,0.00077,0.068,0.029,2.6
Banana,Michigan Organic Kale,16076,0.0048,0.033,0.229,1.56
Organic Diced Tomatoes,Carrots,1841,0.00055,0.081,0.024,3.59
Organic Red On the Vine Tomato,Organic Avocado,1674,0.0005,0.141,0.009,2.57
Organic Roma Tomato,Organic Hass Avocado,4638,0.00139,0.152,0.021,2.3
Organic Cottage Cheese,Organic Baby Spinach,1279,0.00038,0.156,0.005,2.08
Sharp Cheddar Cheese,No Salt Added Black Beans,1050,0.00031,0.033,0.036,3.83
Organic Leek,Cucumber Kirby,1030,0.00031,0.05,0.01,1.69
Organic Yellow Onion,Organic Yellow Peaches,1482,0.00044,0.013,0.067,1.92
Organic Red Bell Pepper,Organic Cucumber,6480,0.00194,0.108,0.076,4.26
Jalapeno Peppers,Grated Parmesan,1021,0.00031,0.023,0.022,1.64
Bunched Cilantro,"Flat Parsley, Bunch",1816,0.00054,0.038,0.129,9.12
Organic Mint,Organic Garlic,2828,0.00085,0.138,0.025,4.05
Baby Cucumbers,Rainbow Bell Peppers,1944,0.00058,0.129,0.162,36.1
Yellow Onions,Organic Blackberries,2022,0.0006,0.026,0.031,1.36
Green Onions,Fresh Cauliflower,1197,0.00036,0.043,0.016,1.93
Total 2% All Natural Greek Strained Yogurt with Honey,Total 2% Lowfat Greek Strained Yogurt with Peach,3816,0.00114,0.16,0.186,26.06
Red Peppers,Sparkling Water Grapefruit,1828,0.00055,0.031,0.023,1.33
Organic Diced Tomatoes,Organic Italian Parsley Bunch,1421,0.00042,0.062,0.023,3.3
Organic Rosemary,Limes,1199,0.00036,0.111,0.008,2.54
Organic Whole Milk,Original No Pulp 100% Florida Orange Juice,1372,0.00041,0.01,0.068,1.59
Red Raspberries,Organic Zucchini,1824,0.00055,0.066,0.017,2.01
Large Alfresco Eggs,Unsweetened Almondmilk,1586,0.00047,0.038,0.031,2.43
Organic Sliced White Mushrooms,Organic Yellow Onion,1121,0.00034,0.132,0.01,3.74
Small Hass Avocado,Organic Black Beans,1276,0.00038,0.024,0.032,2.07
Organic Whole Grassmilk Milk,Organic Garlic,1041,0.00031,0.065,0.009,1.92
Organic Broccoli Florets,Asparagus,1137,0.00034,0.033,0.016,1.56
Trilogy Kombucha Drink,Synergy Organic Kombucha Gingerberry,2516,0.00075,0.144,0.271,52.06
Bag of Organic Bananas,California Sourdough Bread,1421,0.00042,0.004,0.191,1.62
Bag of Organic Bananas,Organic Rolled Oats,1569,0.00047,0.004,0.236,2.0
Broccoli Crown,Organic Blackberries,1653,0.00049,0.037,0.026,1.9
Butternut Squash,Large Lemon,1173,0.00035,0.119,0.007,2.47
Pure Coconut Water,Organic Raspberries,1448,0.00043,0.077,0.01,1.8
Watermelon Chunks,Organic Cucumber,1293,0.00039,0.051,0.015,2.0
Organic Grade A Free Range Large Brown Eggs,Michigan Organic Kale,1651,0.00049,0.039,0.024,1.89
Boneless Skinless Chicken Breasts,Half & Half,1642,0.00049,0.031,0.023,1.46
Organic Half & Half,Cucumber Kirby,2532,0.00076,0.032,0.025,1.08
Organic Navel Orange,Apple Honeycrisp Organic,4148,0.00124,0.093,0.048,3.56
Banana,Organic Green Seedless Grapes,3596,0.00107,0.007,0.161,1.1
Banana,Organic 21 Grain Thin Sliced Bread,2480,0.00074,0.005,0.202,1.38
Organic No Salt Added Diced Tomatoes,Organic Avocado,1399,0.00042,0.131,0.008,2.38
Organic Fresh Basil,Organic Hass Avocado,1845,0.00055,0.151,0.008,2.29
Grade A Large Eggs Cage Free Omega 3,Banana,2676,0.0008,0.294,0.005,2.0
Organic Black Beans,Asparagus,1464,0.00044,0.037,0.021,1.74
Organic D'Anjou Pears,Organic Small Bunch Celery,2823,0.00084,0.056,0.04,2.63
Organic Navel Orange,Organic Yellow Onion,3971,0.00119,0.089,0.034,2.53
Bag of Organic Bananas,Organic Kale Greens,1368,0.00041,0.003,0.186,1.58
Organic Zucchini,Organic Ginger Root,4991,0.00149,0.046,0.092,2.82
Unsalted Pure Irish Butter,Organic Strawberries,2504,0.00075,0.122,0.009,1.48
Organic Raspberries,Organic Green Seedless Grapes,2658,0.00079,0.019,0.119,2.79
Orange Bell Pepper,Michigan Organic Kale,1821,0.00054,0.044,0.026,2.12
Organic Ketchup,Organic Whole Milk,1303,0.00039,0.082,0.009,1.92
Frozen Organic Wild Blueberries,Organic Yellow Onion,2759,0.00082,0.089,0.023,2.53
"YoKids Squeezers Organic Low-Fat Yogurt, Strawberry",Organic Blueberries,1012,0.0003,0.05,0.01,1.58
Organic Creamy Peanut Butter,Large Lemon,1402,0.00042,0.075,0.009,1.55
Extra Virgin Olive Oil,Organic Granny Smith Apple,1403,0.00042,0.027,0.023,1.47
Organic Shredded Carrots,Organic Italian Parsley Bunch,1079,0.00032,0.051,0.017,2.72
Total 0% Nonfat Greek Yogurt,Organic Hass Avocado,2831,0.00085,0.102,0.013,1.54
Extra Virgin Olive Oil,Organic Italian Parsley Bunch,2477,0.00074,0.047,0.039,2.51
Guacamole,Honeycrisp Apple,1130,0.00034,0.061,0.014,2.44
Organic Chicken Broth,Organic Zucchini,1008,0.0003,0.086,0.009,2.62
Red Grapefruit,Organic Hass Avocado,1218,0.00036,0.205,0.006,3.11
Sustainably Soft Bath Tissue,Organic Yellow Onion,1130,0.00034,0.059,0.01,1.69
Strawberries,Lime Sparkling Water,2270,0.00068,0.015,0.047,1.05
Unsweetened Original Almond Breeze Almond Milk,Organic Half & Half,1245,0.00037,0.035,0.016,1.46
Plain Bagels,Whipped Cream Cheese,1108,0.00033,0.103,0.034,10.72
Unsweetened Vanilla Almond Milk,Organic Zucchini,1526,0.00046,0.055,0.014,1.69
Fat Free Strawberry Yogurt,Total 0% Blueberry Acai Greek Yogurt,1115,0.00033,0.11,0.181,59.56
Jalapeno Peppers,Serrano Chile Peppers,1079,0.00032,0.024,0.129,9.72
